byte,input,output,counter_before,lfsr_before,positions_before,step_mask,center_mask,center_input,center_output,counter_after,lfsr_after,positions_after
0,00,fa,0000000000000000,f4945e1ad9283950,48b10cb8,03,ea,eb,01,0000000000000001,7a4a2f0d6c941ca8,49b20cb8
1,49,33,0000000000000001,7a4a2f0d6c941ca8,49b20cb8,02,06,5b,5d,0000000000000002,3d251786b64a0e54,49b30cb8
2,92,3f,0000000000000002,3d251786b64a0e54,49b30cb8,0a,9c,21,bd,0000000000000003,1e928bc35b25072a,49b40cb9
3,db,13,0000000000000003,1e928bc35b25072a,49b40cb9,02,98,9f,07,0000000000000004,0f4945e1ad928395,49b50cb9
4,25,3d,0000000000000004,0f4945e1ad928395,49b50cb9,04,68,94,fc,0000000000000005,dfa4a2f0d6c941ca,49b50db9
5,6c,f6,0000000000000005,dfa4a2f0d6c941ca,49b50db9,02,22,b8,9a,0000000000000006,6fd251786b64a0e5,49b60db9
6,b7,89,0000000000000006,6fd251786b64a0e5,49b60db9,09,97,94,03,0000000000000007,efe928bc35b25072,4ab60dba
7,fe,a4,0000000000000007,efe928bc35b25072,4ab60dba,06,bc,d9,65,0000000000000008,77f4945e1ad92839,4ab70eba
8,4a,ab,0000000000000008,77f4945e1ad92839,4ab70eba,08,8b,a7,2c,0000000000000009,e3fa4a2f0d6c941c,4ab70ebb
9,93,82,0000000000000009,e3fa4a2f0d6c941c,4ab70ebb,0f,c1,8b,4a,000000000000000a,71fd251786b64a0e,4bb80fbc
10,d8,39,000000000000000a,71fd251786b64a0e,4bb80fbc,06,02,94,96,000000000000000b,38fe928bc35b2507,4bb910bc
11,21,0b,000000000000000b,38fe928bc35b2507,4bb910bc,07,b9,cd,74,000000000000000c,c47f4945e1ad9283,4cba11bc
12,6f,ae,000000000000000c,c47f4945e1ad9283,4cba11bc,01,91,d7,46,000000000000000d,ba3fa4a2f0d6c941,4dba11bc
13,b6,19,000000000000000d,ba3fa4a2f0d6c941,4dba11bc,0a,85,30,b5,000000000000000e,851fd251786b64a0,4dbb11bd
14,fd,d1,000000000000000e,851fd251786b64a0,4dbb11bd,05,56,43,15,000000000000000f,428fe928bc35b250,4ebb12bd
15,44,c5,000000000000000f,428fe928bc35b250,4ebb12bd,02,1b,f3,e8,0000000000000010,2147f4945e1ad928,4ebc12bd
16,94,b1,0000000000000010,2147f4945e1ad928,4ebc12bd,0c,50,84,d4,0000000000000011,10a3fa4a2f0d6c94,4ebc13be
17,dd,7d,0000000000000011,10a3fa4a2f0d6c94,4ebc13be,0f,46,17,51,0000000000000012,0851fd251786b64a,4fbd14bf
18,26,ea,0000000000000012,0851fd251786b64a,4fbd14bf,07,ef,d6,39,0000000000000013,0428fe928bc35b25,50be15bf
19,6f,ac,0000000000000013,0428fe928bc35b25,50be15bf,0c,08,54,5c,0000000000000014,da147f4945e1ad92,50be16c0
20,b1,c4,0000000000000014,da147f4945e1ad92,50be16c0,03,ec,ca,26,0000000000000015,6d0a3fa4a2f0d6c9,51bf16c0
21,f8,66,0000000000000015,6d0a3fa4a2f0d6c9,51bf16c0,02,06,7e,78,0000000000000016,ee851fd251786b64,51c016c0
22,43,1e,0000000000000016,ee851fd251786b64,51c016c0,03,51,81,d0,0000000000000017,77428fe928bc35b2,52c116c0
23,8a,10,0000000000000017,77428fe928bc35b2,52c116c0,0d,8e,66,e8,0000000000000018,3ba147f4945e1ad9,53c117c1
24,de,3d,0000000000000018,3ba147f4945e1ad9,53c117c1,05,54,a8,fc,0000000000000019,c5d0a3fa4a2f0d6c,54c118c1
25,27,49,0000000000000019,c5d0a3fa4a2f0d6c,54c118c1,0e,89,91,18,000000000000001a,62e851fd251786b6,54c219c2
26,6c,e2,000000000000001a,62e851fd251786b6,54c219c2,0e,91,df,4e,000000000000001b,317428fe928bc35b,54c31ac3
27,b5,dd,000000000000001b,317428fe928bc35b,54c31ac3,0b,fe,6e,90,000000000000001c,c0ba147f4945e1ad,55c41ac4
28,fb,83,000000000000001c,c0ba147f4945e1ad,55c41ac4,01,ef,60,8f,000000000000001d,b85d0a3fa4a2f0d6,56c41ac4
29,42,47,000000000000001d,b85d0a3fa4a2f0d6,56c41ac4,00,6e,69,07,000000000000001e,5c2e851fd251786b,56c41ac4
30,89,9b,000000000000001e,5c2e851fd251786b,56c41ac4,02,ea,4a,a0,000000000000001f,f617428fe928bc35,56c51ac4
31,d0,69,000000000000001f,f617428fe928bc35,56c51ac4,06,c9,74,bd,0000000000000020,a30ba147f4945e1a,56c61bc4
32,28,e3,0000000000000020,a30ba147f4945e1a,56c61bc4,08,76,22,54,0000000000000021,5185d0a3fa4a2f0d,56c61bc5
33,61,86,0000000000000021,5185d0a3fa4a2f0d,56c61bc5,06,4a,e7,ad,0000000000000022,f0c2e851fd251786,56c71cc5
34,ba,ea,0000000000000022,f0c2e851fd251786,56c71cc5,05,c5,1a,df,0000000000000023,78617428fe928bc3,57c71dc5
35,f3,1f,0000000000000023,78617428fe928bc3,57c71dc5,02,d5,0a,df,0000000000000024,e430ba147f4945e1,57c81dc5
36,4d,d9,0000000000000024,e430ba147f4945e1,57c81dc5,04,ce,eb,25,0000000000000025,aa185d0a3fa4a2f0,57c81ec5
37,84,bc,0000000000000025,aa185d0a3fa4a2f0,57c81ec5,00,7e,a3,dd,0000000000000026,550c2e851fd25178,57c81ec5
38,df,46,0000000000000026,550c2e851fd25178,57c81ec5,03,c0,c7,07,0000000000000027,2a8617428fe928bc,58c91ec5
39,16,a3,0000000000000027,2a8617428fe928bc,58c91ec5,00,86,72,f4,0000000000000028,15430ba147f4945e,58c91ec5
40,62,1f,0000000000000028,15430ba147f4945e,58c91ec5,02,0d,25,28,0000000000000029,0aa185d0a3fa4a2f,58ca1ec5
41,bb,07,0000000000000029,0aa185d0a3fa4a2f,58ca1ec5,02,e0,9a,7a,000000000000002a,dd50c2e851fd2517,58cb1ec5
42,f0,d5,000000000000002a,dd50c2e851fd2517,58cb1ec5,0d,f1,57,a6,000000000000002b,b6a8617428fe928b,59cb1fc6
43,49,b6,000000000000002b,b6a8617428fe928b,59cb1fc6,0b,7b,22,59,000000000000002c,835430ba147f4945,5acc1fc7
44,87,08,000000000000002c,835430ba147f4945,5acc1fc7,0f,c9,0e,c7,000000000000002d,99aa185d0a3fa4a2,5bcd20c8
45,de,99,000000000000002d,99aa185d0a3fa4a2,5bcd20c8,04,6f,71,1e,000000000000002e,4cd50c2e851fd251,5bcd21c8
46,15,0f,000000000000002e,4cd50c2e851fd251,5bcd21c8,00,c8,09,c1,000000000000002f,fe6a8617428fe928,5bcd21c8
47,6c,01,000000000000002f,fe6a8617428fe928,5bcd21c8,07,12,52,40,0000000000000030,7f35430ba147f494,5cce22c8
48,bc,1e,0000000000000030,7f35430ba147f494,5cce22c8,0a,90,df,4f,0000000000000031,3f9aa185d0a3fa4a,5ccf22c9
49,f5,2b,0000000000000031,3f9aa185d0a3fa4a,5ccf22c9,0d,73,a2,d1,0000000000000032,1fcd50c2e851fd25,5dcf23ca
50,4e,97,0000000000000032,1fcd50c2e851fd25,5dcf23ca,0a,7a,a2,d8,0000000000000033,d7e6a8617428fe92,5dd023cb
51,87,a0,0000000000000033,d7e6a8617428fe92,5dd023cb,04,8f,00,8f,0000000000000034,6bf35430ba147f49,5dd024cb
52,d9,93,0000000000000034,6bf35430ba147f49,5dd024cb,0a,28,64,4c,0000000000000035,edf9aa185d0a3fa4,5dd124cc
53,10,c9,0000000000000035,edf9aa185d0a3fa4,5dd124cc,03,30,d1,e1,0000000000000036,76fcd50c2e851fd2,5ed224cc
54,6b,f8,0000000000000036,76fcd50c2e851fd2,5ed224cc,04,7e,04,7a,0000000000000037,3b7e6a8617428fe9,5ed225cc
55,a2,c9,0000000000000037,3b7e6a8617428fe9,5ed225cc,05,3b,67,5c,0000000000000038,c5bf35430ba147f4,5fd226cc
56,f6,15,0000000000000038,c5bf35430ba147f4,5fd226cc,03,ba,42,f8,0000000000000039,62df9aa185d0a3fa,60d326cc
57,4f,1d,0000000000000039,62df9aa185d0a3fa,60d326cc,01,e6,54,b2,000000000000003a,316fcd50c2e851fd,61d326cc
58,84,c1,000000000000003a,316fcd50c2e851fd,61d326cc,0e,6c,14,78,000000000000003b,c0b7e6a8617428fe,61d427cd
59,dd,f5,000000000000003b,c0b7e6a8617428fe,61d427cd,0d,ea,d0,3a,000000000000003c,605bf35430ba147f,62d428ce
60,13,37,000000000000003c,605bf35430ba147f,62d428ce,03,5b,88,d3,000000000000003d,e82df9aa185d0a3f,63d528ce
61,6a,9e,000000000000003d,e82df9aa185d0a3f,63d528ce,06,04,a4,a0,000000000000003e,ac16fcd50c2e851f,63d629ce
62,a1,04,000000000000003e,ac16fcd50c2e851f,63d629ce,0c,46,36,70,000000000000003f,8e0b7e6a8617428f,63d62acf
63,f8,46,000000000000003f,8e0b7e6a8617428f,63d62acf,0c,44,31,75,0000000000000040,9f05bf35430ba147,63d62bd0
64,50,f7,0000000000000040,9f05bf35430ba147,63d62bd0,06,2b,f4,df,0000000000000041,9782df9aa185d0a3,63d72cd0
65,99,e6,0000000000000041,9782df9aa185d0a3,63d72cd0,05,9f,0b,94,0000000000000042,93c16fcd50c2e851,64d72dd0
66,c2,78,0000000000000042,93c16fcd50c2e851,64d72dd0,0b,cf,9e,51,0000000000000043,91e0b7e6a8617428,65d82dd1
67,0b,dd,0000000000000043,91e0b7e6a8617428,65d82dd1,0b,99,6f,f6,0000000000000044,48f05bf35430ba14,66d92dd2
68,75,60,0000000000000044,48f05bf35430ba14,66d92dd2,0f,48,25,6d,0000000000000045,24782df9aa185d0a,67da2ed3
69,bc,65,0000000000000045,24782df9aa185d0a,67da2ed3,06,1f,77,68,0000000000000046,123c16fcd50c2e85,67db2fd3
70,e7,2d,0000000000000046,123c16fcd50c2e85,67db2fd3,01,4d,44,09,0000000000000047,d11e0b7e6a861742,68db2fd3
71,2e,d4,0000000000000047,d11e0b7e6a861742,68db2fd3,02,18,c4,dc,0000000000000048,688f05bf35430ba1,68dc2fd3
72,9a,3b,0000000000000048,688f05bf35430ba1,68dc2fd3,0d,54,88,dc,0000000000000049,ec4782df9aa185d0,69dc30d4
73,c3,41,0000000000000049,ec4782df9aa185d0,69dc30d4,02,90,3c,ac,000000000000004a,7623c16fcd50c2e8,69dd30d4
74,08,1c,000000000000004a,7623c16fcd50c2e8,69dd30d4,0c,97,79,ee,000000000000004b,3b11e0b7e6a86174,69dd31d5
75,71,50,000000000000004b,3b11e0b7e6a86174,69dd31d5,06,c0,66,a6,000000000000004c,1d88f05bf35430ba,69de32d5
76,bf,94,000000000000004c,1d88f05bf35430ba,69de32d5,04,ef,33,dc,000000000000004d,0ec4782df9aa185d,69de33d5
77,e6,b6,000000000000004d,0ec4782df9aa185d,69de33d5,0a,63,b9,da,000000000000004e,df623c16fcd50c2e,69df33d6
78,2d,25,000000000000004e,df623c16fcd50c2e,69df33d6,06,5c,b6,ea,000000000000004f,6fb11e0b7e6a8617,69e034d6
79,94,e7,000000000000004f,6fb11e0b7e6a8617,69e034d6,08,64,d3,b7,0000000000000050,efd88f05bf35430b,69e034d7
80,c4,a5,0000000000000050,efd88f05bf35430b,69e034d7,02,3f,97,a8,0000000000000051,afec4782df9aa185,69e134d7
81,0d,a3,0000000000000051,afec4782df9aa185,69e134d7,06,32,9c,ae,0000000000000052,8ff623c16fcd50c2,69e235d7
82,76,e5,0000000000000052,8ff623c16fcd50c2,69e235d7,0b,35,47,72,0000000000000053,47fb11e0b7e6a861,6ae335d8
83,bf,9e,0000000000000053,47fb11e0b7e6a861,6ae335d8,0a,74,17,63,0000000000000054,fbfd88f05bf35430,6ae435d9
84,e1,7d,0000000000000054,fbfd88f05bf35430,6ae435d9,00,32,f4,c6,0000000000000055,7dfec4782df9aa18,6ae435d9
85,28,4b,0000000000000055,7dfec4782df9aa18,6ae435d9,06,b8,5d,e5,0000000000000056,3eff623c16fcd50c,6ae536d9
86,93,71,0000000000000056,3eff623c16fcd50c,6ae536d9,05,8f,e0,6f,0000000000000057,1f7fb11e0b7e6a86,6be537d9
87,da,32,0000000000000057,1f7fb11e0b7e6a86,6be537d9,0a,7c,66,1a,0000000000000058,0fbfd88f05bf3543,6be637da
88,0e,af,0000000000000058,0fbfd88f05bf3543,6be637da,06,58,3a,62,0000000000000059,dfdfec4782df9aa1,6be738da
89,77,71,0000000000000059,dfdfec4782df9aa1,6be738da,0b,72,d1,a3,000000000000005a,b7eff623c16fcd50,6ce838db
90,bc,1c,000000000000005a,b7eff623c16fcd50,6ce838db,09,90,10,80,000000000000005b,5bf7fb11e0b7e6a8,6de838dc
91,e5,ff,000000000000005b,5bf7fb11e0b7e6a8,6de838dc,0d,75,f4,81,000000000000005c,2dfbfd88f05bf354,6ee839dd
92,2b,f1,000000000000005c,2dfbfd88f05bf354,6ee839dd,01,96,e5,73,000000000000005d,16fdfec4782df9aa,6fe839dd
93,92,2a,000000000000005d,16fdfec4782df9aa,6fe839dd,04,62,2b,49,000000000000005e,0b7eff623c16fcd5,6fe83add
94,d9,4b,000000000000005e,0b7eff623c16fcd5,6fe83add,07,7f,2b,54,000000000000005f,ddbf7fb11e0b7e6a,70e93bdd
95,00,07,000000000000005f,ddbf7fb11e0b7e6a,70e93bdd,0c,f5,d8,2d,0000000000000060,6edfbfd88f05bf35,70e93cde
96,78,34,0000000000000060,6edfbfd88f05bf35,70e93cde,0a,73,7c,0f,0000000000000061,ef6fdfec4782df9a,70ea3cdf
97,b1,49,0000000000000061,ef6fdfec4782df9a,70ea3cdf,06,0c,e8,e4,0000000000000062,77b7eff623c16fcd,70eb3ddf
98,ea,ef,0000000000000062,77b7eff623c16fcd,70eb3ddf,0a,82,1f,9d,0000000000000063,e3dbf7fb11e0b7e6,70ec3de0
99,23,37,0000000000000063,e3dbf7fb11e0b7e6,70ec3de0,0f,87,0e,89,0000000000000064,71edfbfd88f05bf3,71ed3ee1
100,9d,c5,0000000000000064,71edfbfd88f05bf3,71ed3ee1,03,20,74,54,0000000000000065,e0f6fdfec4782df9,72ee3ee1
101,d4,1b,0000000000000065,e0f6fdfec4782df9,72ee3ee1,08,f4,11,e5,0000000000000066,a87b7eff623c16fc,72ee3ee2
102,0f,44,0000000000000066,a87b7eff623c16fc,72ee3ee2,03,64,9b,ff,0000000000000067,543dbf7fb11e0b7e,73ef3ee2
103,46,cd,0000000000000067,543dbf7fb11e0b7e,73ef3ee2,05,5e,d9,87,0000000000000068,2a1edfbfd88f05bf,74ef3fe2
104,b2,8c,0000000000000068,2a1edfbfd88f05bf,74ef3fe2,0e,1f,ab,b4,0000000000000069,cd0f6fdfec4782df,74f040e3
105,eb,56,0000000000000069,cd0f6fdfec4782df,74f040e3,09,f8,71,89,000000000000006a,be87b7eff623c16f,75f040e4
106,20,6f,000000000000006a,be87b7eff623c16f,75f040e4,08,6f,3a,55,000000000000006b,8743dbf7fb11e0b7,75f040e5
107,99,2f,000000000000006b,8743dbf7fb11e0b7,75f040e5,0d,06,63,65,000000000000006c,9ba1edfbfd88f05b,76f041e6
108,d7,43,000000000000006c,9ba1edfbfd88f05b,76f041e6,09,79,e0,99,000000000000006d,95d0f6fdfec4782d,77f041e7
109,0e,bb,000000000000006d,95d0f6fdfec4782d,77f041e7,0e,27,83,a4,000000000000006e,92e87b7eff623c16,77f142e8
110,45,bc,000000000000006e,92e87b7eff623c16,77f142e8,05,9f,1d,82,000000000000006f,49743dbf7fb11e0b,78f143e8
111,bc,30,000000000000006f,49743dbf7fb11e0b,78f143e8,05,aa,5c,f6,0000000000000070,fcba1edfbfd88f05,79f144e8
112,ec,0a,0000000000000070,fcba1edfbfd88f05,79f144e8,0e,fa,e1,1b,0000000000000071,a65d0f6fdfec4782,79f245e9
113,25,5f,0000000000000071,a65d0f6fdfec4782,79f245e9,0c,5d,ad,f0,0000000000000072,532e87b7eff623c1,79f246ea
114,9e,76,0000000000000072,532e87b7eff623c1,79f246ea,0c,46,92,d4,0000000000000073,f19743dbf7fb11e0,79f247eb
115,d7,11,0000000000000073,f19743dbf7fb11e0,79f247eb,02,18,2b,33,0000000000000074,78cba1edfbfd88f0,79f347eb
116,09,8e,0000000000000074,78cba1edfbfd88f0,79f347eb,0e,15,a1,b4,0000000000000075,3c65d0f6fdfec478,79f448ec
117,40,1f,0000000000000075,3c65d0f6fdfec478,79f448ec,09,d7,07,d0,0000000000000076,1e32e87b7eff623c,7af448ed
118,bb,20,0000000000000076,1e32e87b7eff623c,7af448ed,01,80,66,e6,0000000000000077,0f19743dbf7fb11e,7bf448ed
119,f2,73,0000000000000077,0f19743dbf7fb11e,7bf448ed,0b,26,f4,d2,0000000000000078,078cba1edfbfd88f,7cf548ee
120,26,71,0000000000000078,078cba1edfbfd88f,7cf548ee,0a,f8,c9,31,0000000000000079,dbc65d0f6fdfec47,7cf648ef
121,9f,98,0000000000000079,dbc65d0f6fdfec47,7cf648ef,0e,6a,39,53,000000000000007a,b5e32e87b7eff623,7cf749f0
122,d4,fb,000000000000007a,b5e32e87b7eff623,7cf749f0,04,1c,b7,ab,000000000000007b,82f19743dbf7fb11,7cf74af0
123,0d,44,000000000000007b,82f19743dbf7fb11,7cf74af0,07,ce,96,58,000000000000007c,9978cba1edfbfd88,7df84bf0
124,43,13,000000000000007c,9978cba1edfbfd88,7df84bf0,08,ff,69,96,000000000000007d,4cbc65d0f6fdfec4,7df84bf1
125,ba,b8,000000000000007d,4cbc65d0f6fdfec4,7df84bf1,0e,a4,96,32,000000000000007e,265e32e87b7eff62,7df94cf2
126,f1,90,000000000000007e,265e32e87b7eff62,7df94cf2,03,9e,d9,47,000000000000007f,132f19743dbf7fb1,7efa4cf2
127,28,69,000000000000007f,132f19743dbf7fb1,7efa4cf2,0f,27,b1,96,0000000000000080,d1978cba1edfbfd8,7ffb4df3
128,a0,8b,0000000000000080,d1978cba1edfbfd8,7ffb4df3,02,20,6e,4e,0000000000000081,68cbc65d0f6fdfec,7ffc4df3
129,e9,8b,0000000000000081,68cbc65d0f6fdfec,7ffc4df3,04,c8,df,17,0000000000000082,3465e32e87b7eff6,7ffc4ef3
130,32,62,0000000000000082,3465e32e87b7eff6,7ffc4ef3,0c,94,f4,60,0000000000000083,1a32f19743dbf7fb,7ffc4ff4
131,7b,0a,0000000000000083,1a32f19743dbf7fb,7ffc4ff4,08,2b,4d,66,0000000000000084,d51978cba1edfbfd,7ffc4ff5
132,85,61,0000000000000084,d51978cba1edfbfd,7ffc4ff5,05,08,ae,a6,0000000000000085,b28cbc65d0f6fdfe,80fc50f5
133,cc,5f,0000000000000085,b28cbc65d0f6fdfe,80fc50f5,0d,3c,23,1f,0000000000000086,59465e32e87b7eff,81fc51f6
134,17,60,0000000000000086,59465e32e87b7eff,81fc51f6,02,7c,40,3c,0000000000000087,f4a32f19743dbf7f,81fd51f6
135,5e,f8,0000000000000087,f4a32f19743dbf7f,81fd51f6,0d,2f,f6,d9,0000000000000088,a251978cba1edfbf,82fd52f7
136,ea,61,0000000000000088,a251978cba1edfbf,82fd52f7,09,13,b0,a3,0000000000000089,8928cbc65d0f6fdf,83fd52f8
137,33,5d,0000000000000089,8928cbc65d0f6fdf,83fd52f8,0c,0d,10,1d,000000000000008a,9c9465e32e87b7ef,83fd53f9
138,78,cd,000000000000008a,9c9465e32e87b7ef,83fd53f9,06,45,9c,d9,000000000000008b,964a32f19743dbf7,83fe54f9
139,81,6f,000000000000008b,964a32f19743dbf7,83fe54f9,07,b6,65,d3,000000000000008c,93251978cba1edfb,84ff55f9
140,cf,72,000000000000008c,93251978cba1edfb,84ff55f9,0a,45,59,1c,000000000000008d,91928cbc65d0f6fd,840055fa
141,16,db,000000000000008d,91928cbc65d0f6fd,840055fa,09,13,8f,9c,000000000000008e,90c9465e32e87b7e,850055fb
142,5d,2f,000000000000008e,90c9465e32e87b7e,850055fb,0e,76,ab,dd,000000000000008f,4864a32f19743dbf,850156fc
143,e4,0c,000000000000008f,4864a32f19743dbf,850156fc,09,8c,f4,78,0000000000000090,fc3251978cba1edf,860156fd
144,34,e3,0000000000000090,fc3251978cba1edf,860156fd,03,2f,82,ad,0000000000000091,a61928cbc65d0f6f,870256fd
145,7d,dd,0000000000000091,a61928cbc65d0f6f,870256fd,04,fc,ea,16,0000000000000092,8b0c9465e32e87b7,870257fd
146,86,fe,0000000000000092,8b0c9465e32e87b7,870257fd,0a,84,29,ad,0000000000000093,9d864a32f19743db,870357fe
147,cf,13,0000000000000093,9d864a32f19743db,870357fe,02,e2,93,71,0000000000000094,96c3251978cba1ed,870457fe
148,11,e4,0000000000000094,96c3251978cba1ed,870457fe,06,69,81,e8,0000000000000095,9361928cbc65d0f6,870558fe
149,58,a1,0000000000000095,9361928cbc65d0f6,870558fe,06,50,19,49,0000000000000096,49b0c9465e32e87b,870659fe
150,e3,22,0000000000000096,49b0c9465e32e87b,870659fe,0f,15,2b,3e,0000000000000097,fcd864a32f19743d,88075aff
151,2a,e1,0000000000000097,fcd864a32f19743d,88075aff,04,3f,a9,96,0000000000000098,a66c3251978cba1e,88075bff
152,7e,63,0000000000000098,a66c3251978cba1e,88075bff,0f,5d,3f,62,0000000000000099,53361928cbc65d0f,89085c00
153,87,cd,0000000000000099,53361928cbc65d0f,89085c00,01,f7,41,b6,000000000000009a,f19b0c9465e32e87,8a085c00
154,cc,cc,000000000000009a,f19b0c9465e32e87,8a085c00,04,00,b9,b9,000000000000009b,a0cd864a32f19743,8a085d00
155,15,3f,000000000000009b,a0cd864a32f19743,8a085d00,05,96,b1,27,000000000000009c,8866c3251978cba1,8b085e00
156,5b,e1,000000000000009c,8866c3251978cba1,8b085e00,04,dc,b9,65,000000000000009d,9c3361928cbc65d0,8b085f00
157,e2,27,000000000000009d,9c3361928cbc65d0,8b085f00,05,3b,55,6e,000000000000009e,4e19b0c9465e32e8,8c086000
158,29,da,000000000000009e,4e19b0c9465e32e8,8c086000,06,c0,45,85,000000000000009f,270cd864a32f1974,8c096100
159,70,54,000000000000009f,270cd864a32f1974,8c096100,0c,7e,d5,ab,00000000000000a0,13866c3251978cba,8c096201
160,88,e2,00000000000000a0,13866c3251978cba,8c096201,0a,6a,21,4b,00000000000000a1,09c3361928cbc65d,8c0a6202
161,c1,e4,00000000000000a1,09c3361928cbc65d,8c0a6202,0f,be,82,3c,00000000000000a2,dce19b0c9465e32e,8d0b6303
162,1a,d9,00000000000000a2,dce19b0c9465e32e,8d0b6303,0f,d8,5a,82,00000000000000a3,6e70cd864a32f197,8e0c6404
163,53,90,00000000000000a3,6e70cd864a32f197,8e0c6404,0e,ae,66,c8,00000000000000a4,ef3866c3251978cb,8e0d6505
164,ed,a5,00000000000000a4,ef3866c3251978cb,8e0d6505,0e,e1,2f,ce,00000000000000a5,af9c3361928cbc65,8e0e6606
165,24,ee,00000000000000a5,af9c3361928cbc65,8e0e6606,0f,9b,e8,73,00000000000000a6,8fce19b0c9465e32,8f0f6707
166,7f,da,00000000000000a6,8fce19b0c9465e32,8f0f6707,03,14,d5,c1,00000000000000a7,47e70cd864a32f19,90106707
167,b6,e4,00000000000000a7,47e70cd864a32f19,90106707,0e,c5,f6,33,00000000000000a8,fbf3866c3251978c,90116808
168,c2,22,00000000000000a8,fbf3866c3251978c,90116808,09,9b,97,0c,00000000000000a9,7df9c3361928cbc6,91116809
169,1b,99,00000000000000a9,7df9c3361928cbc6,91116809,06,ea,5c,b6,00000000000000aa,3efce19b0c9465e3,91126909
170,50,d1,00000000000000aa,3efce19b0c9465e3,91126909,08,1d,3f,22,00000000000000ab,c77e70cd864a32f1,9112690a
171,e9,fc,00000000000000ab,c77e70cd864a32f1,9112690a,04,96,d9,4f,00000000000000ac,bbbf3866c3251978,91126a0a
172,27,8d,00000000000000ac,bbbf3866c3251978,91126a0a,07,98,9d,05,00000000000000ad,5ddf9c3361928cbc,92136b0a
173,7e,96,00000000000000ad,5ddf9c3361928cbc,92136b0a,0c,14,a6,b2,00000000000000ae,2eefce19b0c9465e,92136c0b
174,b5,0b,00000000000000ae,2eefce19b0c9465e,92136c0b,04,f1,79,88,00000000000000af,1777e70cd864a32f,92136d0b
175,cc,8a,00000000000000af,1777e70cd864a32f,92136d0b,03,88,7b,f3,00000000000000b0,d3bbf3866c325197,93146d0b
176,1c,8b,00000000000000b0,d3bbf3866c325197,93146d0b,0d,77,23,54,00000000000000b1,b1ddf9c3361928cb,94146e0c
177,55,13,00000000000000b1,b1ddf9c3361928cb,94146e0c,03,9e,7a,e4,00000000000000b2,80eefce19b0c9465,95156e0c
178,ee,68,00000000000000b2,80eefce19b0c9465,95156e0c,08,9a,25,bf,00000000000000b3,98777e70cd864a32,95156e0d
179,27,ed,00000000000000b3,98777e70cd864a32,95156e0d,07,f2,f5,07,00000000000000b4,4c3bbf3866c32519,96166f0d
180,79,3f,00000000000000b4,4c3bbf3866c32519,96166f0d,0a,66,cb,ad,00000000000000b5,fe1ddf9c3361928c,96176f0e
181,b0,35,00000000000000b5,fe1ddf9c3361928c,96176f0e,04,af,68,c7,00000000000000b6,7f0eefce19b0c946,9617700e
182,cb,c3,00000000000000b6,7f0eefce19b0c946,9617700e,06,5a,e8,b2,00000000000000b7,3f8777e70cd864a3,9618710e
183,02,d9,00000000000000b7,3f8777e70cd864a3,9618710e,0b,b4,c6,72,00000000000000b8,c7c3bbf3866c3251,9719710f
184,56,29,00000000000000b8,c7c3bbf3866c3251,9719710f,0e,1a,79,63,00000000000000b9,bbe1ddf9c3361928,971a7210
185,ef,5d,00000000000000b9,bbe1ddf9c3361928,971a7210,09,cc,65,a9,00000000000000ba,5df0eefce19b0c94,981a7211
186,24,65,00000000000000ba,5df0eefce19b0c94,981a7211,08,fc,04,f8,00000000000000bb,2ef8777e70cd864a,981a7212
187,7d,e5,00000000000000bb,2ef8777e70cd864a,981a7212,08,28,1c,34,00000000000000bc,177c3bbf3866c325,981a7213
188,b3,59,00000000000000bc,177c3bbf3866c325,981a7213,00,ae,f9,57,00000000000000bd,d3be1ddf9c336192,981a7213
189,ca,b4,00000000000000bd,d3be1ddf9c336192,981a7213,0a,06,df,d9,00000000000000be,69df0eefce19b0c9,981b7214
190,01,a6,00000000000000be,69df0eefce19b0c9,981b7214,0e,0c,a5,a9,00000000000000bf,ecef8777e70cd864,981c7315
191,58,a1,00000000000000bf,ecef8777e70cd864,981c7315,03,4d,5f,12,00000000000000c0,7677c3bbf3866c32,991d7315
192,f0,c7,00000000000000c0,7677c3bbf3866c32,991d7315,0b,41,97,d6,00000000000000c1,3b3be1ddf9c33619,9a1e7316
193,39,03,00000000000000c1,3b3be1ddf9c33619,9a1e7316,05,b1,03,b2,00000000000000c2,c59df0eefce19b0c,9b1e7416
194,62,bd,00000000000000c2,c59df0eefce19b0c,9b1e7416,08,4f,5e,11,00000000000000c3,62cef8777e70cd86,9b1e7417
195,ab,37,00000000000000c3,62cef8777e70cd86,9b1e7417,0e,4d,54,19,00000000000000c4,31677c3bbf3866c3,9b1f7518
196,d5,1c,00000000000000c4,31677c3bbf3866c3,9b1f7518,00,04,a1,a5,00000000000000c5,c0b3be1ddf9c3361,9b1f7518
197,1c,1b,00000000000000c5,c0b3be1ddf9c3361,9b1f7518,07,bb,a5,1e,00000000000000c6,b859df0eefce19b0,9c207618
198,47,dc,00000000000000c6,b859df0eefce19b0,9c207618,0b,2f,3d,12,00000000000000c7,5c2cef8777e70cd8,9d217619
199,8e,51,00000000000000c7,5c2cef8777e70cd8,9d217619,02,86,74,f2,00000000000000c8,2e1677c3bbf3866c,9d227619
200,3a,89,00000000000000c8,2e1677c3bbf3866c,9d227619,0a,ce,e1,2f,00000000000000c9,170b3be1ddf9c336,9d23761a
201,63,68,00000000000000c9,170b3be1ddf9c336,9d23761a,07,55,da,8f,00000000000000ca,0b859df0eefce19b,9e24771a
202,a8,dc,00000000000000ca,0b859df0eefce19b,9e24771a,03,71,af,de,00000000000000cb,ddc2cef8777e70cd,9f25771a
203,d1,74,00000000000000cb,ddc2cef8777e70cd,9f25771a,0a,3b,47,7c,00000000000000cc,b6e1677c3bbf3866,9f26771b
204,1f,47,00000000000000cc,b6e1677c3bbf3866,9f26771b,00,e9,95,7c,00000000000000cd,5b70b3be1ddf9c33,9f26771b
205,46,df,00000000000000cd,5b70b3be1ddf9c33,9f26771b,0a,f2,5f,ad,00000000000000ce,f5b859df0eefce19,9f27771c
206,8d,41,00000000000000ce,f5b859df0eefce19,9f27771c,04,50,ee,be,00000000000000cf,a2dc2cef8777e70c,9f27781c
207,34,8b,00000000000000cf,a2dc2cef8777e70c,9f27781c,00,aa,90,3a,00000000000000d0,516e1677c3bbf386,9f27781c
208,64,8d,00000000000000d0,516e1677c3bbf386,9f27781c,05,9b,f7,6c,00000000000000d1,28b70b3be1ddf9c3,a027791c
209,ad,b5,00000000000000d1,28b70b3be1ddf9c3,a027791c,00,66,85,e3,00000000000000d2,cc5b859df0eefce1,a027791c
210,d6,9b,00000000000000d2,cc5b859df0eefce1,a027791c,0f,57,74,23,00000000000000d3,be2dc2cef8777e70,a1287a1d
211,1f,66,00000000000000d3,be2dc2cef8777e70,a1287a1d,02,90,7f,ef,00000000000000d4,5f16e1677c3bbf38,a1297a1d
212,41,4a,00000000000000d4,5f16e1677c3bbf38,a1297a1d,02,7a,93,e9,00000000000000d5,2f8b70b3be1ddf9c,a12a7a1d
213,88,e5,00000000000000d5,2f8b70b3be1ddf9c,a12a7a1d,0e,a7,14,b3,00000000000000d6,17c5b859df0eefce,a12b7b1e
214,33,f2,00000000000000d6,17c5b859df0eefce,a12b7b1e,0c,26,30,16,00000000000000d7,0be2dc2cef8777e7,a12b7c1f
215,7a,ea,00000000000000d7,0be2dc2cef8777e7,a12b7c1f,00,0f,72,7d,00000000000000d8,ddf16e1677c3bbf3,a12b7c1f
216,ae,4f,00000000000000d8,ddf16e1677c3bbf3,a12b7c1f,04,ab,bd,16,00000000000000d9,b6f8b70b3be1ddf9,a12b7d1f
217,d7,75,00000000000000d9,b6f8b70b3be1ddf9,a12b7d1f,08,18,58,40,00000000000000da,837c5b859df0eefc,a12b7d20
218,1c,83,00000000000000da,837c5b859df0eefc,a12b7d20,01,90,b5,25,00000000000000db,41be2dc2cef8777e,a22b7d20
219,45,27,00000000000000db,41be2dc2cef8777e,a22b7d20,06,1c,a1,bd,00000000000000dc,20df16e1677c3bbf,a22c7e20
220,8b,71,00000000000000dc,20df16e1677c3bbf,a22c7e20,04,d8,fc,24,00000000000000dd,c86f8b70b3be1ddf,a22c7f20
221,32,4d,00000000000000dd,c86f8b70b3be1ddf,a22c7f20,00,2b,56,7d,00000000000000de,bc37c5b859df0eef,a22c7f20
222,79,3d,00000000000000de,bc37c5b859df0eef,a22c7f20,0d,73,04,77,00000000000000df,861be2dc2cef8777,a32c8021
223,a0,be,00000000000000df,861be2dc2cef8777,a32c8021,0f,8e,4a,c4,00000000000000e0,9b0df16e1677c3bb,a42d8122
224,d8,05,00000000000000e0,9b0df16e1677c3bb,a42d8122,06,4c,7b,37,00000000000000e1,9586f8b70b3be1dd,a42e8222
225,11,05,00000000000000e1,9586f8b70b3be1dd,a42e8222,00,9a,86,1c,00000000000000e2,92c37c5b859df0ee,a42e8222
226,4a,46,00000000000000e2,92c37c5b859df0ee,a42e8222,0a,69,e7,8e,00000000000000e3,4961be2dc2cef877,a42f8223
227,83,b3,00000000000000e3,4961be2dc2cef877,a42f8223,00,41,29,68,00000000000000e4,fcb0df16e1677c3b,a42f8223
228,3d,94,00000000000000e4,fcb0df16e1677c3b,a42f8223,0c,ca,18,d2,00000000000000e5,a6586f8b70b3be1d,a42f8324
229,74,bd,00000000000000e5,a6586f8b70b3be1d,a42f8324,08,d2,53,81,00000000000000e6,8b2c37c5b859df0e,a42f8325
230,af,e2,00000000000000e6,8b2c37c5b859df0e,a42f8325,0c,e8,0e,e6,00000000000000e7,45961be2dc2cef87,a42f8426
231,e6,29,00000000000000e7,45961be2dc2cef87,a42f8426,0d,a3,87,24,00000000000000e8,facb0df16e1677c3,a52f8527
232,12,90,00000000000000e8,facb0df16e1677c3,a52f8527,04,68,a7,cf,00000000000000e9,a56586f8b70b3be1,a52f8627
233,4b,36,00000000000000e9,a56586f8b70b3be1,a52f8627,07,0e,55,5b,00000000000000ea,8ab2c37c5b859df0,a6308727
234,80,ce,00000000000000ea,8ab2c37c5b859df0,a6308727,0a,03,42,41,00000000000000eb,455961be2dc2cef8,a6318728
235,39,d8,00000000000000eb,455961be2dc2cef8,a6318728,08,47,72,35,00000000000000ec,22acb0df16e1677c,a6318729
236,77,a5,00000000000000ec,22acb0df16e1677c,a6318729,0e,08,75,7d,00000000000000ed,1156586f8b70b3be,a632882a
237,ae,26,00000000000000ed,1156586f8b70b3be,a632882a,02,e3,df,3c,00000000000000ee,08ab2c37c5b859df,a633882a
238,e5,0b,00000000000000ee,08ab2c37c5b859df,a633882a,03,15,20,35,00000000000000ef,dc55961be2dc2cef,a734882a
239,1c,f4,00000000000000ef,dc55961be2dc2cef,a734882a,07,48,7c,34,00000000000000f0,b62acb0df16e1677,a835892a
240,4c,7b,00000000000000f0,b62acb0df16e1677,a835892a,0b,89,16,9f,00000000000000f1,83156586f8b70b3b,a936892b
241,85,42,00000000000000f1,83156586f8b70b3b,a936892b,0d,59,41,18,00000000000000f2,998ab2c37c5b859d,aa368a2c
242,3e,18,00000000000000f2,998ab2c37c5b859d,aa368a2c,07,83,b4,37,00000000000000f3,94c55961be2dc2ce,ab378b2c
243,77,44,00000000000000f3,94c55961be2dc2ce,ab378b2c,02,35,05,30,00000000000000f4,4a62acb0df16e167,ab388b2c
244,a9,dc,00000000000000f4,4a62acb0df16e167,ab388b2c,0f,e1,e5,04,00000000000000f5,fd3156586f8b70b3,ac398c2d
245,e0,9d,00000000000000f5,fd3156586f8b70b3,ac398c2d,05,44,19,5d,00000000000000f6,a698ab2c37c5b859,ad398d2d
246,1b,b8,00000000000000f6,a698ab2c37c5b859,ad398d2d,05,fc,f3,0f,00000000000000f7,8b4c55961be2dc2c,ae398e2d
247,52,c0,00000000000000f7,8b4c55961be2dc2c,ae398e2d,04,78,8d,f5,00000000000000f8,45a62acb0df16e16,ae398f2d
248,86,ce,00000000000000f8,45a62acb0df16e16,ae398f2d,00,b1,69,d8,00000000000000f9,22d3156586f8b70b,ae398f2d
249,3f,c7,00000000000000f9,22d3156586f8b70b,ae398f2d,0d,e8,a1,49,00000000000000fa,c9698ab2c37c5b85,af39902e
250,74,67,00000000000000fa,c9698ab2c37c5b85,af39902e,09,1d,76,6b,00000000000000fb,bcb4c55961be2dc2,b039902f
251,ad,f0,00000000000000fb,bcb4c55961be2dc2,b039902f,06,7c,36,4a,00000000000000fc,5e5a62acb0df16e1,b03a912f
252,e3,b6,00000000000000fc,5e5a62acb0df16e1,b03a912f,03,30,a3,93,00000000000000fd,f72d3156586f8b70,b13b912f
253,1a,89,00000000000000fd,f72d3156586f8b70,b13b912f,08,8b,c6,4d,00000000000000fe,7b9698ab2c37c5b8,b13b9130
254,51,f8,00000000000000fe,7b9698ab2c37c5b8,b13b9130,0b,76,98,ee,00000000000000ff,3dcb4c55961be2dc,b23c9131
255,88,34,00000000000000ff,3dcb4c55961be2dc,b23c9131,08,96,ca,5c,0000000000000100,1ee5a62acb0df16e,b23c9132
256,40,f4,0000000000000100,1ee5a62acb0df16e,b23c9132,07,bb,71,ca,0000000000000101,0f72d3156586f8b7,b33d9232
257,09,1a,0000000000000101,0f72d3156586f8b7,b33d9232,07,56,f4,a2,0000000000000102,dfb9698ab2c37c5b,b43e9332
258,d2,79,0000000000000102,dfb9698ab2c37c5b,b43e9332,06,50,fb,ab,0000000000000103,b7dcb4c55961be2d,b43f9432
259,9b,eb,0000000000000103,b7dcb4c55961be2d,b43f9432,05,2b,3f,14,0000000000000104,83ee5a62acb0df16,b53f9532
260,65,d3,0000000000000104,83ee5a62acb0df16,b53f9532,05,3d,d9,e4,0000000000000105,41f72d3156586f8b,b63f9632
261,2c,64,0000000000000105,41f72d3156586f8b,b63f9632,0d,9c,00,9c,0000000000000106,f8fb9698ab2c37c5,b73f9733
262,f7,8e,0000000000000106,f8fb9698ab2c37c5,b73f9733,0b,99,b1,28,0000000000000107,a47dcb4c55961be2,b8409734
263,be,dc,0000000000000107,a47dcb4c55961be2,b8409734,0a,8d,dd,50,0000000000000108,523ee5a62acb0df1,b8419735
264,0a,78,0000000000000108,523ee5a62acb0df1,b8419735,08,06,c5,c3,0000000000000109,f11f72d3156586f8,b8419736
265,d3,bc,0000000000000109,f11f72d3156586f8,b8419736,0f,5a,b2,e8,000000000000010a,788fb9698ab2c37c,b9429837
266,98,be,000000000000010a,788fb9698ab2c37c,b9429837,0d,ea,42,a8,000000000000010b,3c47dcb4c55961be,ba429938
267,61,5a,000000000000010b,3c47dcb4c55961be,ba429938,05,77,48,3f,000000000000010c,1e23ee5a62acb0df,bb429a38
268,2f,29,000000000000010c,1e23ee5a62acb0df,bb429a38,09,c7,09,ce,000000000000010d,d711f72d3156586f,bc429a39
269,f6,0a,000000000000010d,d711f72d3156586f,bc429a39,0d,73,90,e3,000000000000010e,b388fb9698ab2c37,bd429b3a
270,bd,93,000000000000010e,b388fb9698ab2c37,bd429b3a,0f,4d,01,4c,000000000000010f,81c47dcb4c55961b,be439c3b
271,04,1f,000000000000010f,81c47dcb4c55961b,be439c3b,0d,81,6a,eb,0000000000000110,98e23ee5a62acb0d,bf439d3c
272,d4,5e,0000000000000110,98e23ee5a62acb0d,bf439d3c,0e,e2,31,d3,0000000000000111,94711f72d3156586,bf449e3d
273,9d,b6,0000000000000111,94711f72d3156586,bf449e3d,03,52,4b,19,0000000000000112,4a388fb9698ab2c3,c0459e3d
274,66,64,0000000000000112,4a388fb9698ab2c3,c0459e3d,08,e9,b9,50,0000000000000113,fd1c47dcb4c55961,c0459e3e
275,2f,4d,0000000000000113,fd1c47dcb4c55961,c0459e3e,01,56,4f,19,0000000000000114,a68e23ee5a62acb0,c1459e3e
276,f1,0f,0000000000000114,a68e23ee5a62acb0,c1459e3e,0b,07,16,11,0000000000000115,534711f72d315658,c2469e3f
277,b8,8d,0000000000000115,534711f72d315658,c2469e3f,0f,7d,dd,a0,0000000000000116,29a388fb9698ab2c,c3479f40
278,03,8d,0000000000000116,29a388fb9698ab2c,c3479f40,04,0c,c7,cb,0000000000000117,14d1c47dcb4c5596,c347a040
279,ca,aa,0000000000000117,14d1c47dcb4c5596,c347a040,01,3a,84,be,0000000000000118,0a68e23ee5a62acb,c447a040
280,9e,5c,0000000000000118,0a68e23ee5a62acb,c447a040,06,da,34,ee,0000000000000119,dd34711f72d31565,c448a140
281,67,7b,0000000000000119,dd34711f72d31565,c448a140,0e,0c,75,79,000000000000011a,b69a388fb9698ab2,c449a241
282,2c,fb,000000000000011a,b69a388fb9698ab2,c449a241,0c,81,b9,38,000000000000011b,5b4d1c47dcb4c559,c449a342
283,f5,be,000000000000011b,5b4d1c47dcb4c559,c449a342,05,27,f2,d5,000000000000011c,f5a68e23ee5a62ac,c549a442
284,bb,52,000000000000011c,f5a68e23ee5a62ac,c549a442,0c,48,21,69,000000000000011d,7ad34711f72d3156,c549a543
285,02,40,000000000000011d,7ad34711f72d3156,c549a543,06,dd,3c,e1,000000000000011e,3d69a388fb9698ab,c54aa643
286,c9,51,000000000000011e,3d69a388fb9698ab,c54aa643,05,90,14,84,000000000000011f,c6b4d1c47dcb4c55,c64aa743
287,90,07,000000000000011f,c6b4d1c47dcb4c55,c64aa743,08,9f,33,ac,0000000000000120,bb5a68e23ee5a62a,c64aa744
288,68,a9,0000000000000120,bb5a68e23ee5a62a,c64aa744,01,80,35,b5,0000000000000121,5dad34711f72d315,c74aa744
289,21,f0,0000000000000121,5dad34711f72d315,c74aa744,09,52,c1,93,0000000000000122,f6d69a388fb9698a,c84aa745
290,fa,cd,0000000000000122,f6d69a388fb9698a,c84aa745,0a,ea,ec,06,0000000000000123,7b6b4d1c47dcb4c5,c84ba746
291,b3,db,0000000000000123,7b6b4d1c47dcb4c5,c84ba746,0c,c5,d8,1d,0000000000000124,e5b5a68e23ee5a62,c84ba847
292,0d,a8,0000000000000124,e5b5a68e23ee5a62,c84ba847,03,f1,b0,41,0000000000000125,72dad34711f72d31,c94ca847
293,c4,79,0000000000000125,72dad34711f72d31,c94ca847,0d,f7,00,f7,0000000000000126,e16d69a388fb9698,ca4ca948
294,9f,45,0000000000000126,e16d69a388fb9698,ca4ca948,09,f7,79,8e,0000000000000127,70b6b4d1c47dcb4c,cb4ca949
295,56,42,0000000000000127,70b6b4d1c47dcb4c,cb4ca949,09,71,e7,96,0000000000000128,385b5a68e23ee5a6,cc4ca94a
296,22,46,0000000000000128,385b5a68e23ee5a6,cc4ca94a,0a,34,13,27,0000000000000129,1c2dad34711f72d3,cc4da94b
297,fb,4c,0000000000000129,1c2dad34711f72d3,cc4da94b,01,82,6e,ec,000000000000012a,d616d69a388fb969,cd4da94b
298,b0,5d,000000000000012a,d616d69a388fb969,cd4da94b,0c,1e,1d,03,000000000000012b,b30b6b4d1c47dcb4,cd4daa4c
299,09,cd,000000000000012b,b30b6b4d1c47dcb4,cd4daa4c,09,66,87,e1,000000000000012c,5985b5a68e23ee5a,ce4daa4d
300,c7,a3,000000000000012c,5985b5a68e23ee5a,ce4daa4d,0f,16,b5,a3,000000000000012d,2cc2dad34711f72d,cf4eab4e
301,9e,ea,000000000000012d,2cc2dad34711f72d,cf4eab4e,0d,aa,9d,37,000000000000012e,ce616d69a388fb96,d04eac4f
302,55,d3,000000000000012e,ce616d69a388fb96,d04eac4f,06,b5,bb,0e,000000000000012f,6730b6b4d1c47dcb,d04fad4f
303,2c,fd,000000000000012f,6730b6b4d1c47dcb,d04fad4f,00,83,48,cb,0000000000000130,eb985b5a68e23ee5,d04fad4f
304,fc,45,0000000000000130,eb985b5a68e23ee5,d04fad4f,0e,fe,0d,f3,0000000000000131,adcc2dad34711f72,d050ae50
305,b5,0f,0000000000000131,adcc2dad34711f72,d050ae50,0c,35,46,73,0000000000000132,56e616d69a388fb9,d050af51
306,0e,a5,0000000000000132,56e616d69a388fb9,d050af51,0d,d2,df,0d,0000000000000133,f3730b6b4d1c47dc,d150b052
307,c7,30,0000000000000133,f3730b6b4d1c47dc,d150b052,0d,5a,df,85,0000000000000134,79b985b5a68e23ee,d250b153
308,99,26,0000000000000134,79b985b5a68e23ee,d250b153,0e,a0,85,25,0000000000000135,3cdcc2dad34711f7,d251b254
309,50,11,0000000000000135,3cdcc2dad34711f7,d251b254,04,99,af,36,0000000000000136,c66e616d69a388fb,d251b354
310,2b,b4,0000000000000136,c66e616d69a388fb,d251b354,04,65,53,36,0000000000000137,bb3730b6b4d1c47d,d251b454
311,e2,2d,0000000000000137,bb3730b6b4d1c47d,d251b454,0b,ed,fd,10,0000000000000138,859b985b5a68e23e,d352b455
312,b6,a5,0000000000000138,859b985b5a68e23e,d352b455,0a,4d,ff,b2,0000000000000139,42cdcc2dad34711f,d353b456
313,0f,21,0000000000000139,42cdcc2dad34711f,d353b456,05,28,90,b8,000000000000013a,f966e616d69a388f,d453b556
314,c4,ec,000000000000013a,f966e616d69a388f,d453b556,09,8f,c9,46,000000000000013b,a4b3730b6b4d1c47,d553b557
315,9d,89,000000000000013b,a4b3730b6b4d1c47,d553b557,06,d1,96,47,000000000000013c,8a59b985b5a68e23,d554b657
316,53,4e,000000000000013c,8a59b985b5a68e23,d554b657,0b,e0,b6,56,000000000000013d,9d2cdcc2dad34711,d655b658
317,2a,b5,000000000000013d,9d2cdcc2dad34711,d655b658,06,70,47,37,000000000000013e,96966e616d69a388,d656b758
318,e1,61,000000000000013e,96966e616d69a388,d656b758,0a,8b,33,b8,000000000000013f,4b4b3730b6b4d1c4,d657b759
319,b8,d5,000000000000013f,4b4b3730b6b4d1c4,d657b759,0e,f6,18,ee,0000000000000140,25a59b985b5a68e2,d658b85a
320,10,92,0000000000000140,25a59b985b5a68e2,d658b85a,0a,49,1d,54,0000000000000141,12d2cdcc2dad3471,d659b85b
321,d9,1e,0000000000000141,12d2cdcc2dad3471,d659b85b,03,04,47,43,0000000000000142,d16966e616d69a38,d75ab85b
322,82,76,0000000000000142,d16966e616d69a38,d75ab85b,0a,9a,8e,14,0000000000000143,68b4b3730b6b4d1c,d75bb85c
323,4b,56,0000000000000143,68b4b3730b6b4d1c,d75bb85c,07,71,1a,6b,0000000000000144,345a59b985b5a68e,d85cb95c
324,35,da,0000000000000144,345a59b985b5a68e,d85cb95c,0d,54,59,0d,0000000000000145,1a2d2cdcc2dad347,d95cba5d
325,fc,79,0000000000000145,1a2d2cdcc2dad347,d95cba5d,0f,7e,24,5a,0000000000000146,d516966e616d69a3,da5dbb5e
326,a7,f0,0000000000000146,d516966e616d69a3,da5dbb5e,08,4b,1e,55,0000000000000147,b28b4b3730b6b4d1,da5dbb5f
327,6e,95,0000000000000147,b28b4b3730b6b4d1,da5dbb5f,06,a5,51,f4,0000000000000148,8145a59b985b5a68,da5ebc5f
328,da,3b,0000000000000148,8145a59b985b5a68,da5ebc5f,0d,6a,ab,c1,0000000000000149,40a2d2cdcc2dad34,db5ebd60
329,83,7f,0000000000000149,40a2d2cdcc2dad34,db5ebd60,01,58,20,78,000000000000014a,20516966e616d69a,dc5ebd60
330,48,27,000000000000014a,20516966e616d69a,dc5ebd60,01,bb,28,93,000000000000014b,1028b4b3730b6b4d,dd5ebd60
331,31,b1,000000000000014b,1028b4b3730b6b4d,dd5ebd60,0a,73,10,63,000000000000014c,d0145a59b985b5a6,dd5fbd61
332,ff,66,000000000000014c,d0145a59b985b5a6,dd5fbd61,0f,3c,54,68,000000000000014d,680a2d2cdcc2dad3,de60be62
333,a6,b5,000000000000014d,680a2d2cdcc2dad3,de60be62,01,aa,72,d8,000000000000014e,ec0516966e616d69,df60be62
334,6d,5f,000000000000014e,ec0516966e616d69,df60be62,02,16,2d,3b,000000000000014f,ae028b4b3730b6b4,df61be62
335,d4,18,000000000000014f,ae028b4b3730b6b4,df61be62,07,c6,76,b0,0000000000000150,570145a59b985b5a,e062bf62
336,84,cf,0000000000000150,570145a59b985b5a,e062bf62,05,19,82,9b,0000000000000151,2b80a2d2cdcc2dad,e162c062
337,4d,db,0000000000000151,2b80a2d2cdcc2dad,e162c062,0e,63,45,26,0000000000000152,cdc0516966e616d6,e163c163
338,36,3e,0000000000000152,cdc0516966e616d6,e163c163,02,1c,67,7b,0000000000000153,66e028b4b3730b6b,e164c163
339,ff,0d,0000000000000153,66e028b4b3730b6b,e164c163,04,99,25,bc,0000000000000154,eb70145a59b985b5,e164c263
340,a1,c0,0000000000000154,eb70145a59b985b5,e164c263,03,8b,9b,10,0000000000000155,adb80a2d2cdcc2da,e265c263
341,68,e3,0000000000000155,adb80a2d2cdcc2da,e265c263,05,a2,d1,73,0000000000000156,56dc0516966e616d,e365c363
342,d3,76,0000000000000156,56dc0516966e616d,e365c363,05,60,46,26,0000000000000157,f36e028b4b3730b6,e465c463
343,9a,23,0000000000000157,f36e028b4b3730b6,e465c463,05,42,81,c3,0000000000000158,79b70145a59b985b,e565c563
344,4e,7a,0000000000000158,79b70145a59b985b,e565c563,03,69,06,6f,0000000000000159,e4db80a2d2cdcc2d,e666c563
345,37,dd,0000000000000159,e4db80a2d2cdcc2d,e666c563,07,68,6d,05,000000000000015a,aa6dc0516966e616,e767c663
346,fc,92,000000000000015a,aa6dc0516966e616,e767c663,04,41,70,31,000000000000015b,5536e028b4b3730b,e767c763
347,a5,0e,000000000000015b,5536e028b4b3730b,e767c763,0b,35,42,77,000000000000015c,f29b70145a59b985,e868c764
348,6b,95,000000000000015c,f29b70145a59b985,e868c764,07,93,76,e5,000000000000015d,a14db80a2d2cdcc2,e969c864
349,d2,bd,000000000000015d,a14db80a2d2cdcc2,e969c864,0f,1c,a6,ba,000000000000015e,50a6dc0516966e61,ea6ac965
350,99,42,000000000000015e,50a6dc0516966e61,ea6ac965,09,47,84,c3,000000000000015f,f0536e028b4b3730,eb6ac966
351,40,47,000000000000015f,f0536e028b4b3730,eb6ac966,05,24,4a,6e,0000000000000160,7829b70145a59b98,ec6aca66
352,38,ab,0000000000000160,7829b70145a59b98,ec6aca66,0b,84,a6,22,0000000000000161,3c14db80a2d2cdcc,ed6bca67
353,f1,b7,0000000000000161,3c14db80a2d2cdcc,ed6bca67,05,bf,5b,e4,0000000000000162,1e0a6dc0516966e6,ee6bcb67
354,aa,b0,0000000000000162,1e0a6dc0516966e6,ee6bcb67,09,36,65,53,0000000000000163,0f0536e028b4b373,ef6bcb68
355,63,96,0000000000000163,0f0536e028b4b373,ef6bcb68,05,99,0c,95,0000000000000164,df829b70145a59b9,f06bcc68
356,dd,ca,0000000000000164,df829b70145a59b9,f06bcc68,0b,b3,17,a4,0000000000000165,b7c14db80a2d2cdc,f16ccc69
357,94,a7,0000000000000165,b7c14db80a2d2cdc,f16ccc69,02,04,83,87,0000000000000166,5be0a6dc0516966e,f16dcc69
358,4f,c5,0000000000000166,5be0a6dc0516966e,f16dcc69,07,74,f3,87,0000000000000167,2df0536e028b4b37,f26ecd69
359,06,ef,0000000000000167,2df0536e028b4b37,f26ecd69,05,83,5a,d9,0000000000000168,cef829b70145a59b,f36ece69
360,f2,bb,0000000000000168,cef829b70145a59b,f36ece69,0f,2a,e6,cc,0000000000000169,bf7c14db80a2d2cd,f46fcf6a
361,ab,0f,0000000000000169,bf7c14db80a2d2cd,f46fcf6a,01,d4,74,a0,000000000000016a,87be0a6dc0516966,f56fcf6a
362,60,69,000000000000016a,87be0a6dc0516966,f56fcf6a,0d,2b,cb,e0,000000000000016b,43df0536e028b4b3,f66fd06b
363,d9,10,000000000000016b,43df0536e028b4b3,f66fd06b,0d,0e,2a,24,000000000000016c,f9ef829b70145a59,f76fd16c
364,97,c0,000000000000016c,f9ef829b70145a59,f76fd16c,0f,5d,e5,b8,000000000000016d,a4f7c14db80a2d2c,f870d26d
365,4e,37,000000000000016d,a4f7c14db80a2d2c,f870d26d,03,35,8b,be,000000000000016e,527be0a6dc051696,f971d26d
366,05,c5,000000000000016e,527be0a6dc051696,f971d26d,00,11,df,ce,000000000000016f,293df0536e028b4b,f971d26d
367,fc,57,000000000000016f,293df0536e028b4b,f971d26d,02,0d,5c,51,0000000000000170,cc9ef829b70145a5,f972d26d
368,ac,4d,0000000000000170,cc9ef829b70145a5,f972d26d,08,89,f9,70,0000000000000171,be4f7c14db80a2d2,f972d26e
369,65,aa,0000000000000171,be4f7c14db80a2d2,f972d26e,0e,9a,a7,3d,0000000000000172,5f27be0a6dc05169,f973d36f
370,de,b4,0000000000000172,5f27be0a6dc05169,f973d36f,0c,b8,45,fd,0000000000000173,f793df0536e028b4,f973d470
371,97,c3,0000000000000173,f793df0536e028b4,f973d470,0e,68,a9,c1,0000000000000174,7bc9ef829b70145a,f974d571
372,49,46,0000000000000174,7bc9ef829b70145a,f974d571,07,5a,1e,44,0000000000000175,3de4f7c14db80a2d,fa75d671
373,00,26,0000000000000175,3de4f7c14db80a2d,fa75d671,05,0e,ae,a0,0000000000000176,c6f27be0a6dc0516,fb75d771
374,fb,bc,0000000000000176,c6f27be0a6dc0516,fb75d771,0b,42,f0,b2,0000000000000177,63793df0536e028b,fc76d772
375,b2,f5,0000000000000177,63793df0536e028b,fc76d772,06,7c,7f,03,0000000000000178,e9bc9ef829b70145,fc77d872
376,66,7a,0000000000000178,e9bc9ef829b70145,fc77d872,0f,8a,36,bc,0000000000000179,acde4f7c14db80a2,fd78d973
377,df,9b,0000000000000179,acde4f7c14db80a2,fd78d973,07,4a,d0,9a,000000000000017a,566f27be0a6dc051,fe79da73
378,94,e4,000000000000017a,566f27be0a6dc051,fe79da73,0a,a7,b5,12,000000000000017b,f33793df0536e028,fe7ada74
379,4d,32,000000000000017b,f33793df0536e028,fe7ada74,02,6c,2c,40,000000000000017c,799bc9ef829b7014,fe7bda74
380,03,36,000000000000017c,799bc9ef829b7014,fe7bda74,07,45,be,fb,000000000000017d,3ccde4f7c14db80a,ff7cdb74
381,fa,e3,000000000000017d,3ccde4f7c14db80a,ff7cdb74,03,80,3d,bd,000000000000017e,1e66f27be0a6dc05,007ddb74
382,b1,28,000000000000017e,1e66f27be0a6dc05,007ddb74,0b,57,7f,28,000000000000017f,d733793df0536e02,017edb75
383,68,e4,000000000000017f,d733793df0536e02,017edb75,04,c2,61,a3,0000000000000180,6b99bc9ef829b701,017edc75
384,e0,a1,0000000000000180,6b99bc9ef829b701,017edc75,0d,2d,04,29,0000000000000181,edccde4f7c14db80,027edd76
385,a9,90,0000000000000181,edccde4f7c14db80,027edd76,00,4e,77,39,0000000000000182,76e66f27be0a6dc0,027edd76
386,72,df,0000000000000182,76e66f27be0a6dc0,027edd76,08,09,48,41,0000000000000183,3b733793df0536e0,027edd77
387,3b,a6,0000000000000183,3b733793df0536e0,027edd77,0c,68,38,50,0000000000000184,1db99bc9ef829b70,027ede78
388,c5,8c,0000000000000184,1db99bc9ef829b70,027ede78,04,e1,bc,5d,0000000000000185,0edccde4f7c14db8,027edf78
389,8c,1d,0000000000000185,0edccde4f7c14db8,027edf78,0a,47,90,d7,0000000000000186,076e66f27be0a6dc,027fdf79
390,57,cd,0000000000000186,076e66f27be0a6dc,027fdf79,02,29,4b,62,0000000000000187,03b733793df0536e,0280df79
391,1e,da,0000000000000187,03b733793df0536e,0280df79,07,4a,4c,06,0000000000000188,01db99bc9ef829b7,0381e079
392,aa,ac,0000000000000188,01db99bc9ef829b7,0381e079,04,89,fa,73,0000000000000189,d8edccde4f7c14db,0381e179
393,73,3f,0000000000000189,d8edccde4f7c14db,0381e179,00,b3,00,b3,000000000000018a,b476e66f27be0a6d,0381e179
394,38,91,000000000000018a,b476e66f27be0a6d,0381e179,03,ea,4f,a5,000000000000018b,823b733793df0536,0482e179
395,c1,64,000000000000018b,823b733793df0536,0482e179,0e,40,30,70,000000000000018c,411db99bc9ef829b,0483e27a
396,8f,db,000000000000018c,411db99bc9ef829b,0483e27a,06,06,d5,d3,000000000000018d,f88edccde4f7c14d,0484e37a
397,56,38,000000000000018d,f88edccde4f7c14d,0484e37a,00,99,5c,c5,000000000000018e,a4476e66f27be0a6,0484e37a
398,1d,6a,000000000000018e,a4476e66f27be0a6,0484e37a,0c,14,c6,d2,000000000000018f,5223b733793df053,0484e47b
399,a4,3d,000000000000018f,5223b733793df053,0484e47b,04,d9,9d,44,0000000000000190,f111db99bc9ef829,0484e57b
400,74,e6,0000000000000190,f111db99bc9ef829,0484e57b,0e,3e,e0,de,0000000000000191,a088edccde4f7c14,0485e67c
401,3d,2b,0000000000000191,a088edccde4f7c14,0485e67c,03,4e,af,e1,0000000000000192,504476e66f27be0a,0586e67c
402,c6,cc,0000000000000192,504476e66f27be0a,0586e67c,0d,93,4c,df,0000000000000193,28223b733793df05,0686e77d
403,8f,01,0000000000000193,28223b733793df05,0686e77d,07,c4,b7,73,0000000000000194,cc111db99bc9ef82,0787e87d
404,51,cf,0000000000000194,cc111db99bc9ef82,0787e87d,06,93,97,04,0000000000000195,66088edccde4f7c1,0788e97d
405,18,2a,0000000000000195,66088edccde4f7c1,0788e97d,00,01,9a,9b,0000000000000196,eb04476e66f27be0,0788e97d
406,a3,0d,0000000000000196,eb04476e66f27be0,0788e97d,0c,d2,ea,38,0000000000000197,758223b733793df0,0788ea7e
407,6a,6e,0000000000000197,758223b733793df0,0788ea7e,00,b6,ae,18,0000000000000198,3ac111db99bc9ef8,0788ea7e
408,3e,4f,0000000000000198,3ac111db99bc9ef8,0788ea7e,0b,d4,e7,33,0000000000000199,1d6088edccde4f7c,0889ea7f
409,c7,1b,0000000000000199,1d6088edccde4f7c,0889ea7f,08,c1,65,a4,000000000000019a,0eb04476e66f27be,0889ea80
410,8c,f7,000000000000019a,0eb04476e66f27be,0889ea80,0c,75,a7,d2,000000000000019b,0758223b733793df,0889eb81
411,55,44,000000000000019b,0758223b733793df,0889eb81,03,30,a0,90,000000000000019c,dbac111db99bc9ef,098aeb81
412,1b,84,000000000000019c,dbac111db99bc9ef,098aeb81,05,28,99,b1,000000000000019d,b5d6088edccde4f7,0a8aec81
413,a2,ff,000000000000019d,b5d6088edccde4f7,0a8aec81,04,29,13,3a,000000000000019e,82eb04476e66f27b,0a8aed81
414,69,59,000000000000019e,82eb04476e66f27b,0a8aed81,0a,91,83,12,000000000000019f,99758223b733793d,0a8bed82
415,30,d1,000000000000019f,99758223b733793d,0a8bed82,0a,59,99,c0,00000000000001a0,94bac111db99bc9e,0a8ced83
416,c8,25,00000000000001a0,94bac111db99bc9e,0a8ced83,03,10,ba,aa,00000000000001a1,4a5d6088edccde4f,0b8ded83
417,81,a8,00000000000001a1,4a5d6088edccde4f,0b8ded83,01,28,6d,45,00000000000001a2,fd2eb04476e66f27,0c8ded83
418,5a,8a,00000000000001a2,fd2eb04476e66f27,0c8ded83,0f,e9,bc,55,00000000000001a3,a69758223b733793,0d8eee84
419,13,8f,00000000000001a3,a69758223b733793,0d8eee84,09,2a,8d,a7,00000000000001a4,8b4bac111db99bc9,0e8eee85
420,ad,8a,00000000000001a4,8b4bac111db99bc9,0e8eee85,09,87,eb,6c,00000000000001a5,9da5d6088edccde4,0f8eee86
421,64,e2,00000000000001a5,9da5d6088edccde4,0f8eee86,0c,e4,23,c7,00000000000001a6,4ed2eb04476e66f2,0f8eef87
422,3f,94,00000000000001a6,4ed2eb04476e66f2,0f8eef87,06,e4,e7,03,00000000000001a7,2769758223b73379,0f8ff087
423,f6,41,00000000000001a7,2769758223b73379,0f8ff087,07,29,c9,e0,00000000000001a8,cbb4bac111db99bc,1090f187
424,82,6b,00000000000001a8,cbb4bac111db99bc,1090f187,05,fb,cb,30,00000000000001a9,65da5d6088edccde,1190f287
425,5b,58,00000000000001a9,65da5d6088edccde,1190f287,0b,47,a9,ee,00000000000001aa,32ed2eb04476e66f,1291f288
426,10,d2,00000000000001aa,32ed2eb04476e66f,1291f288,0b,2a,a4,8e,00000000000001ab,c1769758223b7337,1392f289
427,a9,1e,00000000000001ab,c1769758223b7337,1392f289,06,3a,1b,21,00000000000001ac,b8bb4bac111db99b,1393f389
428,67,1f,00000000000001ac,b8bb4bac111db99b,1393f389,01,fb,49,b2,00000000000001ad,845da5d6088edccd,1493f389
429,3e,cb,00000000000001ad,845da5d6088edccd,1493f389,06,4c,2e,62,00000000000001ae,9a2ed2eb04476e66,1494f489
430,f5,9b,00000000000001ae,9a2ed2eb04476e66,1494f489,00,52,d5,87,00000000000001af,4d1769758223b733,1494f489
431,8c,96,00000000000001af,4d1769758223b733,1494f489,0b,18,83,9b,00000000000001b0,fe8bb4bac111db99,1595f48a
432,5c,11,00000000000001b0,fe8bb4bac111db99,1595f48a,09,75,1a,6f,00000000000001b1,a745da5d6088edcc,1695f48b
433,15,36,00000000000001b1,a745da5d6088edcc,1695f48b,03,29,58,71,00000000000001b2,53a2ed2eb04476e6,1796f48b
434,ae,ac,00000000000001b2,53a2ed2eb04476e6,1796f48b,02,60,5a,3a,00000000000001b3,29d1769758223b73,1797f48b
435,67,ff,00000000000001b3,29d1769758223b73,1797f48b,0a,a3,76,d5,00000000000001b4,cce8bb4bac111db9,1798f48c
436,39,e7,00000000000001b4,cce8bb4bac111db9,1798f48c,00,fb,d0,2b,00000000000001b5,be745da5d6088edc,1798f48c
437,f0,13,00000000000001b5,be745da5d6088edc,1798f48c,09,95,83,16,00000000000001b6,5f3a2ed2eb04476e,1898f48d
438,8b,45,00000000000001b6,5f3a2ed2eb04476e,1898f48d,02,9e,91,0f,00000000000001b7,2f9d1769758223b7,1899f48d
439,42,f3,00000000000001b7,2f9d1769758223b7,1899f48d,0d,a6,74,d2,00000000000001b8,cfce8bb4bac111db,1999f58e
440,16,13,00000000000001b8,cfce8bb4bac111db,1999f58e,06,8b,a9,22,00000000000001b9,bfe745da5d6088ed,199af68e
441,af,a6,00000000000001b9,bfe745da5d6088ed,199af68e,01,43,c5,86,00000000000001ba,87f3a2ed2eb04476,1a9af68e
442,64,45,00000000000001ba,87f3a2ed2eb04476,1a9af68e,01,0d,d7,da,00000000000001bb,43f9d1769758223b,1b9af68e
443,3d,a3,00000000000001bb,43f9d1769758223b,1b9af68e,0e,7f,47,38,00000000000001bc,f9fce8bb4bac111d,1b9bf78f
444,f3,76,00000000000001bc,f9fce8bb4bac111d,1b9bf78f,02,38,e9,d1,00000000000001bd,a4fe745da5d6088e,1b9cf78f
445,8a,b7,00000000000001bd,a4fe745da5d6088e,1b9cf78f,07,8f,c6,49,00000000000001be,527f3a2ed2eb0447,1c9df88f
446,41,2f,00000000000001be,527f3a2ed2eb0447,1c9df88f,04,c3,3b,f8,00000000000001bf,f13f9d1769758223,1c9df98f
447,18,c9,00000000000001bf,f13f9d1769758223,1c9df98f,08,e3,fc,1f,00000000000001c0,a09fce8bb4bac111,1c9df990
448,b0,f7,00000000000001c0,a09fce8bb4bac111,1c9df990,09,6a,46,2c,00000000000001c1,884fe745da5d6088,1d9df991
449,79,6e,00000000000001c1,884fe745da5d6088,1d9df991,09,64,72,16,00000000000001c2,4427f3a2ed2eb044,1e9df992
450,22,94,00000000000001c2,4427f3a2ed2eb044,1e9df992,05,8b,52,d9,00000000000001c3,2213f9d176975822,1f9dfa92
451,eb,14,00000000000001c3,2213f9d176975822,1f9dfa92,0e,b0,e4,54,00000000000001c4,1109fce8bb4bac11,1f9efb93
452,95,0d,00000000000001c4,1109fce8bb4bac11,1f9efb93,07,ea,0d,e7,00000000000001c5,d084fe745da5d608,209ffc93
453,5c,a8,00000000000001c5,d084fe745da5d608,209ffc93,0c,3d,f3,ce,00000000000001c6,68427f3a2ed2eb04,209ffd94
454,07,98,00000000000001c6,68427f3a2ed2eb04,209ffd94,09,1c,50,4c,00000000000001c7,34213f9d17697582,219ffd95
455,ce,7b,00000000000001c7,34213f9d17697582,219ffd95,0f,d7,b9,6e,00000000000001c8,1a109fce8bb4bac1,22a0fe96
456,7a,a4,00000000000001c8,1a109fce8bb4bac1,22a0fe96,06,c2,ce,0c,00000000000001c9,d5084fe745da5d60,22a1ff96
457,23,73,00000000000001c9,d5084fe745da5d60,22a1ff96,0c,21,f2,d3,00000000000001ca,6a8427f3a2ed2eb0,22a10097
458,e8,94,00000000000001ca,6a8427f3a2ed2eb0,22a10097,01,90,03,93,00000000000001cb,354213f9d1769758,23a10097
459,91,1d,00000000000001cb,354213f9d1769758,23a10097,08,e8,34,dc,00000000000001cc,1aa109fce8bb4bac,23a10098
460,5f,e3,00000000000001cc,1aa109fce8bb4bac,23a10098,0a,44,bf,fb,00000000000001cd,0d5084fe745da5d6,23a20099
461,06,5d,00000000000001cd,0d5084fe745da5d6,23a20099,03,7d,5e,23,00000000000001ce,06a8427f3a2ed2eb,24a30099
462,cd,89,00000000000001ce,06a8427f3a2ed2eb,24a30099,0f,3a,d8,e2,00000000000001cf,db54213f9d176975,25a4019a
463,74,06,00000000000001cf,db54213f9d176975,25a4019a,06,20,a7,87,00000000000001d0,b5aa109fce8bb4ba,25a5029a
464,24,0f,00000000000001d0,b5aa109fce8bb4ba,25a5029a,03,1a,79,63,00000000000001d1,5ad5084fe745da5d,26a6029a
465,ed,a1,00000000000001d1,5ad5084fe745da5d,26a6029a,03,35,1d,28,00000000000001d2,f56a8427f3a2ed2e,27a7029a
466,96,5e,00000000000001d2,f56a8427f3a2ed2e,27a7029a,06,46,c7,81,00000000000001d3,7ab54213f9d17697,27a8039a
467,5f,78,00000000000001d3,7ab54213f9d17697,27a8039a,0d,16,70,66,00000000000001d4,e55aa109fce8bb4b,28a8049b
468,01,61,00000000000001d4,e55aa109fce8bb4b,28a8049b,09,7a,f4,8e,00000000000001d5,aaad5084fe745da5,29a8049c
469,c8,74,00000000000001d5,aaad5084fe745da5,29a8049c,04,e3,3b,d8,00000000000001d6,8d56a8427f3a2ed2,29a8059c
470,73,fc,00000000000001d6,8d56a8427f3a2ed2,29a8059c,03,4d,9e,d3,00000000000001d7,46ab54213f9d1769,2aa9059c
471,3a,32,00000000000001d7,46ab54213f9d1769,2aa9059c,08,f1,4c,bd,00000000000001d8,fb55aa109fce8bb4,2aa9059d
472,ee,27,00000000000001d8,fb55aa109fce8bb4,2aa9059d,09,04,56,52,00000000000001d9,7daad5084fe745da,2ba9059e
473,97,6d,00000000000001d9,7daad5084fe745da,2ba9059e,06,4f,6b,24,00000000000001da,3ed56a8427f3a2ed,2baa069e
474,5c,2b,00000000000001da,3ed56a8427f3a2ed,2baa069e,0a,61,64,05,00000000000001db,c76ab54213f9d176,2bab069f
475,05,e1,00000000000001db,c76ab54213f9d176,2bab069f,07,d9,99,40,00000000000001dc,63b55aa109fce8bb,2cac079f
476,cb,6d,00000000000001dc,63b55aa109fce8bb,2cac079f,06,32,c1,f3,00000000000001dd,e9daad5084fe745d,2cad089f
477,72,17,00000000000001dd,e9daad5084fe745d,2cad089f,03,85,9b,1e,00000000000001de,aced56a8427f3a2e,2dae089f
478,39,db,00000000000001de,aced56a8427f3a2e,2dae089f,0b,54,8e,da,00000000000001df,5676ab54213f9d17,2eaf08a0
479,e0,3f,00000000000001df,5676ab54213f9d17,2eaf08a0,05,68,e0,88,00000000000001e0,f33b55aa109fce8b,2faf09a0
480,98,da,00000000000001e0,f33b55aa109fce8b,2faf09a0,02,98,61,f9,00000000000001e1,a19daad5084fe745,2fb009a0
481,51,4c,00000000000001e1,a19daad5084fe745,2fb009a0,01,79,97,ee,00000000000001e2,88ced56a8427f3a2,30b009a0
482,0a,fc,00000000000001e2,88ced56a8427f3a2,30b009a0,07,34,01,35,00000000000001e3,44676ab54213f9d1,31b10aa0
483,c3,68,00000000000001e3,44676ab54213f9d1,31b10aa0,05,f1,7d,8c,00000000000001e4,fa33b55aa109fce8,32b10ba0
484,7d,4e,00000000000001e4,fa33b55aa109fce8,32b10ba0,0b,9d,dd,40,00000000000001e5,7d19daad5084fe74,33b20ba1
485,34,12,00000000000001e5,7d19daad5084fe74,33b20ba1,04,e4,8f,6b,00000000000001e6,3e8ced56a8427f3a,33b20ca1
486,ef,b8,00000000000001e6,3e8ced56a8427f3a,33b20ca1,09,3f,fe,c1,00000000000001e7,1f4676ab54213f9d,34b20ca2
487,a6,f8,00000000000001e7,1f4676ab54213f9d,34b20ca2,0d,b7,6c,db,00000000000001e8,d7a33b55aa109fce,35b20da3
488,52,ac,00000000000001e8,d7a33b55aa109fce,35b20da3,01,88,36,be,00000000000001e9,6bd19daad5084fe7,36b20da3
489,0b,4d,00000000000001e9,6bd19daad5084fe7,36b20da3,06,11,02,13,00000000000001ea,ede8ced56a8427f3,36b30ea3
490,c0,6d,00000000000001ea,ede8ced56a8427f3,36b30ea3,01,5f,06,59,00000000000001eb,aef4676ab54213f9,37b30ea3
491,79,e1,00000000000001eb,aef4676ab54213f9,37b30ea3,0d,70,9c,ec,00000000000001ec,8f7a33b55aa109fc,38b30fa4
492,37,ed,00000000000001ec,8f7a33b55aa109fc,38b30fa4,08,0e,0d,03,00000000000001ed,47bd19daad5084fe,38b30fa5
493,ee,e4,00000000000001ed,47bd19daad5084fe,38b30fa5,06,75,ca,bf,00000000000001ee,23de8ced56a8427f,38b410a5
494,a5,8b,00000000000001ee,23de8ced56a8427f,38b410a5,06,76,62,14,00000000000001ef,c9ef4676ab54213f,38b511a5
495,5c,d9,00000000000001ef,c9ef4676ab54213f,38b511a5,05,22,90,b2,00000000000001f0,bcf7a33b55aa109f,39b512a5
496,0c,70,00000000000001f0,bcf7a33b55aa109f,39b512a5,0d,66,57,31,00000000000001f1,867bd19daad5084f,3ab513a6
497,c5,65,00000000000001f1,867bd19daad5084f,3ab513a6,01,86,b5,33,00000000000001f2,9b3de8ced56a8427,3bb513a6
498,7e,68,00000000000001f2,9b3de8ced56a8427,3bb513a6,0a,6f,96,f9,00000000000001f3,959ef4676ab54213,3bb613a7
499,37,8c,00000000000001f3,959ef4676ab54213,3bb613a7,05,fe,08,f6,00000000000001f4,92cf7a33b55aa109,3cb614a7
500,e9,13,00000000000001f4,92cf7a33b55aa109,3cb614a7,0b,35,c6,f3,00000000000001f5,9167bd19daad5084,3db714a8
501,a0,67,00000000000001f5,9167bd19daad5084,3db714a8,03,54,48,1c,00000000000001f6,48b3de8ced56a842,3eb814a8
502,5b,b8,00000000000001f6,48b3de8ced56a842,3eb814a8,0e,76,73,05,00000000000001f7,2459ef4676ab5421,3eb915a9
503,12,9f,00000000000001f7,2459ef4676ab5421,3eb915a9,0b,6b,de,b5,00000000000001f8,ca2cf7a33b55aa10,3fba15aa
504,c6,ec,00000000000001f8,ca2cf7a33b55aa10,3fba15aa,01,a6,bb,1d,00000000000001f9,65167bd19daad508,40ba15aa
505,7f,1a,00000000000001f9,65167bd19daad508,40ba15aa,03,41,ac,ed,00000000000001fa,328b3de8ced56a84,41bb15aa
506,34,26,00000000000001fa,328b3de8ced56a84,41bb15aa,03,dc,a7,7b,00000000000001fb,19459ef4676ab542,42bc15aa
507,ed,45,00000000000001fb,19459ef4676ab542,42bc15aa,07,fb,cf,34,00000000000001fc,0ca2cf7a33b55aa1,43bd16aa
508,a3,ca,00000000000001fc,0ca2cf7a33b55aa1,43bd16aa,01,3c,51,6d,00000000000001fd,de5167bd19daad50,44bd16aa
509,5a,df,00000000000001fd,de5167bd19daad50,44bd16aa,09,f2,74,86,00000000000001fe,6f28b3de8ced56a8,45bd16ab
510,11,a4,00000000000001fe,6f28b3de8ced56a8,45bd16ab,03,82,fc,7e,00000000000001ff,379459ef4676ab54,46be16ab
511,c8,d9,00000000000001ff,379459ef4676ab54,46be16ab,02,30,72,42,0000000000000200,1bca2cf7a33b55aa,46bf16ab
512,80,49,0000000000000200,1bca2cf7a33b55aa,46bf16ab,0a,e0,9b,7b,0000000000000201,0de5167bd19daad5,46c016ac
513,c9,3a,0000000000000201,0de5167bd19daad5,46c016ac,00,73,ca,b9,0000000000000202,def28b3de8ced56a,46c016ac
514,12,22,0000000000000202,def28b3de8ced56a,46c016ac,00,20,a4,84,0000000000000203,6f79459ef4676ab5,46c016ac
515,5b,db,0000000000000203,6f79459ef4676ab5,46c016ac,09,7c,03,7f,0000000000000204,efbca2cf7a33b55a,47c016ad
516,a5,56,0000000000000204,efbca2cf7a33b55a,47c016ad,00,c8,df,17,0000000000000205,77de5167bd19daad,47c016ad
517,ec,b7,0000000000000205,77de5167bd19daad,47c016ad,04,8e,d1,5f,0000000000000206,e3ef28b3de8ced56,47c017ad
518,37,c8,0000000000000206,e3ef28b3de8ced56,47c017ad,05,ee,64,8a,0000000000000207,71f79459ef4676ab,48c018ad
519,7e,ee,0000000000000207,71f79459ef4676ab,48c018ad,02,af,27,88,0000000000000208,e0fbca2cf7a33b55,48c118ad
520,ca,50,0000000000000208,e0fbca2cf7a33b55,48c118ad,02,f3,24,d7,0000000000000209,a87de5167bd19daa,48c218ad
521,13,67,0000000000000209,a87de5167bd19daa,48c218ad,0e,79,7e,07,000000000000020a,543ef28b3de8ced5,48c319ae
522,58,b1,000000000000020a,543ef28b3de8ced5,48c319ae,0d,be,44,fa,000000000000020b,f21f79459ef4676a,49c31aaf
523,a1,74,000000000000020b,f21f79459ef4676a,49c31aaf,02,13,bd,ae,000000000000020c,790fbca2cf7a33b5,49c41aaf
524,ef,91,000000000000020c,790fbca2cf7a33b5,49c41aaf,03,ca,fa,30,000000000000020d,e487de5167bd19da,4ac51aaf
525,36,81,000000000000020d,e487de5167bd19da,4ac51aaf,04,59,0a,53,000000000000020e,7243ef28b3de8ced,4ac51baf
526,7d,85,000000000000020e,7243ef28b3de8ced,4ac51baf,05,d1,be,6f,000000000000020f,e121f79459ef4676,4bc51caf
527,c4,76,000000000000020f,e121f79459ef4676,4bc51caf,03,c1,18,d9,0000000000000210,7090fbca2cf7a33b,4cc61caf
528,14,ea,0000000000000210,7090fbca2cf7a33b,4cc61caf,0f,28,f0,d8,0000000000000211,e0487de5167bd19d,4dc71db0
529,5d,c7,0000000000000211,e0487de5167bd19d,4dc71db0,02,65,6a,0f,0000000000000212,a8243ef28b3de8ce,4dc81db0
530,a6,c8,0000000000000212,a8243ef28b3de8ce,4dc81db0,00,ab,11,ba,0000000000000213,54121f79459ef467,4dc81db0
531,ef,d6,0000000000000213,54121f79459ef467,4dc81db0,0e,d2,97,45,0000000000000214,f2090fbca2cf7a33,4dc91eb1
532,31,cd,0000000000000214,f2090fbca2cf7a33,4dc91eb1,02,ac,b1,1d,0000000000000215,a10487de5167bd19,4dca1eb1
533,78,b1,0000000000000215,a10487de5167bd19,4dca1eb1,0d,08,ae,a6,0000000000000216,888243ef28b3de8c,4eca1fb2
534,c3,3a,0000000000000216,888243ef28b3de8c,4eca1fb2,07,66,1d,7b,0000000000000217,444121f79459ef46,4fcb20b2
535,0a,10,0000000000000217,444121f79459ef46,4fcb20b2,08,ec,f3,1f,0000000000000218,222090fbca2cf7a3,4fcb20b3
536,5e,78,0000000000000218,222090fbca2cf7a3,4fcb20b3,0e,7a,ba,c0,0000000000000219,c910487de5167bd1,4fcc21b4
537,a7,f8,0000000000000219,c910487de5167bd1,4fcc21b4,04,71,8a,fb,000000000000021a,bc88243ef28b3de8,4fcc22b4
538,ec,cc,000000000000021a,bc88243ef28b3de8,4fcc22b4,0a,19,b4,ad,000000000000021b,5e44121f79459ef4,4fcd22b5
539,35,c3,000000000000021b,5e44121f79459ef4,4fcd22b5,00,e1,d5,34,000000000000021c,2f22090fbca2cf7a,4fcd22b5
540,7b,a5,000000000000021c,2f22090fbca2cf7a,4fcd22b5,0d,7e,71,0f,000000000000021d,17910487de5167bd,50cd23b6
541,c2,1e,000000000000021d,17910487de5167bd,50cd23b6,0d,87,d3,54,000000000000021e,d3c88243ef28b3de,51cd24b7
542,09,87,000000000000021e,d3c88243ef28b3de,51cd24b7,04,d3,9e,4d,000000000000021f,69e44121f79459ef,51cd25b7
543,50,2f,000000000000021f,69e44121f79459ef,51cd25b7,08,ee,da,34,0000000000000220,ecf22090fbca2cf7,51cd25b8
544,a8,6b,0000000000000220,ecf22090fbca2cf7,51cd25b8,04,04,77,73,0000000000000221,ae7910487de5167b,51cd26b8
545,e1,d4,0000000000000221,ae7910487de5167b,51cd26b8,05,6e,c0,ae,0000000000000222,8f3c88243ef28b3d,52cd27b8
546,3a,0c,0000000000000222,8f3c88243ef28b3d,52cd27b8,08,96,d8,4e,0000000000000223,9f9e44121f79459e,52cd27b9
547,73,fc,0000000000000223,9f9e44121f79459e,52cd27b9,0e,15,b9,ac,0000000000000224,4fcf22090fbca2cf,52ce28ba
548,cd,3e,0000000000000224,4fcf22090fbca2cf,52ce28ba,0c,6f,63,0c,0000000000000225,ffe7910487de5167,52ce29bb
549,04,97,0000000000000225,ffe7910487de5167,52ce29bb,07,5d,a5,f8,0000000000000226,a7f3c88243ef28b3,53cf2abb
550,5f,11,0000000000000226,a7f3c88243ef28b3,53cf2abb,00,be,06,b8,0000000000000227,8bf9e44121f79459,53cf2abb
551,96,a8,0000000000000227,8bf9e44121f79459,53cf2abb,07,03,08,0b,0000000000000228,9dfcf22090fbca2c,54d02bbb
552,e2,ec,0000000000000228,9dfcf22090fbca2c,54d02bbb,0c,18,4b,53,0000000000000229,4efe7910487de516,54d02cbc
553,3b,07,0000000000000229,4efe7910487de516,54d02cbc,01,a2,78,da,000000000000022a,277f3c88243ef28b,55d02cbc
554,70,31,000000000000022a,277f3c88243ef28b,55d02cbc,0e,ae,a2,0c,000000000000022b,cbbf9e44121f7945,55d12dbd
555,c9,68,000000000000022b,cbbf9e44121f7945,55d12dbd,07,51,dd,8c,000000000000022c,bddfcf22090fbca2,56d22ebd
556,07,9d,000000000000022c,bddfcf22090fbca2,56d22ebd,04,90,57,c7,000000000000022d,5eefe7910487de51,56d22fbd
557,5e,6a,000000000000022d,5eefe7910487de51,56d22fbd,05,7f,c6,b9,000000000000022e,f777f3c88243ef28,57d230bd
558,95,c2,000000000000022e,f777f3c88243ef28,57d230bd,03,1b,b2,a9,000000000000022f,7bbbf9e44121f794,58d330bd
559,ec,1f,000000000000022f,7bbbf9e44121f794,58d330bd,05,40,9d,dd,0000000000000230,3dddfcf22090fbca,59d331bd
560,3c,d0,0000000000000230,3dddfcf22090fbca,59d331bd,06,cd,d0,1d,0000000000000231,1eeefe7910487de5,59d432bd
561,75,0b,0000000000000231,1eeefe7910487de5,59d432bd,0f,1d,a5,b8,0000000000000232,d7777f3c88243ef2,5ad533be
562,ce,e0,0000000000000232,d7777f3c88243ef2,5ad533be,06,65,5b,3e,0000000000000233,6bbbbf9e44121f79,5ad634be
563,07,af,0000000000000233,6bbbbf9e44121f79,5ad634be,06,7f,0a,75,0000000000000234,eddddfcf22090fbc,5ad735be
564,59,40,0000000000000234,eddddfcf22090fbc,5ad735be,03,9a,cd,57,0000000000000235,76eeefe7910487de,5bd835be
565,90,aa,0000000000000235,76eeefe7910487de,5bd835be,02,37,ff,c8,0000000000000236,3b7777f3c88243ef,5bd935be
566,eb,ab,0000000000000236,3b7777f3c88243ef,5bd935be,0b,be,67,d9,0000000000000237,c5bbbbf9e44121f7,5cda35bf
567,22,dc,0000000000000237,c5bbbbf9e44121f7,5cda35bf,0b,9f,47,d8,0000000000000238,baddddfcf22090fb,5ddb35c0
568,76,40,0000000000000238,baddddfcf22090fb,5ddb35c0,02,0b,a4,af,0000000000000239,856eeefe7910487d,5ddc35c0
569,cf,5e,0000000000000239,856eeefe7910487d,5ddc35c0,03,3e,4a,74,000000000000023a,9ab7777f3c88243e,5edd35c0
570,04,05,000000000000023a,9ab7777f3c88243e,5edd35c0,00,14,7d,69,000000000000023b,4d5bbbbf9e44121f,5edd35c0
571,5d,df,000000000000023b,4d5bbbbf9e44121f,5edd35c0,05,bd,58,e5,000000000000023c,feaddddfcf22090f,5fdd36c0
572,93,2c,000000000000023c,feaddddfcf22090f,5fdd36c0,07,6f,a3,cc,000000000000023d,a756eeefe7910487,60de37c0
573,ea,4a,000000000000023d,a756eeefe7910487,60de37c0,0c,02,fa,f8,000000000000023e,8bab7777f3c88243,60de38c1
574,21,5b,000000000000023e,8bab7777f3c88243,60de38c1,0b,6a,ab,c1,000000000000023f,9dd5bbbbf9e44121,61df38c2
575,78,16,000000000000023f,9dd5bbbbf9e44121,61df38c2,0c,4e,1f,51,0000000000000240,96eaddddfcf22090,61df39c3
576,d0,43,0000000000000240,96eaddddfcf22090,61df39c3,01,28,69,41,0000000000000241,4b756eeefe791048,62df39c3
577,19,87,0000000000000241,4b756eeefe791048,62df39c3,0d,bf,f4,4b,0000000000000242,25bab7777f3c8824,63df3ac4
578,42,d2,0000000000000242,25bab7777f3c8824,63df3ac4,08,33,0e,3d,0000000000000243,12dd5bbbbf9e4412,63df3ac5
579,8b,20,0000000000000243,12dd5bbbbf9e4412,63df3ac5,0a,ec,ce,22,0000000000000244,096eaddddfcf2209,63e03ac6
580,f5,85,0000000000000244,096eaddddfcf2209,63e03ac6,0e,36,85,b3,0000000000000245,dcb756eeefe79104,63e13bc7
581,3c,45,0000000000000245,dcb756eeefe79104,63e13bc7,02,f0,f4,04,0000000000000246,6e5bab7777f3c882,63e23bc7
582,67,0c,0000000000000246,6e5bab7777f3c882,63e23bc7,02,71,4e,3f,0000000000000247,372dd5bbbbf9e441,63e33bc7
583,ae,3d,0000000000000247,372dd5bbbbf9e441,63e33bc7,09,0b,fa,f1,0000000000000248,c396eaddddfcf220,64e33bc8
584,1a,48,0000000000000248,c396eaddddfcf220,64e33bc8,09,ff,a6,59,0000000000000249,61cb756eeefe7910,65e33bc9
585,43,53,0000000000000249,61cb756eeefe7910,65e33bc9,09,86,1b,9d,000000000000024a,30e5bab7777f3c88,66e33bca
586,88,c8,000000000000024a,30e5bab7777f3c88,66e33bca,0a,cb,d8,13,000000000000024b,1872dd5bbbbf9e44,66e43bcb
587,f1,81,000000000000024b,1872dd5bbbbf9e44,66e43bcb,08,d9,54,8d,000000000000024c,0c396eaddddfcf22,66e43bcc
588,3f,d9,000000000000024c,0c396eaddddfcf22,66e43bcc,03,2d,ef,c2,000000000000024d,061cb756eeefe791,67e53bcc
589,66,2d,000000000000024d,061cb756eeefe791,67e53bcc,09,0b,01,0a,000000000000024e,db0e5bab7777f3c8,68e53bcd
590,ad,b4,000000000000024e,db0e5bab7777f3c8,68e53bcd,0a,0a,54,5e,000000000000024f,6d872dd5bbbbf9e4,68e63bce
591,14,2f,000000000000024f,6d872dd5bbbbf9e4,68e63bce,0d,16,8a,9c,0000000000000250,36c396eaddddfcf2,69e63ccf
592,44,4b,0000000000000250,36c396eaddddfcf2,69e63ccf,02,bc,ce,72,0000000000000251,1b61cb756eeefe79,69e73ccf
593,8d,1f,0000000000000251,1b61cb756eeefe79,69e73ccf,0b,18,28,30,0000000000000252,d5b0e5bab7777f3c,6ae83cd0
594,f6,8d,0000000000000252,d5b0e5bab7777f3c,6ae83cd0,01,0a,a1,ab,0000000000000253,6ad872dd5bbbbf9e,6be83cd0
595,3f,8e,0000000000000253,6ad872dd5bbbbf9e,6be83cd0,02,8f,28,a7,0000000000000254,356c396eaddddfcf,6be93cd0
596,61,c4,0000000000000254,356c396eaddddfcf,6be93cd0,0f,ba,4c,f6,0000000000000255,c2b61cb756eeefe7,6cea3dd1
597,a8,bc,0000000000000255,c2b61cb756eeefe7,6cea3dd1,0a,cd,8c,41,0000000000000256,b95b0e5bab7777f3,6ceb3dd2
598,13,ff,0000000000000256,b95b0e5bab7777f3,6ceb3dd2,03,82,78,fa,0000000000000257,84ad872dd5bbbbf9,6dec3dd2
599,5a,4a,0000000000000257,84ad872dd5bbbbf9,6dec3dd2,06,e2,7d,9f,0000000000000258,9a56c396eaddddfc,6ded3ed2
600,8e,50,0000000000000258,9a56c396eaddddfc,6ded3ed2,02,ce,5a,94,0000000000000259,4d2b61cb756eeefe,6dee3ed2
601,f7,ac,0000000000000259,4d2b61cb756eeefe,6dee3ed2,05,9b,c4,5f,000000000000025a,2695b0e5bab7777f,6eee3fd2
602,3c,1c,000000000000025a,2695b0e5bab7777f,6eee3fd2,00,a7,05,a2,000000000000025b,cb4ad872dd5bbbbf,6eee3fd2
603,65,87,000000000000025b,cb4ad872dd5bbbbf,6eee3fd2,02,cb,3b,f0,000000000000025c,bda56c396eaddddf,6eef3fd2
604,ab,65,000000000000025c,bda56c396eaddddf,6eef3fd2,07,56,d8,8e,000000000000025d,86d2b61cb756eeef,6ff040d2
605,12,7b,000000000000025d,86d2b61cb756eeef,6ff040d2,06,e2,63,81,000000000000025e,9b695b0e5bab7777,6ff141d2
606,59,98,000000000000025e,9b695b0e5bab7777,6ff141d2,0c,4b,1e,55,000000000000025f,95b4ad872dd5bbbb,6ff142d3
607,80,4d,000000000000025f,95b4ad872dd5bbbb,6ff142d3,0b,88,90,18,0000000000000260,92da56c396eadddd,70f242d4
608,f8,da,0000000000000260,92da56c396eadddd,70f242d4,0e,a2,b5,17,0000000000000261,916d2b61cb756eee,70f343d5
609,31,0a,0000000000000261,916d2b61cb756eee,70f343d5,0f,7f,43,3c,0000000000000262,48b695b0e5bab777,71f444d6
610,6a,57,0000000000000262,48b695b0e5bab777,71f444d6,05,83,73,f0,0000000000000263,fc5b4ad872dd5bbb,72f445d6
611,a3,b2,0000000000000263,fc5b4ad872dd5bbb,72f445d6,07,3e,c5,fb,0000000000000264,a62da56c396eaddd,73f546d6
612,1d,f2,0000000000000264,a62da56c396eaddd,73f546d6,0c,18,2e,36,0000000000000265,8b16d2b61cb756ee,73f547d7
613,54,9c,0000000000000265,8b16d2b61cb756ee,73f547d7,0e,18,40,58,0000000000000266,458b695b0e5bab77,73f648d8
614,8f,e9,0000000000000266,458b695b0e5bab77,73f648d8,0f,3e,c8,f6,0000000000000267,fac5b4ad872dd5bb,74f749d9
615,c6,6a,0000000000000267,fac5b4ad872dd5bb,74f749d9,0c,ce,8a,44,0000000000000268,a562da56c396eadd,74f74ada
616,32,bd,0000000000000268,a562da56c396eadd,74f74ada,0c,55,76,23,0000000000000269,8ab16d2b61cb756e,74f74bdb
617,6b,d2,0000000000000269,8ab16d2b61cb756e,74f74bdb,08,46,3c,7a,000000000000026a,4558b695b0e5bab7,74f74bdc
618,a0,9e,000000000000026a,4558b695b0e5bab7,74f74bdc,02,2b,e9,c2,000000000000026b,faac5b4ad872dd5b,74f84bdc
619,19,ba,000000000000026b,faac5b4ad872dd5b,74f84bdc,09,e6,88,6e,000000000000026c,a5562da56c396ead,75f84bdd
620,57,2d,000000000000026c,a5562da56c396ead,75f84bdd,0a,27,4a,6d,000000000000026d,8aab16d2b61cb756,75f94bde
621,8e,5c,000000000000026d,8aab16d2b61cb756,75f94bde,04,bd,ac,11,000000000000026e,45558b695b0e5bab,75f94cde
622,c5,84,000000000000026e,45558b695b0e5bab,75f94cde,07,7c,aa,d6,000000000000026f,faaac5b4ad872dd5,76fa4dde
623,3c,4d,000000000000026f,faaac5b4ad872dd5,76fa4dde,00,5e,9a,c4,0000000000000270,a55562da56c396ea,76fa4dde
624,6c,66,0000000000000270,a55562da56c396ea,76fa4dde,02,92,35,a7,0000000000000271,52aab16d2b61cb75,76fb4dde
625,a5,d7,0000000000000271,52aab16d2b61cb75,76fb4dde,05,40,29,69,0000000000000272,f15558b695b0e5ba,77fb4ede
626,1e,8d,0000000000000272,f15558b695b0e5ba,77fb4ede,05,d4,bc,68,0000000000000273,78aaac5b4ad872dd,78fb4fde
627,57,2c,0000000000000273,78aaac5b4ad872dd,78fb4fde,0e,12,c8,da,0000000000000274,e455562da56c396e,78fc50df
628,89,50,0000000000000274,e455562da56c396e,78fc50df,08,79,19,60,0000000000000275,722aab16d2b61cb7,78fc50e0
629,c0,f6,0000000000000275,722aab16d2b61cb7,78fc50e0,02,72,ce,bc,0000000000000276,e115558b695b0e5b,78fd50e0
630,3b,9e,0000000000000276,e115558b695b0e5b,78fd50e0,05,f9,28,d1,0000000000000277,a88aaac5b4ad872d,79fd51e0
631,72,17,0000000000000277,a88aaac5b4ad872d,79fd51e0,02,1e,23,3d,0000000000000278,8c455562da56c396,79fe51e0
632,a6,bc,0000000000000278,8c455562da56c396,79fe51e0,0f,a6,a4,02,0000000000000279,4622aab16d2b61cb,7aff52e1
633,1f,3e,0000000000000279,4622aab16d2b61cb,7aff52e1,0a,ee,4c,a2,000000000000027a,fb115558b695b0e5,7a0052e2
634,54,bf,000000000000027a,fb115558b695b0e5,7a0052e2,02,3b,d9,e2,000000000000027b,a588aaac5b4ad872,7a0152e2
635,8d,24,000000000000027b,a588aaac5b4ad872,7a0152e2,00,55,78,2d,000000000000027c,52c455562da56c39,7a0152e2
636,c3,ed,000000000000027c,52c455562da56c39,7a0152e2,0e,6a,72,18,000000000000027d,f1622aab16d2b61c,7a0253e3
637,3a,3d,000000000000027d,f1622aab16d2b61c,7a0253e3,0b,13,6a,79,000000000000027e,78b115558b695b0e,7b0353e4
638,71,5a,000000000000027e,78b115558b695b0e,7b0353e4,01,55,69,3c,000000000000027f,3c588aaac5b4ad87,7c0353e4
639,a8,74,000000000000027f,3c588aaac5b4ad87,7c0353e4,04,fc,72,8e,0000000000000280,c62c455562da56c3,7c0354e4
640,20,5c,0000000000000280,c62c455562da56c3,7c0354e4,06,64,9e,fa,0000000000000281,bb1622aab16d2b61,7c0455e4
641,69,1f,0000000000000281,bb1622aab16d2b61,7c0455e4,03,29,17,3e,0000000000000282,858b115558b695b0,7d0555e4
642,b2,15,0000000000000282,858b115558b695b0,7d0555e4,0a,20,e9,c9,0000000000000283,42c588aaac5b4ad8,7d0655e5
643,fb,83,0000000000000283,42c588aaac5b4ad8,7d0655e5,0a,9a,6c,f6,0000000000000284,2162c455562da56c,7d0755e6
644,05,23,0000000000000284,2162c455562da56c,7d0755e6,0f,1d,4d,50,0000000000000285,10b1622aab16d2b6,7e0856e7
645,4c,30,0000000000000285,10b1622aab16d2b6,7e0856e7,03,84,70,f4,0000000000000286,0858b115558b695b,7f0956e7
646,97,78,0000000000000286,0858b115558b695b,7f0956e7,0a,34,0b,3f,0000000000000287,dc2c588aaac5b4ad,7f0a56e8
647,de,bf,0000000000000287,dc2c588aaac5b4ad,7f0a56e8,0c,2d,33,1e,0000000000000288,b6162c455562da56,7f0a57e9
648,6a,df,0000000000000288,b6162c455562da56,7f0a57e9,0f,36,f7,c1,0000000000000289,5b0b1622aab16d2b,800b58ea
649,b3,19,0000000000000289,5b0b1622aab16d2b,800b58ea,0f,71,11,60,000000000000028a,f5858b115558b695,810c59eb
650,f8,8d,000000000000028a,f5858b115558b695,810c59eb,07,2e,72,5c,000000000000028b,a2c2c588aaac5b4a,820d5aeb
651,01,15,000000000000028b,a2c2c588aaac5b4a,820d5aeb,0d,63,8e,ed,000000000000028c,516162c455562da5,830d5bec
652,4f,97,000000000000028c,516162c455562da5,830d5bec,00,b6,d8,6e,000000000000028d,f0b0b1622aab16d2,830d5bec
653,96,df,000000000000028d,f0b0b1622aab16d2,830d5bec,0a,d3,7e,ad,000000000000028e,785858b115558b69,830e5bed
654,dd,15,000000000000028e,785858b115558b69,830e5bed,04,e0,a1,41,000000000000028f,e42c2c588aaac5b4,830e5ced
655,64,72,000000000000028f,e42c2c588aaac5b4,830e5ced,06,a4,68,cc,0000000000000290,7216162c455562da,830f5ded
656,b4,14,0000000000000290,7216162c455562da,830f5ded,0b,a9,3c,95,0000000000000291,390b0b1622aab16d,84105dee
657,fd,03,0000000000000291,390b0b1622aab16d,84105dee,03,87,2e,a9,0000000000000292,c485858b115558b6,85115dee
658,06,60,0000000000000292,c485858b115558b6,85115dee,0f,a1,a5,04,0000000000000293,6242c2c588aaac5b,86125eef
659,4f,91,0000000000000293,6242c2c588aaac5b,86125eef,0c,10,4a,5a,0000000000000294,e9216162c455562d,86125ff0
660,91,4a,0000000000000294,e9216162c455562d,86125ff0,05,6a,ba,d0,0000000000000295,ac90b0b1622aab16,871260f0
661,d8,1e,0000000000000295,ac90b0b1622aab16,871260f0,09,c3,00,c3,0000000000000296,56485858b115558b,881260f1
662,63,d0,0000000000000296,56485858b115558b,881260f1,05,0c,ba,b6,0000000000000297,f3242c2c588aaac5,891261f1
663,aa,03,0000000000000297,f3242c2c588aaac5,891261f1,0a,1d,00,1d,0000000000000298,a19216162c455562,891361f2
664,fe,56,0000000000000298,a19216162c455562,891361f2,0a,78,99,e1,0000000000000299,50c90b0b1622aab1,891461f3
665,07,e7,0000000000000299,50c90b0b1622aab1,891461f3,09,f8,bc,44,000000000000029a,f06485858b115558,8a1461f4
666,4c,ee,000000000000029a,f06485858b115558,8a1461f4,0c,e1,dd,3c,000000000000029b,783242c2c588aaac,8a1462f5
667,95,9b,000000000000029b,783242c2c588aaac,8a1462f5,04,c0,a1,61,000000000000029c,3c19216162c45556,8a1463f5
668,db,a1,000000000000029c,3c19216162c45556,8a1463f5,01,cb,41,8a,000000000000029d,1e0c90b0b1622aab,8b1463f5
669,62,6d,000000000000029d,1e0c90b0b1622aab,8b1463f5,0b,87,84,03,000000000000029e,d706485858b11555,8c1563f6
670,a9,78,000000000000029e,d706485858b11555,8c1563f6,00,30,1a,2a,000000000000029f,b383242c2c588aaa,8c1563f6
671,f0,f8,000000000000029f,b383242c2c588aaa,8c1563f6,0a,73,a0,d3,00000000000002a0,59c19216162c4555,8c1663f7
672,08,5b,00000000000002a0,59c19216162c4555,8c1663f7,02,08,c6,ce,00000000000002a1,f4e0c90b0b1622aa,8c1763f7
673,41,6d,00000000000002a1,f4e0c90b0b1622aa,8c1763f7,0b,fd,97,6a,00000000000002a2,7a706485858b1155,8d1863f8
674,9a,45,00000000000002a2,7a706485858b1155,8d1863f8,03,0e,f0,fe,00000000000002a3,e5383242c2c588aa,8e1963f8
675,d3,5f,00000000000002a3,e5383242c2c588aa,8e1963f8,0c,2b,d3,f8,00000000000002a4,729c19216162c455,8e1964f9
676,6d,2d,00000000000002a4,729c19216162c455,8e1964f9,07,dc,54,88,00000000000002a5,e14e0c90b0b1622a,8f1a65f9
677,a4,95,00000000000002a5,e14e0c90b0b1622a,8f1a65f9,0b,98,3c,a4,00000000000002a6,70a706485858b115,901b65fa
678,ff,9f,00000000000002a6,70a706485858b115,901b65fa,0e,e6,db,3d,00000000000002a7,e05383242c2c588a,901c66fb
679,36,54,00000000000002a7,e05383242c2c588a,901c66fb,0c,ff,99,66,00000000000002a8,7029c19216162c45,901c67fc
680,42,0d,00000000000002a8,7029c19216162c45,901c67fc,04,ff,8b,74,00000000000002a9,e014e0c90b0b1622,901c68fc
681,9b,87,00000000000002a9,e014e0c90b0b1622,901c68fc,0c,c1,ce,0f,00000000000002aa,700a706485858b11,901c69fd
682,d0,bb,00000000000002aa,700a706485858b11,901c69fd,01,f4,f2,06,00000000000002ab,e005383242c2c588,911c69fd
683,69,fa,00000000000002ab,e005383242c2c588,911c69fd,00,72,a7,d5,00000000000002ac,70029c19216162c4,911c69fd
684,a7,45,00000000000002ac,70029c19216162c4,911c69fd,06,a8,e7,4f,00000000000002ad,38014e0c90b0b162,911d6afd
685,fe,56,00000000000002ad,38014e0c90b0b162,911d6afd,0e,48,eb,a3,00000000000002ae,1c00a706485858b1,911e6bfe
686,35,c5,00000000000002ae,1c00a706485858b1,911e6bfe,05,53,6a,39,00000000000002af,d6005383242c2c58,921e6cfe
687,4c,2a,00000000000002af,d6005383242c2c58,921e6cfe,0b,67,de,b9,00000000000002b0,6b0029c19216162c,931f6cff
688,9c,bc,00000000000002b0,6b0029c19216162c,931f6cff,00,4b,7b,30,00000000000002b1,358014e0c90b0b16,931f6cff
689,d5,43,00000000000002b1,358014e0c90b0b16,931f6cff,09,c4,d1,15,00000000000002b2,1ac00a706485858b,941f6c00
690,6e,33,00000000000002b2,1ac00a706485858b,941f6c00,04,7c,63,1f,00000000000002b3,d56005383242c2c5,941f6d00
691,a7,ce,00000000000002b3,d56005383242c2c5,941f6d00,07,ec,e6,0a,00000000000002b4,b2b0029c19216162,95206e00
692,f9,02,00000000000002b4,b2b0029c19216162,95206e00,0f,d4,60,b4,00000000000002b5,5958014e0c90b0b1,96216f01
693,30,37,00000000000002b5,5958014e0c90b0b1,96216f01,01,a6,a7,01,00000000000002b6,f4ac00a706485858,97216f01
694,4b,08,00000000000002b6,f4ac00a706485858,97216f01,06,d2,b5,67,00000000000002b7,7a56005383242c2c,97227001
695,82,ed,00000000000002b7,7a56005383242c2c,97227001,0e,03,71,72,00000000000002b8,3d2b0029c1921616,97237102
696,d6,61,00000000000002b8,3d2b0029c1921616,97237102,0b,91,c2,53,00000000000002b9,1e958014e0c90b0b,98247103
697,6f,9c,00000000000002b9,1e958014e0c90b0b,98247103,00,61,bc,dd,00000000000002ba,d74ac00a70648585,98247103
698,a4,9e,00000000000002ba,d74ac00a70648585,98247103,02,e0,0a,ea,00000000000002bb,b3a56005383242c2,98257103
699,fd,55,00000000000002bb,b3a56005383242c2,98257103,00,13,a8,bb,00000000000002bc,59d2b0029c192161,98257103
700,33,d0,00000000000002bc,59d2b0029c192161,98257103,05,73,04,77,00000000000002bd,f4e958014e0c90b0,99257203
701,4a,be,00000000000002bd,f4e958014e0c90b0,99257203,05,b0,5d,ed,00000000000002be,7a74ac00a7064858,9a257303
702,81,f5,00000000000002be,7a74ac00a7064858,9a257303,0d,22,02,20,00000000000002bf,3d3a56005383242c,9b257404
703,d8,86,00000000000002bf,3d3a56005383242c,9b257404,0b,8f,bf,30,00000000000002c0,1e9d2b0029c19216,9c267405
704,70,34,00000000000002c0,1e9d2b0029c19216,9c267405,03,98,dc,44,00000000000002c1,0f4e958014e0c90b,9d277405
705,b9,e7,00000000000002c1,0f4e958014e0c90b,9d277405,02,79,e7,9e,00000000000002c2,dfa74ac00a706485,9d287405
706,e2,ba,00000000000002c2,dfa74ac00a706485,9d287405,07,97,26,b1,00000000000002c3,b7d3a56005383242,9e297505
707,2b,a8,00000000000002c3,b7d3a56005383242,9e297505,0b,d8,84,5c,00000000000002c4,5be9d2b0029c1921,9f2a7506
708,55,bd,00000000000002c4,5be9d2b0029c1921,9f2a7506,04,9b,cf,54,00000000000002c5,f5f4e958014e0c90,9f2a7606
709,9c,30,00000000000002c5,f5f4e958014e0c90,9f2a7606,09,8f,12,9d,00000000000002c6,7afa74ac00a70648,a02a7607
710,c7,f1,00000000000002c6,7afa74ac00a70648,a02a7607,09,7a,e9,93,00000000000002c7,3d7d3a5600538324,a12a7608
711,0e,1a,00000000000002c7,3d7d3a5600538324,a12a7608,07,a9,81,28,00000000000002c8,1ebe9d2b0029c192,a22b7708
712,ba,55,00000000000002c8,1ebe9d2b0029c192,a22b7708,08,36,5e,68,00000000000002c9,0f5f4e958014e0c9,a22b7709
713,e3,15,00000000000002c9,0f5f4e958014e0c9,a22b7709,0d,23,44,67,00000000000002ca,dfafa74ac00a7064,a32b780a
714,28,c9,00000000000002ca,dfafa74ac00a7064,a32b780a,0d,a2,c4,66,00000000000002cb,6fd7d3a560053832,a42b790b
715,51,13,00000000000002cb,6fd7d3a560053832,a42b790b,02,40,2c,6c,00000000000002cc,37ebe9d2b0029c19,a42c790b
716,9f,b7,00000000000002cc,37ebe9d2b0029c19,a42c790b,03,4c,1b,57,00000000000002cd,c3f5f4e958014e0c,a52d790b
717,c6,c3,00000000000002cd,c3f5f4e958014e0c,a52d790b,08,af,0e,a1,00000000000002ce,61fafa74ac00a706,a52d790c
718,0d,b7,00000000000002ce,61fafa74ac00a706,a52d790c,04,dd,66,bb,00000000000002cf,30fd7d3a56005383,a52d7a0c
719,b4,b9,00000000000002cf,30fd7d3a56005383,a52d7a0c,0f,47,e1,a6,00000000000002d0,c07ebe9d2b0029c1,a62e7b0d
720,e4,c3,00000000000002d0,c07ebe9d2b0029c1,a62e7b0d,0a,b7,6e,d9,00000000000002d1,b83f5f4e958014e0,a62f7b0e
721,2d,8a,00000000000002d1,b83f5f4e958014e0,a62f7b0e,06,08,95,9d,00000000000002d2,5c1fafa74ac00a70,a6307c0e
722,56,56,00000000000002d2,5c1fafa74ac00a70,a6307c0e,0e,00,66,66,00000000000002d3,2e0fd7d3a5600538,a6317d0f
723,9f,ba,00000000000002d3,2e0fd7d3a5600538,a6317d0f,06,f6,e5,13,00000000000002d4,1707ebe9d2b0029c,a6327e0f
724,c1,de,00000000000002d4,1707ebe9d2b0029c,a6327e0f,08,c9,2b,e2,00000000000002d5,0b83f5f4e958014e,a6327e10
725,08,3f,00000000000002d5,0b83f5f4e958014e,a6327e10,01,37,46,71,00000000000002d6,05c1fafa74ac00a7,a7327e10
726,b3,eb,00000000000002d6,05c1fafa74ac00a7,a7327e10,04,6e,17,79,00000000000002d7,dae0fd7d3a560053,a7327f10
727,fa,b8,00000000000002d7,dae0fd7d3a560053,a7327f10,03,c1,f1,30,00000000000002d8,b5707ebe9d2b0029,a8337f10
728,2e,df,00000000000002d8,b5707ebe9d2b0029,a8337f10,01,69,5b,32,00000000000002d9,82b83f5f4e958014,a9337f10
729,57,88,00000000000002d9,82b83f5f4e958014,a9337f10,0d,27,ee,c9,00000000000002da,415c1fafa74ac00a,aa338011
730,9c,04,00000000000002da,415c1fafa74ac00a,aa338011,07,fb,d3,28,00000000000002db,20ae0fd7d3a56005,ab348111
731,c5,e3,00000000000002db,20ae0fd7d3a56005,ab348111,00,c5,db,1e,00000000000002dc,c85707ebe9d2b002,ab348111
732,0b,2e,00000000000002dc,c85707ebe9d2b002,ab348111,06,43,7f,3c,00000000000002dd,642b83f5f4e95801,ab358211
733,b2,c3,00000000000002dd,642b83f5f4e95801,ab358211,04,02,66,64,00000000000002de,ea15c1fafa74ac00,ab358311
734,f9,36,00000000000002de,ea15c1fafa74ac00,ab358311,05,37,ac,9b,00000000000002df,750ae0fd7d3a5600,ac358411
735,20,43,00000000000002df,750ae0fd7d3a5600,ac358411,0f,6c,d1,bd,00000000000002e0,3a85707ebe9d2b00,ad368512
736,58,7b,00000000000002e0,3a85707ebe9d2b00,ad368512,0b,65,19,7c,00000000000002e1,1d42b83f5f4e9580,ae378513
737,91,71,00000000000002e1,1d42b83f5f4e9580,ae378513,0e,45,5c,19,00000000000002e2,0ea15c1fafa74ac0,ae388614
738,ca,9b,00000000000002e2,0ea15c1fafa74ac0,ae388614,09,08,71,79,00000000000002e3,0750ae0fd7d3a560,af388615
739,03,3c,00000000000002e3,0750ae0fd7d3a560,af388615,0f,ec,9a,76,00000000000002e4,03a85707ebe9d2b0,b0398716
740,bd,8d,00000000000002e4,03a85707ebe9d2b0,b0398716,07,48,b7,ff,00000000000002e5,01d42b83f5f4e958,b13a8816
741,f4,4e,00000000000002e5,01d42b83f5f4e958,b13a8816,01,9a,f8,62,00000000000002e6,00ea15c1fafa74ac,b23a8816
742,2f,58,00000000000002e6,00ea15c1fafa74ac,b23a8816,08,5d,8d,d0,00000000000002e7,00750ae0fd7d3a56,b23a8817
743,66,51,00000000000002e7,00750ae0fd7d3a56,b23a8817,0c,dc,a3,7f,00000000000002e8,003a85707ebe9d2b,b23a8918
744,92,b4,00000000000002e8,003a85707ebe9d2b,b23a8918,07,1f,ea,f5,00000000000002e9,d81d42b83f5f4e95,b33b8a18
745,cb,92,00000000000002e9,d81d42b83f5f4e95,b33b8a18,0d,2e,72,5c,00000000000002ea,b40ea15c1fafa74a,b43b8b19
746,00,41,00000000000002ea,b40ea15c1fafa74a,b43b8b19,0b,7c,9e,e2,00000000000002eb,5a0750ae0fd7d3a5,b53c8b1a
747,b9,85,00000000000002eb,5a0750ae0fd7d3a5,b53c8b1a,01,7e,ac,d2,00000000000002ec,f503a85707ebe9d2,b63c8b1a
748,f7,69,00000000000002ec,f503a85707ebe9d2,b63c8b1a,0e,d7,f3,24,00000000000002ed,7a81d42b83f5f4e9,b63d8c1b
749,2e,77,00000000000002ed,7a81d42b83f5f4e9,b63d8c1b,04,0e,c6,c8,00000000000002ee,e540ea15c1fafa74,b63d8d1b
750,65,a3,00000000000002ee,e540ea15c1fafa74,b63d8d1b,07,fd,da,27,00000000000002ef,72a0750ae0fd7d3a,b73e8e1b
751,9c,a4,00000000000002ef,72a0750ae0fd7d3a,b73e8e1b,0a,70,bc,cc,00000000000002f0,39503a85707ebe9d,b73f8e1c
752,cc,73,00000000000002f0,39503a85707ebe9d,b73f8e1c,0e,f2,9d,6f,00000000000002f1,c4a81d42b83f5f4e,b7408f1d
753,05,8d,00000000000002f1,c4a81d42b83f5f4e,b7408f1d,0d,98,c9,51,00000000000002f2,62540ea15c1fafa7,b840901e
754,be,e8,00000000000002f2,62540ea15c1fafa7,b840901e,05,96,08,9e,00000000000002f3,e92a0750ae0fd7d3,b940911e
755,f7,2c,00000000000002f3,e92a0750ae0fd7d3,b940911e,05,40,90,d0,00000000000002f4,ac9503a85707ebe9,ba40921e
756,29,bf,00000000000002f4,ac9503a85707ebe9,ba40921e,0f,c5,da,1f,00000000000002f5,8e4a81d42b83f5f4,bb41931f
757,60,6f,00000000000002f5,8e4a81d42b83f5f4,bb41931f,07,4d,8b,c6,00000000000002f6,472540ea15c1fafa,bc42941f
758,9b,05,00000000000002f6,472540ea15c1fafa,bc42941f,0a,a2,c6,64,00000000000002f7,2392a0750ae0fd7d,bc439420
759,d2,3e,00000000000002f7,2392a0750ae0fd7d,bc439420,08,9b,df,44,00000000000002f8,c9c9503a85707ebe,bc439421
760,06,d2,00000000000002f8,c9c9503a85707ebe,bc439421,06,66,46,20,00000000000002f9,64e4a81d42b83f5f,bc449521
761,bf,50,00000000000002f9,64e4a81d42b83f5f,bc449521,09,4c,55,19,00000000000002fa,ea72540ea15c1faf,bd449522
762,f4,bd,00000000000002fa,ea72540ea15c1faf,bd449522,01,52,75,27,00000000000002fb,ad392a0750ae0fd7,be449522
763,2d,3d,00000000000002fb,ad392a0750ae0fd7,be449522,0e,39,f5,cc,00000000000002fc,8e9c9503a85707eb,be459623
764,63,67,00000000000002fc,8e9c9503a85707eb,be459623,0c,99,24,bd,00000000000002fd,9f4e4a81d42b83f5,be459724
765,9a,4e,00000000000002fd,9f4e4a81d42b83f5,be459724,08,e2,e2,00,00000000000002fe,97a72540ea15c1fa,be459725
766,d1,3c,00000000000002fe,97a72540ea15c1fa,be459725,00,ef,16,f9,00000000000002ff,4bd392a0750ae0fd,be459725
767,08,81,00000000000002ff,4bd392a0750ae0fd,be459725,0d,e6,d1,37,0000000000000300,fde9c9503a85707e,bf459826
768,c0,f8,0000000000000300,fde9c9503a85707e,bf459826,0b,e0,87,67,0000000000000301,7ef4e4a81d42b83f,c0469827
769,89,53,0000000000000301,7ef4e4a81d42b83f,c0469827,00,8d,f7,7a,0000000000000302,e77a72540ea15c1f,c0469827
770,52,1f,0000000000000302,e77a72540ea15c1f,c0469827,02,1f,50,4f,0000000000000303,abbd392a0750ae0f,c0479827
771,1b,5c,0000000000000303,abbd392a0750ae0f,c0479827,0d,6b,03,68,0000000000000304,8dde9c9503a85707,c1479928
772,e5,fd,0000000000000304,8dde9c9503a85707,c1479928,06,76,89,ff,0000000000000305,9eef4e4a81d42b83,c1489a28
773,ac,15,0000000000000305,9eef4e4a81d42b83,c1489a28,02,f6,97,61,0000000000000306,9777a72540ea15c1,c1499a28
774,77,14,0000000000000306,9777a72540ea15c1,c1499a28,01,0d,11,1c,0000000000000307,93bbd392a0750ae0,c2499a28
775,3e,14,0000000000000307,93bbd392a0750ae0,c2499a28,0a,56,24,72,0000000000000308,49dde9c9503a8570,c24a9a29
776,8a,3d,0000000000000308,49dde9c9503a8570,c24a9a29,0a,ee,df,31,0000000000000309,24eef4e4a81d42b8,c24b9a2a
777,53,bf,0000000000000309,24eef4e4a81d42b8,c24b9a2a,01,63,f6,95,000000000000030a,12777a72540ea15c,c34b9a2a
778,18,1d,000000000000030a,12777a72540ea15c,c34b9a2a,03,73,75,06,000000000000030b,093bbd392a0750ae,c44c9a2a
779,e1,2b,000000000000030b,093bbd392a0750ae,c44c9a2a,0d,43,f5,b6,000000000000030c,049dde9c9503a857,c54c9b2b
780,af,eb,000000000000030c,049dde9c9503a857,c54c9b2b,06,36,a6,90,000000000000030d,da4eef4e4a81d42b,c54d9c2b
781,76,1f,000000000000030d,da4eef4e4a81d42b,c54d9c2b,02,67,15,72,000000000000030e,b52777a72540ea15,c54e9c2b
782,3d,52,000000000000030e,b52777a72540ea15,c54e9c2b,03,75,fc,89,000000000000030f,8293bbd392a0750a,c64f9c2b
783,84,00,000000000000030f,8293bbd392a0750a,c64f9c2b,01,30,03,33,0000000000000310,4149dde9c9503a85,c74f9c2b
784,54,82,0000000000000310,4149dde9c9503a85,c74f9c2b,03,3e,34,0a,0000000000000311,f8a4eef4e4a81d42,c8509c2b
785,1d,c8,0000000000000311,f8a4eef4e4a81d42,c8509c2b,05,b2,de,6c,0000000000000312,7c52777a72540ea1,c9509d2b
786,e6,69,0000000000000312,7c52777a72540ea1,c9509d2b,02,60,d7,b7,0000000000000313,e6293bbd392a0750,c9519d2b
787,af,b0,0000000000000313,e6293bbd392a0750,c9519d2b,01,57,90,c7,0000000000000314,73149dde9c9503a8,ca519d2b
788,71,4f,0000000000000314,73149dde9c9503a8,ca519d2b,01,0d,36,3b,0000000000000315,398a4eef4e4a81d4,cb519d2b
789,38,83,0000000000000315,398a4eef4e4a81d4,cb519d2b,01,65,99,fc,0000000000000316,1cc52777a72540ea,cc519d2b
790,83,0c,0000000000000316,1cc52777a72540ea,cc519d2b,00,ab,ae,05,0000000000000317,0e6293bbd392a075,cc519d2b
791,4a,74,0000000000000317,0e6293bbd392a075,cc519d2b,05,e5,5d,b8,0000000000000318,df3149dde9c9503a,cd519e2b
792,1e,c7,0000000000000318,df3149dde9c9503a,cd519e2b,03,b9,1c,a5,0000000000000319,6f98a4eef4e4a81d,ce529e2b
793,e7,0b,0000000000000319,6f98a4eef4e4a81d,ce529e2b,02,83,2f,ac,000000000000031a,efcc52777a72540e,ce539e2b
794,ac,1c,000000000000031a,efcc52777a72540e,ce539e2b,0e,65,26,43,000000000000031b,77e6293bbd392a07,ce549f2c
795,75,8b,000000000000031b,77e6293bbd392a07,ce549f2c,03,1f,9a,85,000000000000031c,e3f3149dde9c9503,cf559f2c
796,3b,58,000000000000031c,e3f3149dde9c9503,cf559f2c,09,cf,e5,2a,000000000000031d,a9f98a4eef4e4a81,d0559f2d
797,82,c1,000000000000031d,a9f98a4eef4e4a81,d0559f2d,01,ec,1b,f7,000000000000031e,8cfcc52777a72540,d1559f2d
798,49,a1,000000000000031e,8cfcc52777a72540,d1559f2d,02,13,dd,ce,000000000000031f,467e6293bbd392a0,d1569f2d
799,10,aa,000000000000031f,467e6293bbd392a0,d1569f2d,05,7b,26,5d,0000000000000320,233f3149dde9c950,d256a02d
800,e8,e6,0000000000000320,233f3149dde9c950,d256a02d,01,b9,67,de,0000000000000321,119f98a4eef4e4a8,d356a02d
801,a1,e5,0000000000000321,119f98a4eef4e4a8,d356a02d,05,26,71,57,0000000000000322,08cfcc52777a7254,d456a12d
802,7a,d1,0000000000000322,08cfcc52777a7254,d456a12d,05,08,8c,84,0000000000000323,0467e6293bbd392a,d556a22d
803,33,2f,0000000000000323,0467e6293bbd392a,d556a22d,00,9e,9c,02,0000000000000324,0233f3149dde9c95,d556a22d
804,8d,8f,0000000000000324,0233f3149dde9c95,d556a22d,08,9f,d4,4b,0000000000000325,d919f98a4eef4e4a,d556a22e
805,44,74,0000000000000325,d919f98a4eef4e4a,d556a22e,04,c1,ef,2e,0000000000000326,6c8cfcc52777a725,d556a32e
806,1f,df,0000000000000326,6c8cfcc52777a725,d556a32e,03,04,ca,ce,0000000000000327,ee467e6293bbd392,d657a32e
807,d6,df,0000000000000327,ee467e6293bbd392,d657a32e,0c,54,be,ea,0000000000000328,77233f3149dde9c9,d657a42f
808,a2,d0,0000000000000328,77233f3149dde9c9,d657a42f,0d,88,7f,f7,0000000000000329,e3919f98a4eef4e4,d757a530
809,7b,22,0000000000000329,e3919f98a4eef4e4,d757a530,01,8c,3f,b3,000000000000032a,71c8cfcc52777a72,d857a530
810,30,68,000000000000032a,71c8cfcc52777a72,d857a530,05,7a,42,38,000000000000032b,38e467e6293bbd39,d957a630
811,89,19,000000000000032b,38e467e6293bbd39,d957a630,0b,60,92,f2,000000000000032c,c47233f3149dde9c,da58a631
812,47,0b,000000000000032c,c47233f3149dde9c,da58a631,01,7b,d0,ab,000000000000032d,623919f98a4eef4e,db58a631
813,1e,de,000000000000032d,623919f98a4eef4e,db58a631,04,15,d9,cc,000000000000032e,311c8cfcc52777a7,db58a731
814,d5,bc,000000000000032e,311c8cfcc52777a7,db58a731,07,2d,2d,00,000000000000032f,c08e467e6293bbd3,dc59a831
815,ac,f4,000000000000032f,c08e467e6293bbd3,dc59a831,0e,d7,6f,b8,0000000000000330,b847233f3149dde9,dc5aa932
816,7c,63,0000000000000330,b847233f3149dde9,dc5aa932,0a,05,ad,a8,0000000000000331,8423919f98a4eef4,dc5ba933
817,35,84,0000000000000331,8423919f98a4eef4,dc5ba933,08,3a,d4,ee,0000000000000332,4211c8cfcc52777a,dc5ba934
818,8e,ca,0000000000000332,4211c8cfcc52777a,dc5ba934,01,88,1e,96,0000000000000333,2108e467e6293bbd,dd5ba934
819,47,f7,0000000000000333,2108e467e6293bbd,dd5ba934,0e,c2,89,4b,0000000000000334,c8847233f3149dde,dd5caa35
820,19,4e,0000000000000334,c8847233f3149dde,dd5caa35,0f,94,b1,25,0000000000000335,64423919f98a4eef,de5dab36
821,d0,39,0000000000000335,64423919f98a4eef,de5dab36,0b,27,01,26,0000000000000336,ea211c8cfcc52777,df5eab37
822,ab,3f,0000000000000336,ea211c8cfcc52777,df5eab37,01,49,f0,b9,0000000000000337,ad108e467e6293bb,e05eab37
823,62,72,0000000000000337,ad108e467e6293bb,e05eab37,0b,89,f0,79,0000000000000338,8e8847233f3149dd,e15fab38
824,36,65,0000000000000338,8e8847233f3149dd,e15fab38,01,94,ed,79,0000000000000339,9f4423919f98a4ee,e25fab38
825,8f,41,0000000000000339,9f4423919f98a4ee,e25fab38,0e,51,87,d6,000000000000033a,4fa211c8cfcc5277,e260ac39
826,44,b0,000000000000033a,4fa211c8cfcc5277,e260ac39,0d,97,b0,27,000000000000033b,ffd108e467e6293b,e360ad3a
827,1d,7c,000000000000033b,ffd108e467e6293b,e360ad3a,05,c7,05,c2,000000000000033c,a7e8847233f3149d,e460ae3a
828,d3,3b,000000000000033c,a7e8847233f3149d,e460ae3a,06,2c,10,3c,000000000000033d,8bf4423919f98a4e,e461af3a
829,aa,28,000000000000033d,8bf4423919f98a4e,e461af3a,09,14,93,87,000000000000033e,45fa211c8cfcc527,e561af3b
830,61,d9,000000000000033e,45fa211c8cfcc527,e561af3b,09,96,90,06,000000000000033f,fafd108e467e6293,e661af3c
831,38,33,000000000000033f,fafd108e467e6293,e661af3c,0d,1a,da,c0,0000000000000340,a57e8847233f3149,e761b03d
832,90,b0,0000000000000340,a57e8847233f3149,e761b03d,00,61,96,f7,0000000000000341,8abf4423919f98a4,e761b03d
833,59,ad,0000000000000341,8abf4423919f98a4,e761b03d,02,f2,03,f1,0000000000000342,455fa211c8cfcc52,e762b03d
834,02,a2,0000000000000342,455fa211c8cfcc52,e762b03d,08,c4,93,57,0000000000000343,22afd108e467e629,e762b03e
835,cb,54,0000000000000343,22afd108e467e629,e762b03e,07,45,88,cd,0000000000000344,c957e8847233f314,e863b13e
836,b5,77,0000000000000344,c957e8847233f314,e863b13e,06,c6,37,f1,0000000000000345,64abf4423919f98a,e864b23e
837,7c,09,0000000000000345,64abf4423919f98a,e864b23e,05,19,6f,76,0000000000000346,3255fa211c8cfcc5,e964b33e
838,27,26,0000000000000346,3255fa211c8cfcc5,e964b33e,0e,07,b4,b3,0000000000000347,c12afd108e467e62,e965b43f
839,ee,02,0000000000000347,c12afd108e467e62,e965b43f,09,ae,bf,11,0000000000000348,60957e8847233f31,ea65b440
840,5a,b6,0000000000000348,60957e8847233f31,ea65b440,05,36,f7,c1,0000000000000349,e84abf4423919f98,eb65b540
841,03,b3,0000000000000349,e84abf4423919f98,eb65b540,04,b4,a3,17,000000000000034a,74255fa211c8cfcc,eb65b640
842,c8,df,000000000000034a,74255fa211c8cfcc,eb65b640,08,42,0b,49,000000000000034b,3a12afd108e467e6,eb65b641
843,b1,c6,000000000000034b,3a12afd108e467e6,eb65b641,05,78,e7,9f,000000000000034c,1d0957e8847233f3,ec65b741
844,7f,08,000000000000034c,1d0957e8847233f3,ec65b741,0d,26,c8,ee,000000000000034d,d684abf4423919f9,ed65b842
845,26,1e,000000000000034d,d684abf4423919f9,ed65b842,0d,9b,33,a8,000000000000034e,b34255fa211c8cfc,ee65b943
846,ed,09,000000000000034e,b34255fa211c8cfc,ee65b943,0d,f9,93,6a,000000000000034f,59a12afd108e467e,ef65ba44
847,54,ef,000000000000034f,59a12afd108e467e,ef65ba44,03,0d,d9,d4,0000000000000350,2cd0957e8847233f,f066ba44
848,04,85,0000000000000350,2cd0957e8847233f,f066ba44,00,03,4b,48,0000000000000351,ce684abf4423919f,f066ba44
849,cd,f0,0000000000000351,ce684abf4423919f,f066ba44,0c,b7,2c,9b,0000000000000352,bf34255fa211c8cf,f066bb45
850,b6,51,0000000000000352,bf34255fa211c8cf,f066bb45,01,a8,b0,18,0000000000000353,879a12afd108e467,f166bb45
851,7f,f5,0000000000000353,879a12afd108e467,f166bb45,0c,15,10,05,0000000000000354,9bcd0957e8847233,f166bc46
852,21,c7,0000000000000354,9bcd0957e8847233,f166bc46,0c,ef,ff,10,0000000000000355,95e684abf4423919,f166bd47
853,e8,9d,0000000000000355,95e684abf4423919,f166bd47,08,0e,20,2e,0000000000000356,92f34255fa211c8c,f166bd48
854,53,fd,0000000000000356,92f34255fa211c8c,f166bd48,08,b5,01,b4,0000000000000357,4979a12afd108e46,f166bd49
855,1a,db,0000000000000357,4979a12afd108e46,f166bd49,0a,36,9b,ad,0000000000000358,24bcd0957e884723,f167bd4a
856,ce,88,0000000000000358,24bcd0957e884723,f167bd4a,04,17,38,2f,0000000000000359,ca5e684abf442391,f167be4a
857,b7,ae,0000000000000359,ca5e684abf442391,f167be4a,08,35,70,45,000000000000035a,bd2f34255fa211c8,f167be4b
858,7c,61,000000000000035a,bd2f34255fa211c8,f167be4b,02,6d,94,f9,000000000000035b,5e979a12afd108e4,f168be4b
859,25,c5,000000000000035b,5e979a12afd108e4,f168be4b,0e,26,c7,e1,000000000000035c,2f4bcd0957e88472,f169bf4c
860,eb,28,000000000000035c,2f4bcd0957e88472,f169bf4c,07,b6,07,b1,000000000000035d,17a5e684abf44239,f26ac04c
861,52,54,000000000000035d,17a5e684abf44239,f26ac04c,00,d6,41,97,000000000000035e,d3d2f34255fa211c,f26ac04c
862,19,f1,000000000000035e,d3d2f34255fa211c,f26ac04c,07,fa,4b,b1,000000000000035f,69e979a12afd108e,f36bc14c
863,c0,57,000000000000035f,69e979a12afd108e,f36bc14c,00,81,5d,dc,0000000000000360,34f4bcd0957e8847,f36bc14c
864,b8,82,0000000000000360,34f4bcd0957e8847,f36bc14c,02,2a,8b,a1,0000000000000361,c27a5e684abf4423,f36cc14c
865,71,08,0000000000000361,c27a5e684abf4423,f36cc14c,09,5e,6a,34,0000000000000362,b93d2f34255fa211,f46cc14d
866,2a,d5,0000000000000362,b93d2f34255fa211,f46cc14d,0c,de,95,4b,0000000000000363,849e979a12afd108,f46cc24e
867,e3,46,0000000000000363,849e979a12afd108,f46cc24e,0d,a7,60,c7,0000000000000364,424f4bcd0957e884,f56cc34f
868,5d,a8,0000000000000364,424f4bcd0957e884,f56cc34f,0a,46,1a,5c,0000000000000365,2127a5e684abf442,f56dc350
869,14,bb,0000000000000365,2127a5e684abf442,f56dc350,07,d0,ab,7b,0000000000000366,1093d2f34255fa21,f66ec450
870,cf,a0,0000000000000366,1093d2f34255fa21,f66ec450,0b,a2,52,f0,0000000000000367,d049e979a12afd10,f76fc451
871,86,ea,0000000000000367,d049e979a12afd10,f76fc451,08,73,0f,7c,0000000000000368,6824f4bcd0957e88,f76fc452
872,72,6e,0000000000000368,6824f4bcd0957e88,f76fc452,01,4b,93,d8,0000000000000369,34127a5e684abf44,f86fc452
873,2b,ba,0000000000000369,34127a5e684abf44,f86fc452,00,c0,e9,29,000000000000036a,1a093d2f34255fa2,f86fc452
874,e0,32,000000000000036a,1a093d2f34255fa2,f86fc452,08,98,bf,27,000000000000036b,0d049e979a12afd1,f86fc453
875,59,03,000000000000036b,0d049e979a12afd1,f86fc453,09,3f,b0,8f,000000000000036c,de824f4bcd0957e8,f96fc454
876,17,41,000000000000036c,de824f4bcd0957e8,f96fc454,0d,a4,e7,43,000000000000036d,6f4127a5e684abf4,fa6fc555
877,ce,fb,000000000000036d,6f4127a5e684abf4,fa6fc555,03,5d,6a,37,000000000000036e,37a093d2f34255fa,fb70c555
878,85,53,000000000000036e,37a093d2f34255fa,fb70c555,0e,d9,85,5c,000000000000036f,1bd049e979a12afd,fb71c656
879,7c,c5,000000000000036f,1bd049e979a12afd,fb71c656,09,c0,c2,02,0000000000000370,d5e824f4bcd0957e,fc71c657
880,2c,8d,0000000000000370,d5e824f4bcd0957e,fc71c657,03,30,20,10,0000000000000371,6af4127a5e684abf,fd72c657
881,e5,02,0000000000000371,6af4127a5e684abf,fd72c657,08,a7,ea,4d,0000000000000372,ed7a093d2f34255f,fd72c658
882,5e,6b,0000000000000372,ed7a093d2f34255f,fd72c658,08,a4,b0,14,0000000000000373,aebd049e979a12af,fd72c659
883,17,e0,0000000000000373,aebd049e979a12af,fd72c659,02,29,24,0d,0000000000000374,8f5e824f4bcd0957,fd73c659
884,c9,0d,0000000000000374,8f5e824f4bcd0957,fd73c659,04,95,7b,ee,0000000000000375,9faf4127a5e684ab,fd73c759
885,80,f5,0000000000000375,9faf4127a5e684ab,fd73c759,0e,ad,44,e9,0000000000000376,97d7a093d2f34255,fd74c85a
886,7b,fb,0000000000000376,97d7a093d2f34255,fd74c85a,0a,9b,7d,e6,0000000000000377,93ebd049e979a12a,fd75c85b
887,32,29,0000000000000377,93ebd049e979a12a,fd75c85b,01,04,2a,2e,0000000000000378,49f5e824f4bcd095,fe75c85b
888,e6,9a,0000000000000378,49f5e824f4bcd095,fe75c85b,06,c0,c5,05,0000000000000379,fcfaf4127a5e684a,fe76c95b
889,5f,20,0000000000000379,fcfaf4127a5e684a,fe76c95b,02,23,68,4b,000000000000037a,7e7d7a093d2f3425,fe77c95b
890,14,2d,000000000000037a,7e7d7a093d2f3425,fe77c95b,03,64,11,75,000000000000037b,e73ebd049e979a12,ff78c95b
891,cd,95,000000000000037b,e73ebd049e979a12,ff78c95b,01,6b,ff,94,000000000000037c,739f5e824f4bcd09,0078c95b
892,83,9a,000000000000037c,739f5e824f4bcd09,0078c95b,0b,72,7d,0f,000000000000037d,e1cfaf4127a5e684,0179c95c
893,7a,41,000000000000037d,e1cfaf4127a5e684,0179c95c,0f,3b,1f,24,000000000000037e,70e7d7a093d2f342,027aca5d
894,31,0b,000000000000037e,70e7d7a093d2f342,027aca5d,08,9a,c4,5e,000000000000037f,3873ebd049e979a1,027aca5e
895,e8,23,000000000000037f,3873ebd049e979a1,027aca5e,01,79,9b,e2,0000000000000380,c439f5e824f4bcd0,037aca5e
896,60,d5,0000000000000380,c439f5e824f4bcd0,037aca5e,07,bd,3b,86,0000000000000381,621cfaf4127a5e68,047bcb5e
897,29,45,0000000000000381,621cfaf4127a5e68,047bcb5e,06,c4,67,a3,0000000000000382,310e7d7a093d2f34,047ccc5e
898,f2,17,0000000000000382,310e7d7a093d2f34,047ccc5e,02,5e,4d,13,0000000000000383,18873ebd049e979a,047dcc5e
899,bb,12,0000000000000383,18873ebd049e979a,047dcc5e,04,18,68,70,0000000000000384,0c439f5e824f4bcd,047dcd5e
900,45,39,0000000000000384,0c439f5e824f4bcd,047dcd5e,03,59,21,78,0000000000000385,de21cfaf4127a5e6,057ecd5e
901,0c,97,0000000000000385,de21cfaf4127a5e6,057ecd5e,0b,57,97,c0,0000000000000386,6f10e7d7a093d2f3,067fcd5f
902,d7,50,0000000000000386,6f10e7d7a093d2f3,067fcd5f,01,f4,42,b6,0000000000000387,ef8873ebd049e979,077fcd5f
903,9e,f9,0000000000000387,ef8873ebd049e979,077fcd5f,05,8a,0e,84,0000000000000388,afc439f5e824f4bc,087fce5f
904,2a,8e,0000000000000388,afc439f5e824f4bc,087fce5f,06,b9,0d,b4,0000000000000389,57e21cfaf4127a5e,0880cf5f
905,f3,d3,0000000000000389,57e21cfaf4127a5e,0880cf5f,03,78,3f,47,000000000000038a,2bf10e7d7a093d2f,0981cf5f
906,b8,ad,000000000000038a,2bf10e7d7a093d2f,0981cf5f,02,72,8e,fc,000000000000038b,cdf8873ebd049e97,0982cf5f
907,41,ee,000000000000038b,cdf8873ebd049e97,0982cf5f,05,44,18,5c,000000000000038c,befc439f5e824f4b,0a82d05f
908,0f,5e,000000000000038c,befc439f5e824f4b,0a82d05f,0a,f1,0c,fd,000000000000038d,877e21cfaf4127a5,0a83d060
909,d6,18,000000000000038d,877e21cfaf4127a5,0a83d060,0a,56,fd,ab,000000000000038e,9bbf10e7d7a093d2,0a84d061
910,9d,88,000000000000038e,9bbf10e7d7a093d2,0a84d061,05,97,74,e3,000000000000038f,4ddf8873ebd049e9,0b84d161
911,24,bd,000000000000038f,4ddf8873ebd049e9,0b84d161,09,02,fa,f8,0000000000000390,feefc439f5e824f4,0c84d162
912,f4,d4,0000000000000390,feefc439f5e824f4,0c84d162,0e,35,96,a3,0000000000000391,7f77e21cfaf4127a,0c85d263
913,bd,17,0000000000000391,7f77e21cfaf4127a,0c85d263,06,7e,40,3e,0000000000000392,3fbbf10e7d7a093d,0c86d363
914,46,a9,0000000000000392,3fbbf10e7d7a093d,0c86d363,00,13,2b,38,0000000000000393,c7ddf8873ebd049e,0c86d363
915,0f,26,0000000000000393,c7ddf8873ebd049e,0c86d363,0c,53,b5,e6,0000000000000394,63eefc439f5e824f,0c86d464
916,d1,3d,0000000000000394,63eefc439f5e824f,0c86d464,03,32,ed,df,0000000000000395,e9f77e21cfaf4127,0d87d464
917,98,e9,0000000000000395,e9f77e21cfaf4127,0d87d464,00,65,63,06,0000000000000396,acfbbf10e7d7a093,0d87d464
918,23,f2,0000000000000396,acfbbf10e7d7a093,0d87d464,02,d1,d3,02,0000000000000397,8e7ddf8873ebd049,0d88d464
919,ea,7f,0000000000000397,8e7ddf8873ebd049,0d88d464,01,bf,a2,1d,0000000000000398,9f3eefc439f5e824,0e88d464
920,be,8d,0000000000000398,9f3eefc439f5e824,0e88d464,03,1d,e9,f4,0000000000000399,4f9f77e21cfaf412,0f89d464
921,47,ad,0000000000000399,4f9f77e21cfaf412,0f89d464,04,7e,7e,00,000000000000039a,27cfbbf10e7d7a09,0f89d564
922,0c,b2,000000000000039a,27cfbbf10e7d7a09,0f89d564,09,0d,ec,e1,000000000000039b,cbe7ddf8873ebd04,1089d565
923,d5,75,000000000000039b,cbe7ddf8873ebd04,1089d565,02,95,fe,6b,000000000000039c,65f3eefc439f5e82,108ad565
924,9b,aa,000000000000039c,65f3eefc439f5e82,108ad565,07,74,6a,1e,000000000000039d,32f9f77e21cfaf41,118bd665
925,22,27,000000000000039d,32f9f77e21cfaf41,118bd665,0d,b1,91,20,000000000000039e,c17cfbbf10e7d7a0,128bd766
926,e9,4f,000000000000039e,c17cfbbf10e7d7a0,128bd766,03,87,64,e3,000000000000039f,60be7ddf8873ebd0,138cd766
927,b0,2f,000000000000039f,60be7ddf8873ebd0,138cd766,04,81,f4,75,00000000000003a0,305f3eefc439f5e8,138cd866
928,48,33,00000000000003a0,305f3eefc439f5e8,138cd866,03,34,09,3d,00000000000003a1,182f9f77e21cfaf4,148dd866
929,01,4d,00000000000003a1,182f9f77e21cfaf4,148dd866,04,24,69,4d,00000000000003a2,0c17cfbbf10e7d7a,148dd966
930,da,94,00000000000003a2,0c17cfbbf10e7d7a,148dd966,08,09,e9,e0,00000000000003a3,060be7ddf8873ebd,148dd967
931,93,4c,00000000000003a3,060be7ddf8873ebd,148dd967,03,85,ed,68,00000000000003a4,db05f3eefc439f5e,158ed967
932,2d,47,00000000000003a4,db05f3eefc439f5e,158ed967,04,d4,db,0f,00000000000003a5,6d82f9f77e21cfaf,158eda67
933,e4,5c,00000000000003a5,6d82f9f77e21cfaf,158eda67,06,0a,10,1a,00000000000003a6,eec17cfbbf10e7d7,158fdb67
934,bf,67,00000000000003a6,eec17cfbbf10e7d7,158fdb67,09,26,4d,6b,00000000000003a7,af60be7ddf8873eb,168fdb68
935,76,d8,00000000000003a7,af60be7ddf8873eb,168fdb68,0b,58,1a,42,00000000000003a8,8fb05f3eefc439f5,1790db69
936,02,a3,00000000000003a8,8fb05f3eefc439f5,1790db69,04,8f,f4,7b,00000000000003a9,9fd82f9f77e21cfa,1790dc69
937,db,b9,00000000000003a9,9fd82f9f77e21cfa,1790dc69,00,08,51,59,00000000000003aa,4fec17cfbbf10e7d,1790dc69
938,90,62,00000000000003aa,4fec17cfbbf10e7d,1790dc69,05,51,96,c7,00000000000003ab,fff60be7ddf8873e,1890dd69
939,29,27,00000000000003ab,fff60be7ddf8873e,1890dd69,0f,67,6a,0d,00000000000003ac,7ffb05f3eefc439f,1991de6a
940,e7,4b,00000000000003ac,7ffb05f3eefc439f,1991de6a,0e,76,f5,83,00000000000003ad,e7fd82f9f77e21cf,1992df6b
941,be,70,00000000000003ad,e7fd82f9f77e21cf,1992df6b,0a,cc,c9,05,00000000000003ae,abfec17cfbbf10e7,1993df6c
942,75,76,00000000000003ae,abfec17cfbbf10e7,1993df6c,07,22,ad,8f,00000000000003af,8dff60be7ddf8873,1a94e06c
943,0c,e6,00000000000003af,8dff60be7ddf8873,1a94e06c,0c,f4,7b,8f,00000000000003b0,9effb05f3eefc439,1a94e16d
944,dc,d2,00000000000003b0,9effb05f3eefc439,1a94e16d,00,57,7b,2c,00000000000003b1,977fd82f9f77e21c,1a94e16d
945,95,6c,00000000000003b1,977fd82f9f77e21c,1a94e16d,04,b2,37,85,00000000000003b2,4bbfec17cfbbf10e,1a94e26d
946,2e,7e,00000000000003b2,4bbfec17cfbbf10e,1a94e26d,08,2d,5a,77,00000000000003b3,25dff60be7ddf887,1a94e26e
947,e7,cf,00000000000003b3,25dff60be7ddf887,1a94e26e,0e,60,02,62,00000000000003b4,caeffb05f3eefc43,1a95e36f
948,b9,f2,00000000000003b4,caeffb05f3eefc43,1a95e36f,0f,b7,3c,8b,00000000000003b5,bd77fd82f9f77e21,1b96e470
949,70,48,00000000000003b5,bd77fd82f9f77e21,1b96e470,08,b5,cc,79,00000000000003b6,86bbfec17cfbbf10,1b96e471
950,0b,d1,00000000000003b6,86bbfec17cfbbf10,1b96e471,09,2f,cd,e2,00000000000003b7,435dff60be7ddf88,1c96e472
951,c2,06,00000000000003b7,435dff60be7ddf88,1c96e472,07,2d,be,93,00000000000003b8,21aeffb05f3eefc4,1d97e572
952,96,1b,00000000000003b8,21aeffb05f3eefc4,1d97e572,0b,53,ec,bf,00000000000003b9,10d77fd82f9f77e2,1e98e573
953,2f,09,00000000000003b9,10d77fd82f9f77e2,1e98e573,0c,9f,da,45,00000000000003ba,086bbfec17cfbbf1,1e98e674
954,e4,ea,00000000000003ba,086bbfec17cfbbf1,1e98e674,05,65,b1,d4,00000000000003bb,dc35dff60be7ddf8,1f98e774
955,bd,ce,00000000000003bb,dc35dff60be7ddf8,1f98e774,0f,ff,45,ba,00000000000003bc,6e1aeffb05f3eefc,2099e875
956,73,2e,00000000000003bc,6e1aeffb05f3eefc,2099e875,0b,89,d2,5b,00000000000003bd,370d77fd82f9f77e,219ae876
957,0a,67,00000000000003bd,370d77fd82f9f77e,219ae876,0e,24,82,a6,00000000000003be,1b86bbfec17cfbbf,219be977
958,c1,01,00000000000003be,1b86bbfec17cfbbf,219be977,03,02,a6,a4,00000000000003bf,d5c35dff60be7ddf,229ce977
959,98,0b,00000000000003bf,d5c35dff60be7ddf,229ce977,0c,b1,83,32,00000000000003c0,b2e1aeffb05f3eef,229cea78
960,30,71,00000000000003c0,b2e1aeffb05f3eef,229cea78,00,18,5a,42,00000000000003c1,8170d77fd82f9f77,229cea78
961,f9,7a,00000000000003c1,8170d77fd82f9f77,229cea78,0c,c2,19,db,00000000000003c2,98b86bbfec17cfbb,229ceb79
962,a2,6e,00000000000003c2,98b86bbfec17cfbb,229ceb79,0b,82,51,d3,00000000000003c3,945c35dff60be7dd,239deb7a
963,6b,04,00000000000003c3,945c35dff60be7dd,239deb7a,06,f7,51,a6,00000000000003c4,922e1aeffb05f3ee,239eec7a
964,15,81,00000000000003c4,922e1aeffb05f3ee,239eec7a,0e,1e,37,29,00000000000003c5,49170d77fd82f9f7,239fed7b
965,dc,23,00000000000003c5,49170d77fd82f9f7,239fed7b,07,8b,dc,57,00000000000003c6,fc8b86bbfec17cfb,24a0ee7b
966,87,73,00000000000003c6,fc8b86bbfec17cfb,24a0ee7b,01,a6,4c,ea,00000000000003c7,a645c35dff60be7d,25a0ee7b
967,4e,0a,00000000000003c7,a645c35dff60be7d,25a0ee7b,09,22,d9,fb,00000000000003c8,8b22e1aeffb05f3e,26a0ee7c
968,fa,3f,00000000000003c8,8b22e1aeffb05f3e,26a0ee7c,03,b4,d4,60,00000000000003c9,459170d77fd82f9f,27a1ee7c
969,a3,57,00000000000003c9,459170d77fd82f9f,27a1ee7c,0a,eb,fb,10,00000000000003ca,fac8b86bbfec17cf,27a2ee7d
970,68,af,00000000000003ca,fac8b86bbfec17cf,27a2ee7d,00,99,3c,a5,00000000000003cb,a5645c35dff60be7,27a2ee7d
971,11,4a,00000000000003cb,a5645c35dff60be7,27a2ee7d,0d,11,31,20,00000000000003cc,8ab22e1aeffb05f3,28a2ef7e
972,df,51,00000000000003cc,8ab22e1aeffb05f3,28a2ef7e,02,b4,19,ad,00000000000003cd,9d59170d77fd82f9,28a3ef7e
973,86,ff,00000000000003cd,9d59170d77fd82f9,28a3ef7e,0d,87,84,03,00000000000003ce,96ac8b86bbfec17c,29a3f07f
974,4d,23,00000000000003ce,96ac8b86bbfec17c,29a3f07f,05,de,c5,1b,00000000000003cf,4b5645c35dff60be,2aa3f17f
975,f4,56,00000000000003cf,4b5645c35dff60be,2aa3f17f,05,73,fe,8d,00000000000003d0,25ab22e1aeffb05f,2ba3f27f
976,a4,f0,00000000000003d0,25ab22e1aeffb05f,2ba3f27f,00,9a,a5,3f,00000000000003d1,cad59170d77fd82f,2ba3f27f
977,6d,d8,00000000000003d1,cad59170d77fd82f,2ba3f27f,06,7f,06,79,00000000000003d2,bd6ac8b86bbfec17,2ba4f37f
978,16,dd,00000000000003d2,bd6ac8b86bbfec17,2ba4f37f,02,2a,b1,9b,00000000000003d3,86b5645c35dff60b,2ba5f37f
979,df,84,00000000000003d3,86b5645c35dff60b,2ba5f37f,0e,48,73,3b,00000000000003d4,9b5ab22e1aeffb05,2ba6f480
980,81,31,00000000000003d4,9b5ab22e1aeffb05,2ba6f480,0c,31,d8,e9,00000000000003d5,95ad59170d77fd82,2ba6f581
981,48,b6,00000000000003d5,95ad59170d77fd82,2ba6f581,0d,fa,99,63,00000000000003d6,4ad6ac8b86bbfec1,2ca6f682
982,f3,69,00000000000003d6,4ad6ac8b86bbfec1,2ca6f682,08,69,04,6d,00000000000003d7,fd6b5645c35dff60,2ca6f683
983,ba,81,00000000000003d7,fd6b5645c35dff60,2ca6f683,0f,fb,c6,3d,00000000000003d8,7eb5ab22e1aeffb0,2da7f784
984,6e,a6,00000000000003d8,7eb5ab22e1aeffb0,2da7f784,0d,d0,07,d7,00000000000003d9,3f5ad59170d77fd8,2ea7f885
985,17,e4,00000000000003d9,3f5ad59170d77fd8,2ea7f885,06,2b,b1,9a,00000000000003da,1fad6ac8b86bbfec,2ea8f985
986,dc,ff,00000000000003da,1fad6ac8b86bbfec,2ea8f985,0f,3a,80,ba,00000000000003db,0fd6b5645c35dff6,2fa9fa86
987,85,3f,00000000000003db,0fd6b5645c35dff6,2fa9fa86,06,0d,ae,a3,00000000000003dc,07eb5ab22e1aeffb,2faafb86
988,4b,33,00000000000003dc,07eb5ab22e1aeffb,2faafb86,0d,e5,74,91,00000000000003dd,dbf5ad59170d77fd,30aafc87
989,f2,16,00000000000003dd,dbf5ad59170d77fd,30aafc87,08,e2,91,73,00000000000003de,b5fad6ac8b86bbfe,30aafc88
990,b9,32,00000000000003de,b5fad6ac8b86bbfe,30aafc88,06,90,cf,5f,00000000000003df,5afd6b5645c35dff,30abfd88
991,60,c3,00000000000003df,5afd6b5645c35dff,30abfd88,07,dc,8c,50,00000000000003e0,f57eb5ab22e1aeff,31acfe88
992,18,ba,00000000000003e0,f57eb5ab22e1aeff,31acfe88,0a,7b,e4,9f,00000000000003e1,a2bf5ad59170d77f,31adfe89
993,d1,04,00000000000003e1,a2bf5ad59170d77f,31adfe89,0c,46,c0,86,00000000000003e2,895fad6ac8b86bbf,31adff8a
994,8a,c2,00000000000003e2,895fad6ac8b86bbf,31adff8a,0c,cc,9a,56,00000000000003e3,9cafd6b5645c35df,31ad008b
995,43,09,00000000000003e3,9cafd6b5645c35df,31ad008b,0f,f0,fb,0b,00000000000003e4,9657eb5ab22e1aef,32ae018c
996,fd,b1,00000000000003e4,9657eb5ab22e1aef,32ae018c,09,f6,0e,f8,00000000000003e5,932bf5ad59170d77,33ae018d
997,b4,65,00000000000003e5,932bf5ad59170d77,33ae018d,02,52,c0,92,00000000000003e6,9195fad6ac8b86bb,33af018d
998,6f,6b,00000000000003e6,9195fad6ac8b86bb,33af018d,0c,b4,16,a2,00000000000003e7,90cafd6b5645c35d,33af028e
999,26,6e,00000000000003e7,90cafd6b5645c35d,33af028e,09,68,6e,06,00000000000003e8,90657eb5ab22e1ae,34af028f
1000,d2,e7,00000000000003e8,90657eb5ab22e1ae,34af028f,0b,ec,e6,0a,00000000000003e9,4832bf5ad59170d7,35b00290
1001,8b,6e,00000000000003e9,4832bf5ad59170d7,35b00290,0b,5e,64,3a,00000000000003ea,fc195fad6ac8b86b,36b10291
1002,40,0a,00000000000003ea,fc195fad6ac8b86b,36b10291,01,2f,da,f5,00000000000003eb,a60cafd6b5645c35,37b10291
1003,f9,96,00000000000003eb,a60cafd6b5645c35,37b10291,0f,60,7a,1a,00000000000003ec,8b0657eb5ab22e1a,38b20392
1004,b7,58,00000000000003ec,8b0657eb5ab22e1a,38b20392,08,4d,27,6a,00000000000003ed,45832bf5ad59170d,38b20393
1005,6e,67,00000000000003ed,45832bf5ad59170d,38b20393,02,c1,19,d8,00000000000003ee,fac195fad6ac8b86,38b30393
1006,25,5c,00000000000003ee,fac195fad6ac8b86,38b30393,04,39,3f,06,00000000000003ef,7d60cafd6b5645c3,38b30493
1007,dc,9b,00000000000003ef,7d60cafd6b5645c3,38b30493,03,5c,44,18,00000000000003f0,e6b0657eb5ab22e1,39b40493
1008,8c,f0,00000000000003f0,e6b0657eb5ab22e1,39b40493,04,45,bb,fe,00000000000003f1,ab5832bf5ad59170,39b40593
1009,45,08,00000000000003f1,ab5832bf5ad59170,39b40593,0d,e5,95,70,00000000000003f2,55ac195fad6ac8b8,3ab40694
1010,fe,da,00000000000003f2,55ac195fad6ac8b8,3ab40694,01,c3,74,b7,00000000000003f3,2ad60cafd6b5645c,3bb40694
1011,b7,26,00000000000003f3,2ad60cafd6b5645c,3bb40694,0a,d6,fd,2b,00000000000003f4,156b0657eb5ab22e,3bb50695
1012,69,d3,00000000000003f4,156b0657eb5ab22e,3bb50695,06,98,52,ca,00000000000003f5,0ab5832bf5ad5917,3bb60795
1013,20,3a,00000000000003f5,0ab5832bf5ad5917,3bb60795,06,fa,95,6f,00000000000003f6,dd5ac195fad6ac8b,3bb70895
1014,db,30,00000000000003f6,dd5ac195fad6ac8b,3bb70895,05,1d,b3,ae,00000000000003f7,b6ad60cafd6b5645,3cb70995
1015,92,34,00000000000003f7,b6ad60cafd6b5645,3cb70995,04,a9,ff,56,00000000000003f8,8356b0657eb5ab22,3cb70a95
1016,46,da,00000000000003f8,8356b0657eb5ab22,3cb70a95,06,bf,a7,18,00000000000003f9,41ab5832bf5ad591,3cb80b95
1017,ff,db,00000000000003f9,41ab5832bf5ad591,3cb80b95,06,bf,a3,1c,00000000000003fa,f8d5ac195fad6ac8,3cb90c95
1018,b4,9a,00000000000003fa,f8d5ac195fad6ac8,3cb90c95,05,8e,42,cc,00000000000003fb,7c6ad60cafd6b564,3db90d95
1019,6d,b2,00000000000003fb,7c6ad60cafd6b564,3db90d95,00,c2,b7,75,00000000000003fc,3e356b0657eb5ab2,3db90d95
1020,23,af,00000000000003fc,3e356b0657eb5ab2,3db90d95,0f,1d,00,1d,00000000000003fd,1f1ab5832bf5ad59,3eba0e96
1021,da,a5,00000000000003fd,1f1ab5832bf5ad59,3eba0e96,08,c7,e5,22,00000000000003fe,d78d5ac195fad6ac,3eba0e97
1022,91,f5,00000000000003fe,d78d5ac195fad6ac,3eba0e97,09,1b,74,6f,00000000000003ff,6bc6ad60cafd6b56,3fba0e98
1023,48,85,00000000000003ff,6bc6ad60cafd6b56,3fba0e98,0a,eb,0d,e6,0000000000000400,35e356b0657eb5ab,3fbb0e99
