=== launch 2026-09-24T16:38:36Z ===
cmd: ./.build/release/helut --ostwald-all-settings --ostwald-control p1030684 --ostwald-setting-from 385320 --ostwald-setting-count 1 --ostwald-brute-plugs 4 --ostwald-brute-all --ostwald-exhaust 26
expect: 164038875 streamed 4-plug starts, ~1.10e11 decrypts, crib-exact if Phase 50.6 still holds
true P1030684 index: 385320 (VYAA); wrong-setting control is --ostwald-setting-from 0
=== Ostwald all-settings (no IC sieve) ===
shell         : B/gamma/IV-III-VIII/AACU
positions     : 385320..<385321 of 456976
scorer        : staged   beam 1
board         : empty (--ostwald-keep 0)

=== Ostwald escalation of bombe stops ===
manifest      : all-settings B/gamma/IV-III-VIII/AACU
target        : P1030684-control (72 letters)
candidates    : 1
scorer        : staged   trigram model: helut-german-trigram-add-k-0.5-e08a5659-v1 (14947 grams; letters=28508834 ic=0.0747 distinct=14947)
seeding       : all forced plugs UNLOCKED (--ostwald-keep 0); climb from empty extra board
exhaustion    : 4-plug brute on 26 hot letters
break bar     : crib exact ∧ IC ≥ 0.055 ∧ tail > -3.6

exhaustion    : streaming 164038875 4-plug starts in chunks of 8192 (not materialised)
climbs        : 0 materialised + 164038875 streamed (1 candidates)
unified budget: 48.0 GB → 1.61e+09 trials/dispatch (32-byte records)
backend       : Metal-ostwald-score   cores 16
decrypts      : 110070085125
ETA floor (~10M decrypts/s): 183.5 min

  [chunk 1/20025 · 8192 4-plug climbs]
  [round 1 · 8192 climbs live · 1261568 decrypts]      0s   5.6M/s ETA 324.8 min
  [round 2 · 8192 climbs live · 2252800 decrypts]      0s   5.8M/s ETA 317.0 min
  [round 3 · 8177 climbs live · 3006464 decrypts]      1s   5.7M/s ETA 319.4 min
  [round 4 · 7823 climbs live · 3554323 decrypts]      1s   5.8M/s ETA 317.4 min
  [round 5 · 6087 climbs live · 3914181 decrypts]      1s   5.8M/s ETA 318.9 min
  [round 6 · 0 climbs live · 4090704 decrypts]      1s   5.7M/s ETA 321.2 min
  [chunk 2/20025 · 8192 4-plug climbs]
  [round 1 · 8192 climbs live · 5352272 decrypts]      2s   2.2M/s ETA 820.2 min
  [round 2 · 8192 climbs live · 6343504 decrypts]      3s   2.5M/s ETA 737.2 min
  [round 3 · 8163 climbs live · 7097168 decrypts]      3s   2.7M/s ETA 690.8 min
  [round 4 · 7714 climbs live · 7644089 decrypts]      3s   2.8M/s ETA 664.6 min
  [round 5 · 5870 climbs live · 7998933 decrypts]      3s   2.8M/s ETA 649.3 min
  [round 6 · 0 climbs live · 8169163 decrypts]      3s   2.9M/s ETA 643.5 min
  [chunk 3/20025 · 8192 4-plug climbs]
  [round 1 · 8192 climbs live · 9430731 decrypts]      5s   2.1M/s ETA 893.2 min
  [round 2 · 8192 climbs live · 10421963 decrypts]      5s   2.2M/s ETA 835.5 min
  [round 3 · 8161 climbs live · 11175627 decrypts]      5s   2.3M/s ETA 799.1 min
  [round 4 · 7756 climbs live · 11722414 decrypts]      5s   2.4M/s ETA 776.6 min
  [round 5 · 6119 climbs live · 12079190 decrypts]      5s   2.4M/s ETA 763.4 min
  [round 6 · 0 climbs live · 12256641 decrypts]      5s   2.4M/s ETA 757.8 min
  [chunk 4/20025 · 8192 4-plug climbs]
  [round 1 · 8192 climbs live · 13518209 decrypts]      7s   2.0M/s ETA 912.3 min
  [round 2 · 8192 climbs live · 14509441 decrypts]      7s   2.1M/s ETA 870.2 min
  [round 3 · 8184 climbs live · 15263105 decrypts]      7s   2.2M/s ETA 842.4 min
  [round 4 · 7976 climbs live · 15811433 decrypts]      7s   2.2M/s ETA 824.1 min
  [round 5 · 6679 climbs live · 16178329 decrypts]      7s   2.3M/s ETA 813.0 min
  [round 6 · 0 climbs live · 16372020 decrypts]      7s   2.3M/s ETA 807.8 min
  [chunk 5/20025 · 8192 4-plug climbs]
  [round 1 · 8192 climbs live · 17633588 decrypts]      9s   2.0M/s ETA 917.8 min
  [round 2 · 8192 climbs live · 18624820 decrypts]      9s   2.1M/s ETA 884.7 min
  [round 3 · 8167 climbs live · 19378484 decrypts]      9s   2.1M/s ETA 862.2 min
  [round 4 · 7825 climbs live · 19925673 decrypts]      9s   2.2M/s ETA 847.1 min
  [round 5 · 6220 climbs live · 20285623 decrypts]      9s   2.2M/s ETA 838.1 min
  [round 6 · 0 climbs live · 20466003 decrypts]      9s   2.2M/s ETA 833.9 min
  [chunk 6/20025 · 8192 4-plug climbs]
  [round 1 · 8192 climbs live · 21727571 decrypts]     11s   2.0M/s ETA 923.7 min
  [round 2 · 8192 climbs live · 22718803 decrypts]     11s   2.0M/s ETA 895.7 min
  [round 3 · 8178 climbs live · 23472467 decrypts]     11s   2.1M/s ETA 876.8 min
  [round 4 · 7846 climbs live · 24020393 decrypts]     11s   2.1M/s ETA 864.3 min
  [round 5 · 6225 climbs live · 24381309 decrypts]     11s   2.1M/s ETA 856.3 min
  [round 6 · 0 climbs live · 24561834 decrypts]     11s   2.2M/s ETA 852.7 min
  [chunk 7/20025 · 8192 4-plug climbs]
  [round 1 · 8192 climbs live · 25823402 decrypts]     13s   2.0M/s ETA 933.1 min
  [round 2 · 8192 climbs live · 26814634 decrypts]     13s   2.0M/s ETA 909.3 min
  [round 3 · 8170 climbs live · 27568298 decrypts]     13s   2.1M/s ETA 892.5 min
  [round 4 · 7795 climbs live · 28115688 decrypts]     14s   2.1M/s ETA 881.0 min
  [round 5 · 6077 climbs live · 28474258 decrypts]     14s   2.1M/s ETA 874.1 min
  [round 6 · 0 climbs live · 28650491 decrypts]     14s   2.1M/s ETA 871.0 min
  [chunk 8/20025 · 8192 4-plug climbs]
  [round 1 · 8192 climbs live · 29912059 decrypts]     15s   1.9M/s ETA 940.7 min
  [round 2 · 8192 climbs live · 30903291 decrypts]     15s   2.0M/s ETA 919.6 min
  [round 3 · 8169 climbs live · 31656955 decrypts]     16s   2.0M/s ETA 905.1 min
  [round 4 · 7805 climbs live · 32204278 decrypts]     16s   2.0M/s ETA 894.8 min
  [round 5 · 6098 climbs live · 32563308 decrypts]     16s   2.1M/s ETA 888.7 min
  [round 6 · 0 climbs live · 32740150 decrypts]     16s   2.1M/s ETA 885.9 min
  [chunk 9/20025 · 8192 4-plug climbs]
  [round 1 · 8192 climbs live · 34001718 decrypts]     18s   1.9M/s ETA 945.3 min
  [round 2 · 8192 climbs live · 34992950 decrypts]     18s   2.0M/s ETA 926.7 min
  [round 3 · 8173 climbs live · 35746614 decrypts]     18s   2.0M/s ETA 913.6 min
  [round 4 · 7832 climbs live · 36294205 decrypts]     18s   2.0M/s ETA 904.7 min
  [round 5 · 6112 climbs live · 36654477 decrypts]     18s   2.0M/s ETA 899.0 min
  [round 6 · 0 climbs live · 36831725 decrypts]     18s   2.0M/s ETA 896.5 min
  [chunk 10/20025 · 8192 4-plug climbs]
  [round 1 · 8192 climbs live · 38093293 decrypts]     20s   1.9M/s ETA 946.3 min
  [round 2 · 8192 climbs live · 39084525 decrypts]     20s   2.0M/s ETA 929.4 min
  [round 3 · 8177 climbs live · 39838189 decrypts]     20s   2.0M/s ETA 917.8 min
  [round 4 · 7862 climbs live · 40386048 decrypts]     20s   2.0M/s ETA 909.4 min
  [round 5 · 6207 climbs live · 40747700 decrypts]     20s   2.0M/s ETA 904.2 min
  [round 6 · 0 climbs live · 40927703 decrypts]     20s   2.0M/s ETA 901.8 min
  [chunk 11/20025 · 8192 4-plug climbs]
  [round 1 · 8192 climbs live · 42189271 decrypts]     22s   1.9M/s ETA 947.2 min
  [round 2 · 8192 climbs live · 43180503 decrypts]     22s   2.0M/s ETA 932.0 min
  [round 3 · 8178 climbs live · 43934167 decrypts]     22s   2.0M/s ETA 921.0 min
  [round 4 · 7844 climbs live · 44482093 decrypts]     22s   2.0M/s ETA 913.4 min
  [round 5 · 6190 climbs live · 44842917 decrypts]     22s   2.0M/s ETA 908.8 min
  [round 6 · 0 climbs live · 45022427 decrypts]     22s   2.0M/s ETA 906.6 min
  [chunk 12/20025 · 8192 4-plug climbs]
  [round 1 · 8192 climbs live · 46283995 decrypts]     24s   1.9M/s ETA 947.6 min
  [round 2 · 8192 climbs live · 47275227 decrypts]     24s   2.0M/s ETA 933.8 min
  [round 3 · 8177 climbs live · 48028891 decrypts]     24s   2.0M/s ETA 923.8 min
  [round 4 · 7843 climbs live · 48576750 decrypts]     24s   2.0M/s ETA 916.8 min
  [round 5 · 6196 climbs live · 48937528 decrypts]     24s   2.0M/s ETA 912.6 min
  [round 6 · 0 climbs live · 49117212 decrypts]     24s   2.0M/s ETA 910.4 min
  [chunk 13/20025 · 8192 4-plug climbs]
  [round 1 · 8192 climbs live · 50378780 decrypts]     26s   1.9M/s ETA 947.5 min
  [round 2 · 8192 climbs live · 51370012 decrypts]     26s   2.0M/s ETA 934.6 min
  [round 3 · 8170 climbs live · 52123676 decrypts]     26s   2.0M/s ETA 925.5 min
  [round 4 · 7842 climbs live · 52671066 decrypts]     26s   2.0M/s ETA 919.0 min
  [round 5 · 6188 climbs live · 53031798 decrypts]     26s   2.0M/s ETA 915.1 min
  [round 6 · 0 climbs live · 53211250 decrypts]     26s   2.0M/s ETA 913.1 min
  [chunk 14/20025 · 8192 4-plug climbs]
  [round 1 · 8192 climbs live · 54472818 decrypts]     28s   1.9M/s ETA 947.8 min
  [round 2 · 8192 climbs live · 55464050 decrypts]     28s   2.0M/s ETA 936.0 min
  [round 3 · 8167 climbs live · 56217714 decrypts]     28s   2.0M/s ETA 927.6 min
  [round 4 · 7825 climbs live · 56764903 decrypts]     29s   2.0M/s ETA 921.6 min
  [round 5 · 6182 climbs live · 57124853 decrypts]     29s   2.0M/s ETA 917.8 min
  [round 6 · 0 climbs live · 57304131 decrypts]     29s   2.0M/s ETA 916.0 min
  [chunk 15/20025 · 8192 4-plug climbs]
  [round 1 · 8192 climbs live · 58565699 decrypts]     30s   1.9M/s ETA 950.3 min
  [round 2 · 8192 climbs live · 59556931 decrypts]     31s   2.0M/s ETA 939.5 min
  [round 3 · 8176 climbs live · 60310595 decrypts]     31s   2.0M/s ETA 931.6 min
  [round 4 · 7802 climbs live · 60858387 decrypts]     31s   2.0M/s ETA 926.0 min
  [round 5 · 5957 climbs live · 61217279 decrypts]     31s   2.0M/s ETA 922.5 min
  [round 6 · 0 climbs live · 61390032 decrypts]     31s   2.0M/s ETA 920.9 min
  [chunk 16/20025 · 8192 4-plug climbs]
  [round 1 · 8192 climbs live · 62651600 decrypts]     32s   1.9M/s ETA 950.6 min
  [round 2 · 8192 climbs live · 63642832 decrypts]     33s   1.9M/s ETA 940.4 min
  [round 3 · 8174 climbs live · 64396496 decrypts]     33s   2.0M/s ETA 932.9 min
  [round 4 · 7775 climbs live · 64944154 decrypts]     33s   2.0M/s ETA 927.7 min
  [round 5 · 5970 climbs live · 65301804 decrypts]     33s   2.0M/s ETA 924.4 min
  [round 6 · 0 climbs live · 65474934 decrypts]     33s   2.0M/s ETA 922.9 min
  [chunk 17/20025 · 8192 4-plug climbs]
  [round 1 · 8192 climbs live · 66736502 decrypts]     35s   1.9M/s ETA 950.5 min
  [round 2 · 8192 climbs live · 67727734 decrypts]     35s   1.9M/s ETA 940.9 min
  [round 3 · 8158 climbs live · 68481398 decrypts]     35s   2.0M/s ETA 933.8 min
  [round 4 · 7667 climbs live · 69027984 decrypts]     35s   2.0M/s ETA 928.8 min
  [round 5 · 5806 climbs live · 69380666 decrypts]     35s   2.0M/s ETA 925.8 min
  [round 6 · 0 climbs live · 69549040 decrypts]     35s   2.0M/s ETA 924.4 min
  [chunk 18/20025 · 8192 4-plug climbs]
  [round 1 · 8192 climbs live · 70810608 decrypts]     37s   1.9M/s ETA 951.3 min
  [round 2 · 8192 climbs live · 71801840 decrypts]     37s   1.9M/s ETA 942.2 min
  [round 3 · 8181 climbs live · 72555504 decrypts]     37s   2.0M/s ETA 935.5 min
  [round 4 · 7925 climbs live · 73103631 decrypts]     37s   2.0M/s ETA 930.8 min
  [round 5 · 6635 climbs live · 73468181 decrypts]     37s   2.0M/s ETA 927.8 min
  [round 6 · 0 climbs live · 73660596 decrypts]     37s   2.0M/s ETA 926.3 min
  [chunk 19/20025 · 8192 4-plug climbs]
  [round 1 · 8192 climbs live · 74922164 decrypts]     39s   1.9M/s ETA 948.8 min
  [round 2 · 8192 climbs live · 75913396 decrypts]     39s   1.9M/s ETA 940.1 min
  [round 3 · 8182 climbs live · 76667060 decrypts]     39s   2.0M/s ETA 933.8 min
  [round 4 · 7880 climbs live · 77215254 decrypts]     39s   2.0M/s ETA 929.4 min
  [round 5 · 6401 climbs live · 77577734 decrypts]     39s   2.0M/s ETA 926.6 min
  [round 6 · 0 climbs live · 77763363 decrypts]     39s   2.0M/s ETA 925.2 min
  [chunk 20/20025 · 8192 4-plug climbs]
  [round 1 · 8192 climbs live · 79024931 decrypts]     41s   1.9M/s ETA 946.1 min
  [round 2 · 8192 climbs live · 80016163 decrypts]     41s   2.0M/s ETA 938.1 min
  [round 3 · 8177 climbs live · 80769827 decrypts]     41s   2.0M/s ETA 932.1 min
  [round 4 · 7922 climbs live · 81317686 decrypts]     41s   2.0M/s ETA 927.9 min
  [round 5 · 6491 climbs live · 81682098 decrypts]     41s   2.0M/s ETA 925.2 min
  [round 6 · 0 climbs live · 81870337 decrypts]     41s   2.0M/s ETA 923.9 min
  [chunk 21/20025 · 8192 4-plug climbs]
  [round 1 · 8192 climbs live · 83131905 decrypts]     43s   1.9M/s ETA 944.0 min
  [round 2 · 8191 climbs live · 84123137 decrypts]     43s   2.0M/s ETA 936.4 min
  [round 3 · 8173 climbs live · 84876709 decrypts]     43s   2.0M/s ETA 930.7 min
  [round 4 · 7880 climbs live · 85424300 decrypts]     43s   2.0M/s ETA 926.8 min
  [round 5 · 6395 climbs live · 85786780 decrypts]     43s   2.0M/s ETA 924.3 min
  [round 6 · 0 climbs live · 85972235 decrypts]     43s   2.0M/s ETA 923.1 min
  [chunk 22/20025 · 8192 4-plug climbs]
  [round 1 · 8192 climbs live · 87233803 decrypts]     45s   1.9M/s ETA 943.1 min
  [round 2 · 8192 climbs live · 88225035 decrypts]     45s   2.0M/s ETA 935.8 min
  [round 3 · 8183 climbs live · 88978699 decrypts]     45s   2.0M/s ETA 930.4 min
  [round 4 · 7987 climbs live · 89526960 decrypts]     45s   2.0M/s ETA 926.7 min
  [round 5 · 6707 climbs live · 89894362 decrypts]     45s   2.0M/s ETA 924.3 min
  [round 6 · 0 climbs live · 90088865 decrypts]     45s   2.0M/s ETA 923.1 min
  [chunk 23/20025 · 8192 4-plug climbs]
  [round 1 · 8192 climbs live · 91350433 decrypts]     47s   1.9M/s ETA 941.4 min
  [round 2 · 8192 climbs live · 92341665 decrypts]     47s   2.0M/s ETA 934.4 min
  [round 3 · 8179 climbs live · 93095329 decrypts]     47s   2.0M/s ETA 929.3 min
  [round 4 · 7937 climbs live · 93643322 decrypts]     47s   2.0M/s ETA 925.8 min
  [round 5 · 6417 climbs live · 94008424 decrypts]     47s   2.0M/s ETA 923.4 min
  [round 6 · 0 climbs live · 94194517 decrypts]     47s   2.0M/s ETA 922.3 min
  [chunk 24/20025 · 8192 4-plug climbs]
  [round 1 · 8192 climbs live · 95456085 decrypts]     49s   1.9M/s ETA 940.6 min
  [round 2 · 8192 climbs live · 96447317 decrypts]     49s   2.0M/s ETA 934.0 min
  [round 3 · 8181 climbs live · 97200981 decrypts]     49s   2.0M/s ETA 929.1 min
  [round 4 · 7932 climbs live · 97749108 decrypts]     49s   2.0M/s ETA 925.7 min
  [round 5 · 6393 climbs live · 98113980 decrypts]     49s   2.0M/s ETA 923.5 min
  [round 6 · 0 climbs live · 98299377 decrypts]     49s   2.0M/s ETA 922.4 min
  [chunk 25/20025 · 8192 4-plug climbs]
  [round 1 · 8192 climbs live · 99560945 decrypts]     51s   1.9M/s ETA 940.1 min
  [round 2 · 8192 climbs live · 100552177 decrypts]     51s   2.0M/s ETA 933.7 min
  [round 3 · 8181 climbs live · 101305841 decrypts]     51s   2.0M/s ETA 929.0 min
  [round 4 · 7934 climbs live · 101853968 decrypts]     51s   2.0M/s ETA 925.6 min
  [round 5 · 6399 climbs live · 102218932 decrypts]     52s   2.0M/s ETA 923.5 min
  [round 6 · 0 climbs live · 102404503 decrypts]     52s   2.0M/s ETA 922.5 min
  [chunk 26/20025 · 8192 4-plug climbs]
  [round 1 · 8192 climbs live · 103666071 decrypts]     53s   1.9M/s ETA 940.1 min
  [round 2 · 8192 climbs live · 104657303 decrypts]     53s   2.0M/s ETA 934.0 min
  [round 3 · 8185 climbs live · 105410967 decrypts]     53s   2.0M/s ETA 929.5 min
  [round 4 · 7898 climbs live · 105959362 decrypts]     54s   2.0M/s ETA 926.3 min
  [round 5 · 6374 climbs live · 106322670 decrypts]     54s   2.0M/s ETA 924.3 min
  [round 6 · 0 climbs live · 106507516 decrypts]     54s   2.0M/s ETA 923.4 min
  [chunk 27/20025 · 8192 4-plug climbs]
  [round 1 · 8192 climbs live · 107769084 decrypts]     55s   2.0M/s ETA 939.8 min
  [round 2 · 8192 climbs live · 108760316 decrypts]     55s   2.0M/s ETA 933.9 min
  [round 3 · 8176 climbs live · 109513980 decrypts]     56s   2.0M/s ETA 929.6 min
  [round 4 · 7850 climbs live · 110061772 decrypts]     56s   2.0M/s ETA 926.6 min
  [round 5 · 6345 climbs live · 110422872 decrypts]     56s   2.0M/s ETA 924.6 min
  [round 6 · 0 climbs live · 110606877 decrypts]     56s   2.0M/s ETA 923.6 min
  [chunk 28/20025 · 8192 4-plug climbs]
  [round 1 · 8192 climbs live · 111868445 decrypts]     57s   2.0M/s ETA 939.7 min
  [round 2 · 8192 climbs live · 112859677 decrypts]     58s   2.0M/s ETA 934.0 min
  [round 3 · 8178 climbs live · 113613341 decrypts]     58s   2.0M/s ETA 929.9 min
  [round 4 · 7908 climbs live · 114161267 decrypts]     58s   2.0M/s ETA 926.9 min
  [round 5 · 6378 climbs live · 114525035 decrypts]     58s   2.0M/s ETA 925.0 min
  [round 6 · 0 climbs live · 114709997 decrypts]     58s   2.0M/s ETA 924.0 min
  [chunk 29/20025 · 8192 4-plug climbs]
  [round 1 · 8192 climbs live · 115971565 decrypts]     59s   2.0M/s ETA 939.5 min
  [round 2 · 8192 climbs live · 116962797 decrypts]     60s   2.0M/s ETA 934.0 min
  [round 3 · 8183 climbs live · 117716461 decrypts]     60s   2.0M/s ETA 929.9 min
  [round 4 · 7900 climbs live · 118264722 decrypts]     60s   2.0M/s ETA 927.1 min
  [round 5 · 6334 climbs live · 118628122 decrypts]     60s   2.0M/s ETA 925.3 min
  [round 6 · 0 climbs live · 118811808 decrypts]     60s   2.0M/s ETA 924.4 min
  [chunk 30/20025 · 8192 4-plug climbs]
  [round 1 · 8192 climbs live · 120073376 decrypts]     62s   2.0M/s ETA 939.2 min
  [round 2 · 8192 climbs live · 121064608 decrypts]     62s   2.0M/s ETA 934.0 min
  [round 3 · 8170 climbs live · 121818272 decrypts]     62s   2.0M/s ETA 930.1 min
  [round 4 · 7826 climbs live · 122365662 decrypts]     62s   2.0M/s ETA 927.4 min
  [round 5 · 6166 climbs live · 122725658 decrypts]     62s   2.0M/s ETA 925.6 min
  [round 6 · 0 climbs live · 122904472 decrypts]     62s   2.0M/s ETA 924.8 min
  [chunk 31/20025 · 8192 4-plug climbs]
  [round 1 · 8192 climbs live · 124166040 decrypts]     64s   2.0M/s ETA 939.1 min
  [round 2 · 8192 climbs live · 125157272 decrypts]     64s   2.0M/s ETA 934.0 min
  [round 3 · 8169 climbs live · 125910936 decrypts]     64s   2.0M/s ETA 930.3 min
  [round 4 · 7806 climbs live · 126458259 decrypts]     64s   2.0M/s ETA 927.6 min
  [round 5 · 6055 climbs live · 126817335 decrypts]     64s   2.0M/s ETA 925.9 min
  [round 6 · 0 climbs live · 126992930 decrypts]     64s   2.0M/s ETA 925.1 min
  [chunk 32/20025 · 8192 4-plug climbs]
  [round 1 · 8192 climbs live · 128254498 decrypts]     66s   1.9M/s ETA 939.9 min
  [round 2 · 8191 climbs live · 129245730 decrypts]     66s   2.0M/s ETA 934.9 min
  [round 3 · 8160 climbs live · 129999302 decrypts]     66s   2.0M/s ETA 931.2 min
  [round 4 · 7801 climbs live · 130546022 decrypts]     66s   2.0M/s ETA 928.6 min
  [round 5 · 6187 climbs live · 130904868 decrypts]     66s   2.0M/s ETA 927.0 min
  [round 6 · 0 climbs live · 131084291 decrypts]     66s   2.0M/s ETA 926.2 min
  [chunk 33/20025 · 8192 4-plug climbs]
  [round 1 · 8192 climbs live · 132345859 decrypts]     68s   1.9M/s ETA 939.7 min
  [round 2 · 8192 climbs live · 133337091 decrypts]     68s   2.0M/s ETA 935.0 min
  [round 3 · 8183 climbs live · 134090755 decrypts]     68s   2.0M/s ETA 931.4 min
  [round 4 · 7982 climbs live · 134639016 decrypts]     68s   2.0M/s ETA 928.9 min
  [round 5 · 6623 climbs live · 135006188 decrypts]     68s   2.0M/s ETA 927.3 min
  [round 6 · 0 climbs live · 135198255 decrypts]     68s   2.0M/s ETA 926.5 min
  [chunk 34/20025 · 8192 4-plug climbs]
  [round 1 · 8192 climbs live · 136459823 decrypts]     70s   2.0M/s ETA 939.0 min
  [round 2 · 8191 climbs live · 137451055 decrypts]     70s   2.0M/s ETA 934.4 min
  [round 3 · 8170 climbs live · 138204627 decrypts]     70s   2.0M/s ETA 931.0 min
  [round 4 · 7904 climbs live · 138752017 decrypts]     70s   2.0M/s ETA 928.5 min
  [round 5 · 6490 climbs live · 139115601 decrypts]     70s   2.0M/s ETA 927.0 min
  [round 6 · 0 climbs live · 139303811 decrypts]     70s   2.0M/s ETA 926.2 min
  [chunk 35/20025 · 8192 4-plug climbs]
  [round 1 · 8192 climbs live · 140565379 decrypts]     72s   2.0M/s ETA 938.6 min
  [round 2 · 8192 climbs live · 141556611 decrypts]     72s   2.0M/s ETA 934.0 min
  [round 3 · 8186 climbs live · 142310275 decrypts]     72s   2.0M/s ETA 930.7 min
  [round 4 · 7984 climbs live · 142858737 decrypts]     72s   2.0M/s ETA 928.3 min
  [round 5 · 6806 climbs live · 143226001 decrypts]     72s   2.0M/s ETA 926.8 min
  [round 6 · 0 climbs live · 143423375 decrypts]     72s   2.0M/s ETA 926.0 min
  [chunk 36/20025 · 8192 4-plug climbs]
  [round 1 · 8192 climbs live · 144684943 decrypts]     74s   2.0M/s ETA 936.8 min
  [round 2 · 8192 climbs live · 145676175 decrypts]     74s   2.0M/s ETA 932.4 min
  [round 3 · 8189 climbs live · 146429839 decrypts]     74s   2.0M/s ETA 929.1 min
  [round 4 · 7999 climbs live · 146978502 decrypts]     74s   2.0M/s ETA 926.8 min
  [round 5 · 6828 climbs live · 147346456 decrypts]     74s   2.0M/s ETA 925.3 min
  [round 6 · 0 climbs live · 147544468 decrypts]     74s   2.0M/s ETA 924.5 min
  [chunk 37/20025 · 8192 4-plug climbs]
  [round 1 · 8192 climbs live · 148806036 decrypts]     76s   2.0M/s ETA 935.8 min
  [round 2 · 8192 climbs live · 149797268 decrypts]     76s   2.0M/s ETA 931.6 min
  [round 3 · 8189 climbs live · 150550932 decrypts]     76s   2.0M/s ETA 928.5 min
  [round 4 · 7974 climbs live · 151099595 decrypts]     76s   2.0M/s ETA 926.3 min
  [round 5 · 6585 climbs live · 151466399 decrypts]     76s   2.0M/s ETA 924.8 min
  [round 6 · 0 climbs live · 151657364 decrypts]     77s   2.0M/s ETA 924.1 min
  [chunk 38/20025 · 8192 4-plug climbs]
  [round 1 · 8192 climbs live · 152918932 decrypts]     78s   2.0M/s ETA 935.4 min
  [round 2 · 8192 climbs live · 153910164 decrypts]     78s   2.0M/s ETA 931.3 min
  [round 3 · 8186 climbs live · 154663828 decrypts]     78s   2.0M/s ETA 928.2 min
  [round 4 · 8016 climbs live · 155212290 decrypts]     78s   2.0M/s ETA 926.0 min
  [round 5 · 6766 climbs live · 155581026 decrypts]     79s   2.0M/s ETA 924.6 min
  [round 6 · 0 climbs live · 155777240 decrypts]     79s   2.0M/s ETA 923.9 min
  [chunk 39/20025 · 8192 4-plug climbs]
  [round 1 · 8192 climbs live · 157038808 decrypts]     80s   2.0M/s ETA 935.1 min
  [round 2 · 8192 climbs live · 158030040 decrypts]     80s   2.0M/s ETA 931.1 min
  [round 3 · 8190 climbs live · 158783704 decrypts]     80s   2.0M/s ETA 928.1 min
  [round 4 · 8004 climbs live · 159332434 decrypts]     81s   2.0M/s ETA 926.0 min
  [round 5 · 6663 climbs live · 159700618 decrypts]     81s   2.0M/s ETA 924.7 min
  [round 6 · 0 climbs live · 159893845 decrypts]     81s   2.0M/s ETA 924.0 min
  [chunk 40/20025 · 8192 4-plug climbs]
  [round 1 · 8192 climbs live · 161155413 decrypts]     82s   2.0M/s ETA 934.7 min
  [round 2 · 8192 climbs live · 162146645 decrypts]     82s   2.0M/s ETA 930.8 min
  [round 3 · 8183 climbs live · 162900309 decrypts]     83s   2.0M/s ETA 927.9 min
  [round 4 · 7956 climbs live · 163448570 decrypts]     83s   2.0M/s ETA 925.8 min
  [round 5 · 6609 climbs live · 163814546 decrypts]     83s   2.0M/s ETA 924.5 min
  [round 6 · 0 climbs live · 164006207 decrypts]     83s   2.0M/s ETA 923.8 min
  [chunk 41/20025 · 8192 4-plug climbs]
  [round 1 · 8192 climbs live · 165267775 decrypts]     84s   2.0M/s ETA 934.1 min
  [round 2 · 8192 climbs live · 166259007 decrypts]     84s   2.0M/s ETA 930.3 min
  [round 3 · 8183 climbs live · 167012671 decrypts]     85s   2.0M/s ETA 927.5 min
  [round 4 · 7940 climbs live · 167560932 decrypts]     85s   2.0M/s ETA 925.5 min
  [round 5 · 6597 climbs live · 167926172 decrypts]     85s   2.0M/s ETA 924.2 min
  [round 6 · 0 climbs live · 168117485 decrypts]     85s   2.0M/s ETA 923.5 min
  [chunk 42/20025 · 8192 4-plug climbs]
  [round 1 · 8192 climbs live · 169379053 decrypts]     86s   2.0M/s ETA 933.7 min
  [round 2 · 8192 climbs live · 170370285 decrypts]     86s   2.0M/s ETA 929.9 min
  [round 3 · 8175 climbs live · 171123949 decrypts]     87s   2.0M/s ETA 927.1 min
  [round 4 · 7854 climbs live · 171671674 decrypts]     87s   2.0M/s ETA 925.2 min
  [round 5 · 6355 climbs live · 172032958 decrypts]     87s   2.0M/s ETA 923.9 min
  [round 6 · 0 climbs live · 172217253 decrypts]     87s   2.0M/s ETA 923.3 min
  [chunk 43/20025 · 8192 4-plug climbs]
  [round 1 · 8192 climbs live · 173478821 decrypts]     88s   2.0M/s ETA 933.0 min
  [round 2 · 8192 climbs live · 174470053 decrypts]     89s   2.0M/s ETA 929.4 min
  [round 3 · 8173 climbs live · 175223717 decrypts]     89s   2.0M/s ETA 926.7 min
  [round 4 · 7767 climbs live · 175771308 decrypts]     89s   2.0M/s ETA 924.7 min
  [round 5 · 5997 climbs live · 176128590 decrypts]     89s   2.0M/s ETA 923.5 min
  [round 6 · 0 climbs live · 176302503 decrypts]     89s   2.0M/s ETA 923.0 min
  [chunk 44/20025 · 8192 4-plug climbs]
  [round 1 · 8192 climbs live · 177564071 decrypts]     90s   2.0M/s ETA 933.0 min
  [round 2 · 8192 climbs live · 178555303 decrypts]     91s   2.0M/s ETA 929.4 min
  [round 3 · 8163 climbs live · 179308967 decrypts]     91s   2.0M/s ETA 926.8 min
  [round 4 · 7729 climbs live · 179855888 decrypts]     91s   2.0M/s ETA 924.9 min
  [round 5 · 5912 climbs live · 180211422 decrypts]     91s   2.0M/s ETA 923.7 min
  [round 6 · 0 climbs live · 180382870 decrypts]     91s   2.0M/s ETA 923.2 min
  [chunk 45/20025 · 8192 4-plug climbs]
  [round 1 · 8192 climbs live · 181644438 decrypts]     93s   2.0M/s ETA 933.3 min
  [round 2 · 8192 climbs live · 182635670 decrypts]     93s   2.0M/s ETA 929.8 min
  [round 3 · 8179 climbs live · 183389334 decrypts]     93s   2.0M/s ETA 927.2 min
  [round 4 · 7934 climbs live · 183937327 decrypts]     93s   2.0M/s ETA 925.4 min
  [round 5 · 6561 climbs live · 184302291 decrypts]     93s   2.0M/s ETA 924.2 min
  [round 6 · 0 climbs live · 184492560 decrypts]     93s   2.0M/s ETA 923.7 min
  [chunk 46/20025 · 8192 4-plug climbs]
  [round 1 · 8192 climbs live · 185754128 decrypts]     95s   2.0M/s ETA 933.1 min
  [round 2 · 8192 climbs live · 186745360 decrypts]     95s   2.0M/s ETA 929.7 min
  [round 3 · 8178 climbs live · 187499024 decrypts]     95s   2.0M/s ETA 927.2 min
  [round 4 · 7919 climbs live · 188046950 decrypts]     95s   2.0M/s ETA 925.4 min
  [round 5 · 6485 climbs live · 188411224 decrypts]     95s   2.0M/s ETA 924.2 min
  [round 6 · 0 climbs live · 188599289 decrypts]     95s   2.0M/s ETA 923.7 min
  [chunk 47/20025 · 8192 4-plug climbs]
  [round 1 · 8192 climbs live · 189860857 decrypts]     97s   2.0M/s ETA 932.5 min
  [round 2 · 8192 climbs live · 190852089 decrypts]     97s   2.0M/s ETA 929.1 min
  [round 3 · 8186 climbs live · 191605753 decrypts]     97s   2.0M/s ETA 926.6 min
  [round 4 · 8028 climbs live · 192154215 decrypts]     97s   2.0M/s ETA 924.9 min
  [round 5 · 6657 climbs live · 192523503 decrypts]     97s   2.0M/s ETA 923.7 min
  [round 6 · 0 climbs live · 192716556 decrypts]     97s   2.0M/s ETA 923.2 min
  [chunk 48/20025 · 8192 4-plug climbs]
  [round 1 · 8192 climbs live · 193978124 decrypts]     99s   2.0M/s ETA 931.6 min
  [round 2 · 8192 climbs live · 194969356 decrypts]     99s   2.0M/s ETA 928.3 min
  [round 3 · 8186 climbs live · 195723020 decrypts]     99s   2.0M/s ETA 925.9 min
  [round 4 · 7965 climbs live · 196271482 decrypts]     99s   2.0M/s ETA 924.1 min
  [round 5 · 6532 climbs live · 196637872 decrypts]     99s   2.0M/s ETA 923.0 min
  [round 6 · 0 climbs live · 196827300 decrypts]     99s   2.0M/s ETA 922.5 min
  [chunk 49/20025 · 8192 4-plug climbs]
  [round 1 · 8192 climbs live · 198088868 decrypts]    101s   2.0M/s ETA 931.5 min
  [round 2 · 8192 climbs live · 199080100 decrypts]    101s   2.0M/s ETA 928.3 min
  [round 3 · 8181 climbs live · 199833764 decrypts]    101s   2.0M/s ETA 926.0 min
  [round 4 · 7940 climbs live · 200381891 decrypts]    101s   2.0M/s ETA 924.3 min
  [round 5 · 6530 climbs live · 200747131 decrypts]    101s   2.0M/s ETA 923.2 min
  [round 6 · 0 climbs live · 200936501 decrypts]    101s   2.0M/s ETA 922.7 min
  [chunk 50/20025 · 8192 4-plug climbs]
  [round 1 · 8192 climbs live · 202198069 decrypts]    103s   2.0M/s ETA 931.3 min
  [round 2 · 8192 climbs live · 203189301 decrypts]    103s   2.0M/s ETA 928.1 min
  [round 3 · 8183 climbs live · 203942965 decrypts]    103s   2.0M/s ETA 925.8 min
  [round 4 · 7953 climbs live · 204491226 decrypts]    103s   2.0M/s ETA 924.2 min
  [round 5 · 6458 climbs live · 204857064 decrypts]    103s   2.0M/s ETA 923.1 min
  [round 6 · 0 climbs live · 205044346 decrypts]    103s   2.0M/s ETA 922.6 min
  [chunk 51/20025 · 8192 4-plug climbs]
  [round 1 · 8192 climbs live · 206305914 decrypts]    105s   2.0M/s ETA 931.3 min
  [round 2 · 8191 climbs live · 207297146 decrypts]    105s   2.0M/s ETA 928.2 min
  [round 3 · 8175 climbs live · 208050718 decrypts]    105s   2.0M/s ETA 925.9 min
  [round 4 · 7962 climbs live · 208598443 decrypts]    105s   2.0M/s ETA 924.3 min
  [round 5 · 6605 climbs live · 208964695 decrypts]    105s   2.0M/s ETA 923.3 min
  [round 6 · 0 climbs live · 209156240 decrypts]    105s   2.0M/s ETA 922.8 min
  [chunk 52/20025 · 8192 4-plug climbs]
  [round 1 · 8192 climbs live · 210417808 decrypts]    107s   2.0M/s ETA 930.7 min
  [round 2 · 8192 climbs live · 211409040 decrypts]    107s   2.0M/s ETA 927.7 min
  [round 3 · 8182 climbs live · 212162704 decrypts]    107s   2.0M/s ETA 925.5 min
  [round 4 · 7942 climbs live · 212710898 decrypts]    107s   2.0M/s ETA 923.9 min
  [round 5 · 6549 climbs live · 213076230 decrypts]    107s   2.0M/s ETA 922.9 min
  [round 6 · 0 climbs live · 213266151 decrypts]    107s   2.0M/s ETA 922.4 min
  [chunk 53/20025 · 8192 4-plug climbs]
  [round 1 · 8192 climbs live · 214527719 decrypts]    109s   2.0M/s ETA 930.1 min
  [round 2 · 8192 climbs live · 215518951 decrypts]    109s   2.0M/s ETA 927.1 min
  [round 3 · 8184 climbs live · 216272615 decrypts]    109s   2.0M/s ETA 924.9 min
  [round 4 · 7913 climbs live · 216820943 decrypts]    109s   2.0M/s ETA 923.4 min
  [round 5 · 6411 climbs live · 217184941 decrypts]    109s   2.0M/s ETA 922.4 min
  [round 6 · 0 climbs live · 217370860 decrypts]    109s   2.0M/s ETA 921.9 min
  [chunk 54/20025 · 8192 4-plug climbs]
  [round 1 · 8192 climbs live · 218632428 decrypts]    111s   2.0M/s ETA 930.0 min
  [round 2 · 8191 climbs live · 219623660 decrypts]    111s   2.0M/s ETA 927.2 min
  [round 3 · 8168 climbs live · 220377232 decrypts]    111s   2.0M/s ETA 925.0 min
  [round 4 · 7830 climbs live · 220924488 decrypts]    111s   2.0M/s ETA 923.5 min
  [round 5 · 6140 climbs live · 221284668 decrypts]    112s   2.0M/s ETA 922.6 min
  [round 6 · 0 climbs live · 221462728 decrypts]    112s   2.0M/s ETA 922.1 min
  [chunk 55/20025 · 8192 4-plug climbs]
  [round 1 · 8192 climbs live · 222724296 decrypts]    113s   2.0M/s ETA 930.2 min
  [round 2 · 8192 climbs live · 223715528 decrypts]    113s   2.0M/s ETA 927.4 min
  [round 3 · 8177 climbs live · 224469192 decrypts]    113s   2.0M/s ETA 925.3 min
  [round 4 · 7903 climbs live · 225017051 decrypts]    114s   2.0M/s ETA 923.8 min
  [round 5 · 6440 climbs live · 225380589 decrypts]    114s   2.0M/s ETA 922.8 min
  [round 6 · 0 climbs live · 225567349 decrypts]    114s   2.0M/s ETA 922.4 min
  [chunk 56/20025 · 8192 4-plug climbs]
  [round 1 · 8192 climbs live · 226828917 decrypts]    115s   2.0M/s ETA 929.8 min
  [round 2 · 8192 climbs live · 227820149 decrypts]    115s   2.0M/s ETA 927.1 min
  [round 3 · 8189 climbs live · 228573813 decrypts]    115s   2.0M/s ETA 925.0 min
  [round 4 · 8040 climbs live · 229122476 decrypts]    116s   2.0M/s ETA 923.6 min
  [round 5 · 6747 climbs live · 229492316 decrypts]    116s   2.0M/s ETA 922.6 min
  [round 6 · 0 climbs live · 229687979 decrypts]    116s   2.0M/s ETA 922.1 min
  [chunk 57/20025 · 8192 4-plug climbs]
  [round 1 · 8192 climbs live · 230949547 decrypts]    117s   2.0M/s ETA 929.2 min
  [round 2 · 8192 climbs live · 231940779 decrypts]    117s   2.0M/s ETA 926.5 min
  [round 3 · 8183 climbs live · 232694443 decrypts]    118s   2.0M/s ETA 924.4 min
  [round 4 · 7950 climbs live · 233242704 decrypts]    118s   2.0M/s ETA 923.0 min
  [round 5 · 6595 climbs live · 233608404 decrypts]    118s   2.0M/s ETA 922.0 min
  [round 6 · 0 climbs live · 233799659 decrypts]    118s   2.0M/s ETA 921.6 min
  [chunk 58/20025 · 8192 4-plug climbs]
  [round 1 · 8192 climbs live · 235061227 decrypts]    119s   2.0M/s ETA 928.6 min
  [round 2 · 8192 climbs live · 236052459 decrypts]    119s   2.0M/s ETA 926.0 min
  [round 3 · 8186 climbs live · 236806123 decrypts]    120s   2.0M/s ETA 923.9 min
  [round 4 · 7972 climbs live · 237354585 decrypts]    120s   2.0M/s ETA 922.5 min
  [round 5 · 6663 climbs live · 237721297 decrypts]    120s   2.0M/s ETA 921.6 min
  [round 6 · 0 climbs live · 237914524 decrypts]    120s   2.0M/s ETA 921.1 min
  [chunk 59/20025 · 8192 4-plug climbs]
  [round 1 · 8192 climbs live · 239176092 decrypts]    121s   2.0M/s ETA 927.9 min
  [round 2 · 8192 climbs live · 240167324 decrypts]    121s   2.0M/s ETA 925.2 min
  [round 3 · 8184 climbs live · 240920988 decrypts]    122s   2.0M/s ETA 923.3 min
  [round 4 · 7977 climbs live · 241469316 decrypts]    122s   2.0M/s ETA 921.9 min
  [round 5 · 6638 climbs live · 241836258 decrypts]    122s   2.0M/s ETA 921.0 min
  [round 6 · 0 climbs live · 242028760 decrypts]    122s   2.0M/s ETA 920.5 min
  [chunk 60/20025 · 8192 4-plug climbs]
  [round 1 · 8192 climbs live · 243290328 decrypts]    123s   2.0M/s ETA 927.2 min
  [round 2 · 8192 climbs live · 244281560 decrypts]    123s   2.0M/s ETA 924.7 min
  [round 3 · 8178 climbs live · 245035224 decrypts]    124s   2.0M/s ETA 922.7 min
  [round 4 · 7886 climbs live · 245583150 decrypts]    124s   2.0M/s ETA 921.4 min
  [round 5 · 6344 climbs live · 245945906 decrypts]    124s   2.0M/s ETA 920.5 min
  [round 6 · 0 climbs live · 246129882 decrypts]    124s   2.0M/s ETA 920.1 min
  [chunk 61/20025 · 8192 4-plug climbs]
  [round 1 · 8192 climbs live · 247391450 decrypts]    125s   2.0M/s ETA 927.4 min
  [round 2 · 8192 climbs live · 248382682 decrypts]    126s   2.0M/s ETA 924.8 min
  [round 3 · 8181 climbs live · 249136346 decrypts]    126s   2.0M/s ETA 923.0 min
  [round 4 · 7913 climbs live · 249684473 decrypts]    126s   2.0M/s ETA 921.6 min
  [round 5 · 6399 climbs live · 250048471 decrypts]    126s   2.0M/s ETA 920.8 min
  [round 6 · 0 climbs live · 250234042 decrypts]    126s   2.0M/s ETA 920.3 min
  [chunk 62/20025 · 8192 4-plug climbs]
  [round 1 · 8192 climbs live · 251495610 decrypts]    127s   2.0M/s ETA 927.4 min
  [round 2 · 8192 climbs live · 252486842 decrypts]    128s   2.0M/s ETA 925.0 min
  [round 3 · 8182 climbs live · 253240506 decrypts]    128s   2.0M/s ETA 923.1 min
  [round 4 · 7893 climbs live · 253788700 decrypts]    128s   2.0M/s ETA 921.8 min
  [round 5 · 6365 climbs live · 254151778 decrypts]    128s   2.0M/s ETA 921.0 min
  [round 6 · 0 climbs live · 254336363 decrypts]    128s   2.0M/s ETA 920.5 min
  [chunk 63/20025 · 8192 4-plug climbs]
  [round 1 · 8192 climbs live · 255597931 decrypts]    129s   2.0M/s ETA 927.1 min
  [round 2 · 8192 climbs live · 256589163 decrypts]    130s   2.0M/s ETA 924.6 min
  [round 3 · 8181 climbs live · 257342827 decrypts]    130s   2.0M/s ETA 922.8 min
  [round 4 · 7905 climbs live · 257890954 decrypts]    130s   2.0M/s ETA 921.5 min
  [round 5 · 6373 climbs live · 258254584 decrypts]    130s   2.0M/s ETA 920.7 min
  [round 6 · 0 climbs live · 258439401 decrypts]    130s   2.0M/s ETA 920.3 min
  [chunk 64/20025 · 8192 4-plug climbs]
  [round 1 · 8192 climbs live · 259700969 decrypts]    132s   2.0M/s ETA 926.8 min
  [round 2 · 8192 climbs live · 260692201 decrypts]    132s   2.0M/s ETA 924.4 min
  [round 3 · 8179 climbs live · 261445865 decrypts]    132s   2.0M/s ETA 922.6 min
  [round 4 · 7937 climbs live · 261993858 decrypts]    132s   2.0M/s ETA 921.4 min
  [round 5 · 6489 climbs live · 262358960 decrypts]    132s   2.0M/s ETA 920.5 min
  [round 6 · 0 climbs live · 262547141 decrypts]    132s   2.0M/s ETA 920.1 min
  [chunk 65/20025 · 8192 4-plug climbs]
  [round 1 · 8192 climbs live · 263808709 decrypts]    134s   2.0M/s ETA 926.5 min
  [round 2 · 8192 climbs live · 264799941 decrypts]    134s   2.0M/s ETA 924.2 min
  [round 3 · 8178 climbs live · 265553605 decrypts]    134s   2.0M/s ETA 922.4 min
  [round 4 · 7926 climbs live · 266101531 decrypts]    134s   2.0M/s ETA 921.1 min
  [round 5 · 6504 climbs live · 266466127 decrypts]    134s   2.0M/s ETA 920.3 min
  [round 6 · 0 climbs live · 266654743 decrypts]    134s   2.0M/s ETA 919.9 min
  [chunk 66/20025 · 8192 4-plug climbs]
  [round 1 · 8192 climbs live · 267916311 decrypts]    136s   2.0M/s ETA 926.0 min
  [round 2 · 8192 climbs live · 268907543 decrypts]    136s   2.0M/s ETA 923.7 min
  [round 3 · 8189 climbs live · 269661207 decrypts]    136s   2.0M/s ETA 921.9 min
  [round 4 · 7973 climbs live · 270209870 decrypts]    136s   2.0M/s ETA 920.7 min
  [round 5 · 6609 climbs live · 270576628 decrypts]    136s   2.0M/s ETA 919.8 min
  [round 6 · 0 climbs live · 270768289 decrypts]    136s   2.0M/s ETA 919.5 min
  [chunk 67/20025 · 8192 4-plug climbs]
  [round 1 · 8192 climbs live · 272029857 decrypts]    138s   2.0M/s ETA 925.8 min
  [round 2 · 8192 climbs live · 273021089 decrypts]    138s   2.0M/s ETA 923.5 min
  [round 3 · 8187 climbs live · 273774753 decrypts]    138s   2.0M/s ETA 921.8 min
  [round 4 · 8027 climbs live · 274323282 decrypts]    138s   2.0M/s ETA 920.6 min
  [round 5 · 6782 climbs live · 274692524 decrypts]    138s   2.0M/s ETA 919.8 min
  [round 6 · 0 climbs live · 274889202 decrypts]    138s   2.0M/s ETA 919.4 min
  [chunk 68/20025 · 8192 4-plug climbs]
  [round 1 · 8192 climbs live · 276150770 decrypts]    140s   2.0M/s ETA 925.2 min
  [round 2 · 8192 climbs live · 277142002 decrypts]    140s   2.0M/s ETA 923.0 min
  [round 3 · 8188 climbs live · 277895666 decrypts]    140s   2.0M/s ETA 921.3 min
  [round 4 · 7989 climbs live · 278444262 decrypts]    140s   2.0M/s ETA 920.1 min
  [round 5 · 6510 climbs live · 278811756 decrypts]    140s   2.0M/s ETA 919.3 min
  [round 6 · 0 climbs live · 279000546 decrypts]    140s   2.0M/s ETA 918.9 min
  [chunk 69/20025 · 8192 4-plug climbs]
  [round 1 · 8192 climbs live · 280262114 decrypts]    142s   2.0M/s ETA 924.8 min
  [round 2 · 8192 climbs live · 281253346 decrypts]    142s   2.0M/s ETA 922.6 min
  [round 3 · 8187 climbs live · 282007010 decrypts]    142s   2.0M/s ETA 921.0 min
  [round 4 · 7891 climbs live · 282555539 decrypts]    142s   2.0M/s ETA 919.8 min
  [round 5 · 6277 climbs live · 282918525 decrypts]    142s   2.0M/s ETA 919.1 min
  [round 6 · 0 climbs live · 283100558 decrypts]    142s   2.0M/s ETA 918.7 min
  [chunk 70/20025 · 8192 4-plug climbs]
  [round 1 · 8192 climbs live · 284362126 decrypts]    144s   2.0M/s ETA 924.8 min
  [round 2 · 8192 climbs live · 285353358 decrypts]    144s   2.0M/s ETA 922.6 min
  [round 3 · 8181 climbs live · 286107022 decrypts]    144s   2.0M/s ETA 921.0 min
  [round 4 · 7905 climbs live · 286655149 decrypts]    144s   2.0M/s ETA 919.8 min
  [round 5 · 6200 climbs live · 287018779 decrypts]    144s   2.0M/s ETA 919.1 min
  [round 6 · 0 climbs live · 287198579 decrypts]    144s   2.0M/s ETA 918.7 min
  [chunk 71/20025 · 8192 4-plug climbs]
  [round 1 · 8192 climbs live · 288460147 decrypts]    146s   2.0M/s ETA 925.3 min
  [round 2 · 8192 climbs live · 289451379 decrypts]    146s   2.0M/s ETA 923.1 min
  [round 3 · 8185 climbs live · 290205043 decrypts]    146s   2.0M/s ETA 921.5 min
  [round 4 · 7968 climbs live · 290753438 decrypts]    146s   2.0M/s ETA 920.3 min
  [round 5 · 6529 climbs live · 291119966 decrypts]    146s   2.0M/s ETA 919.6 min
  [round 6 · 0 climbs live · 291309307 decrypts]    146s   2.0M/s ETA 919.2 min
  [chunk 72/20025 · 8192 4-plug climbs]
  [round 1 · 8192 climbs live · 292570875 decrypts]    148s   2.0M/s ETA 925.6 min
  [round 2 · 8192 climbs live · 293562107 decrypts]    148s   2.0M/s ETA 923.4 min
  [round 3 · 8179 climbs live · 294315771 decrypts]    148s   2.0M/s ETA 921.9 min
  [round 4 · 7936 climbs live · 294863764 decrypts]    148s   2.0M/s ETA 920.7 min
  [round 5 · 6521 climbs live · 295228820 decrypts]    148s   2.0M/s ETA 920.0 min
  [round 6 · 0 climbs live · 295417929 decrypts]    148s   2.0M/s ETA 919.7 min
  [chunk 73/20025 · 8192 4-plug climbs]
  [round 1 · 8192 climbs live · 296679497 decrypts]    150s   2.0M/s ETA 925.7 min
  [round 2 · 8192 climbs live · 297670729 decrypts]    150s   2.0M/s ETA 923.6 min
  [round 3 · 8188 climbs live · 298424393 decrypts]    150s   2.0M/s ETA 922.0 min
  [round 4 · 8032 climbs live · 298972989 decrypts]    150s   2.0M/s ETA 920.9 min
  [round 5 · 6736 climbs live · 299342461 decrypts]    151s   2.0M/s ETA 920.2 min
  [round 6 · 0 climbs live · 299537805 decrypts]    151s   2.0M/s ETA 919.8 min
  [chunk 74/20025 · 8192 4-plug climbs]
  [round 1 · 8192 climbs live · 300799373 decrypts]    152s   2.0M/s ETA 925.4 min
  [round 2 · 8192 climbs live · 301790605 decrypts]    152s   2.0M/s ETA 923.3 min
  [round 3 · 8181 climbs live · 302544269 decrypts]    152s   2.0M/s ETA 921.7 min
  [round 4 · 7961 climbs live · 303092396 decrypts]    153s   2.0M/s ETA 920.6 min
  [round 5 · 6619 climbs live · 303458602 decrypts]    153s   2.0M/s ETA 919.9 min
  [round 6 · 0 climbs live · 303650553 decrypts]    153s   2.0M/s ETA 919.6 min
  [chunk 75/20025 · 8192 4-plug climbs]
  [round 1 · 8192 climbs live · 304912121 decrypts]    154s   2.0M/s ETA 925.0 min
  [round 2 · 8192 climbs live · 305903353 decrypts]    154s   2.0M/s ETA 922.9 min
  [round 3 · 8181 climbs live · 306657017 decrypts]    154s   2.0M/s ETA 921.4 min
  [round 4 · 7831 climbs live · 307205144 decrypts]    155s   2.0M/s ETA 920.4 min
  [round 5 · 6191 climbs live · 307565370 decrypts]    155s   2.0M/s ETA 919.7 min
  [round 6 · 0 climbs live · 307744909 decrypts]    155s   2.0M/s ETA 919.3 min
  [chunk 76/20025 · 8192 4-plug climbs]
  [round 1 · 8192 climbs live · 309006477 decrypts]    156s   2.0M/s ETA 925.0 min
  [round 2 · 8192 climbs live · 309997709 decrypts]    156s   2.0M/s ETA 923.0 min
  [round 3 · 8177 climbs live · 310751373 decrypts]    157s   2.0M/s ETA 921.4 min
  [round 4 · 7895 climbs live · 311299232 decrypts]    157s   2.0M/s ETA 920.4 min
  [round 5 · 6354 climbs live · 311662402 decrypts]    157s   2.0M/s ETA 919.7 min
  [round 6 · 0 climbs live · 311846668 decrypts]    157s   2.0M/s ETA 919.4 min
  [chunk 77/20025 · 8192 4-plug climbs]
  [round 1 · 8192 climbs live · 313108236 decrypts]    158s   2.0M/s ETA 924.8 min
  [round 2 · 8192 climbs live · 314099468 decrypts]    158s   2.0M/s ETA 922.8 min
  [round 3 · 8184 climbs live · 314853132 decrypts]    159s   2.0M/s ETA 921.3 min
  [round 4 · 7941 climbs live · 315401460 decrypts]    159s   2.0M/s ETA 920.3 min
  [round 5 · 6493 climbs live · 315766746 decrypts]    159s   2.0M/s ETA 919.6 min
  [round 6 · 0 climbs live · 315955043 decrypts]    159s   2.0M/s ETA 919.2 min
  [chunk 78/20025 · 8192 4-plug climbs]
  [round 1 · 8192 climbs live · 317216611 decrypts]    160s   2.0M/s ETA 924.6 min
  [round 2 · 8192 climbs live · 318207843 decrypts]    160s   2.0M/s ETA 922.6 min
  [round 3 · 8179 climbs live · 318961507 decrypts]    161s   2.0M/s ETA 921.1 min
  [round 4 · 7976 climbs live · 319509500 decrypts]    161s   2.0M/s ETA 920.1 min
  [round 5 · 6687 climbs live · 319876396 decrypts]    161s   2.0M/s ETA 919.4 min
  [round 6 · 0 climbs live · 320070319 decrypts]    161s   2.0M/s ETA 919.1 min
  [chunk 79/20025 · 8192 4-plug climbs]
  [round 1 · 8192 climbs live · 321331887 decrypts]    162s   2.0M/s ETA 924.2 min
  [round 2 · 8191 climbs live · 322323119 decrypts]    163s   2.0M/s ETA 922.3 min
  [round 3 · 8185 climbs live · 323076691 decrypts]    163s   2.0M/s ETA 920.8 min
  [round 4 · 7901 climbs live · 323625086 decrypts]    163s   2.0M/s ETA 919.8 min
  [round 5 · 6388 climbs live · 323988532 decrypts]    163s   2.0M/s ETA 919.1 min
  [round 6 · 0 climbs live · 324173784 decrypts]    163s   2.0M/s ETA 918.8 min
  [chunk 80/20025 · 8192 4-plug climbs]
  [round 1 · 8192 climbs live · 325435352 decrypts]    164s   2.0M/s ETA 923.9 min
  [round 2 · 8192 climbs live · 326426584 decrypts]    165s   2.0M/s ETA 922.0 min
  [round 3 · 8170 climbs live · 327180248 decrypts]    165s   2.0M/s ETA 920.5 min
  [round 4 · 7822 climbs live · 327727638 decrypts]    165s   2.0M/s ETA 919.5 min
  [round 5 · 6163 climbs live · 328087450 decrypts]    165s   2.0M/s ETA 918.9 min
  [round 6 · 0 climbs live · 328266177 decrypts]    165s   2.0M/s ETA 918.6 min
  [chunk 81/20025 · 8192 4-plug climbs]
  [round 1 · 8192 climbs live · 329527745 decrypts]    167s   2.0M/s ETA 924.2 min
  [round 2 · 8192 climbs live · 330518977 decrypts]    167s   2.0M/s ETA 922.3 min
  [round 3 · 8163 climbs live · 331272641 decrypts]    167s   2.0M/s ETA 920.9 min
  [round 4 · 7804 climbs live · 331819562 decrypts]    167s   2.0M/s ETA 919.9 min
  [round 5 · 6103 climbs live · 332178546 decrypts]    167s   2.0M/s ETA 919.2 min
  [round 6 · 0 climbs live · 332355533 decrypts]    167s   2.0M/s ETA 919.0 min
  [chunk 82/20025 · 8192 4-plug climbs]
  [round 1 · 8192 climbs live · 333617101 decrypts]    169s   2.0M/s ETA 924.1 min
  [round 2 · 8192 climbs live · 334608333 decrypts]    169s   2.0M/s ETA 922.3 min
  [round 3 · 8186 climbs live · 335361997 decrypts]    169s   2.0M/s ETA 920.9 min
  [round 4 · 7995 climbs live · 335910459 decrypts]    169s   2.0M/s ETA 919.9 min
  [round 5 · 6674 climbs live · 336278229 decrypts]    169s   2.0M/s ETA 919.3 min
  [round 6 · 0 climbs live · 336471775 decrypts]    169s   2.0M/s ETA 918.9 min
  [chunk 83/20025 · 8192 4-plug climbs]
  [round 1 · 8192 climbs live · 337733343 decrypts]    171s   2.0M/s ETA 923.9 min
  [round 2 · 8192 climbs live · 338724575 decrypts]    171s   2.0M/s ETA 922.0 min
  [round 3 · 8185 climbs live · 339478239 decrypts]    171s   2.0M/s ETA 920.7 min
  [round 4 · 7971 climbs live · 340026634 decrypts]    171s   2.0M/s ETA 919.7 min
  [round 5 · 6499 climbs live · 340393300 decrypts]    171s   2.0M/s ETA 919.1 min
  [round 6 · 0 climbs live · 340581771 decrypts]    171s   2.0M/s ETA 918.8 min
  [chunk 84/20025 · 8192 4-plug climbs]
  [round 1 · 8192 climbs live · 341843339 decrypts]    173s   2.0M/s ETA 923.7 min
  [round 2 · 8192 climbs live · 342834571 decrypts]    173s   2.0M/s ETA 921.9 min
  [round 3 · 8183 climbs live · 343588235 decrypts]    173s   2.0M/s ETA 920.5 min
  [round 4 · 7882 climbs live · 344136496 decrypts]    173s   2.0M/s ETA 919.6 min
  [round 5 · 6260 climbs live · 344499068 decrypts]    173s   2.0M/s ETA 918.9 min
  [round 6 · 0 climbs live · 344680608 decrypts]    173s   2.0M/s ETA 918.6 min
  [chunk 85/20025 · 8192 4-plug climbs]
  [round 1 · 8192 climbs live · 345942176 decrypts]    175s   2.0M/s ETA 923.7 min
  [round 2 · 8192 climbs live · 346933408 decrypts]    175s   2.0M/s ETA 921.9 min
  [round 3 · 8178 climbs live · 347687072 decrypts]    175s   2.0M/s ETA 920.5 min
  [round 4 · 7854 climbs live · 348234998 decrypts]    175s   2.0M/s ETA 919.5 min
  [round 5 · 6162 climbs live · 348596282 decrypts]    175s   2.0M/s ETA 918.9 min
  [round 6 · 0 climbs live · 348774980 decrypts]    175s   2.0M/s ETA 918.6 min
  [chunk 86/20025 · 8192 4-plug climbs]
  [round 1 · 8192 climbs live · 350036548 decrypts]    177s   2.0M/s ETA 923.5 min
  [round 2 · 8192 climbs live · 351027780 decrypts]    177s   2.0M/s ETA 921.7 min
  [round 3 · 8183 climbs live · 351781444 decrypts]    177s   2.0M/s ETA 920.4 min
  [round 4 · 7938 climbs live · 352329705 decrypts]    177s   2.0M/s ETA 919.5 min
  [round 5 · 6356 climbs live · 352694853 decrypts]    177s   2.0M/s ETA 918.9 min
  [round 6 · 0 climbs live · 352879177 decrypts]    177s   2.0M/s ETA 918.6 min
  [chunk 87/20025 · 8192 4-plug climbs]
  [round 1 · 8192 climbs live · 354140745 decrypts]    179s   2.0M/s ETA 923.3 min
  [round 2 · 8191 climbs live · 355131977 decrypts]    179s   2.0M/s ETA 921.5 min
  [round 3 · 8176 climbs live · 355885549 decrypts]    179s   2.0M/s ETA 920.2 min
  [round 4 · 7905 climbs live · 356433341 decrypts]    179s   2.0M/s ETA 919.3 min
  [round 5 · 6346 climbs live · 356796971 decrypts]    179s   2.0M/s ETA 918.7 min
  [round 6 · 0 climbs live · 356981005 decrypts]    179s   2.0M/s ETA 918.4 min
  [chunk 88/20025 · 8192 4-plug climbs]
  [round 1 · 8192 climbs live · 358242573 decrypts]    181s   2.0M/s ETA 923.1 min
  [round 2 · 8192 climbs live · 359233805 decrypts]    181s   2.0M/s ETA 921.3 min
  [round 3 · 8183 climbs live · 359987469 decrypts]    181s   2.0M/s ETA 920.0 min
  [round 4 · 7929 climbs live · 360535730 decrypts]    181s   2.0M/s ETA 919.1 min
  [round 5 · 6329 climbs live · 360900464 decrypts]    181s   2.0M/s ETA 918.5 min
  [round 6 · 0 climbs live · 361084005 decrypts]    181s   2.0M/s ETA 918.2 min
  [chunk 89/20025 · 8192 4-plug climbs]
  [round 1 · 8192 climbs live · 362345573 decrypts]    183s   2.0M/s ETA 922.9 min
  [round 2 · 8192 climbs live · 363336805 decrypts]    183s   2.0M/s ETA 921.2 min
  [round 3 · 8150 climbs live · 364090469 decrypts]    183s   2.0M/s ETA 919.9 min
  [round 4 · 7727 climbs live · 364636519 decrypts]    183s   2.0M/s ETA 919.0 min
  [round 5 · 5969 climbs live · 364991961 decrypts]    183s   2.0M/s ETA 918.4 min
  [round 6 · 0 climbs live · 365165062 decrypts]    183s   2.0M/s ETA 918.1 min
  [chunk 90/20025 · 8192 4-plug climbs]
  [round 1 · 8192 climbs live · 366426630 decrypts]    185s   2.0M/s ETA 922.9 min
  [round 2 · 8192 climbs live · 367417862 decrypts]    185s   2.0M/s ETA 921.2 min
  [round 3 · 8170 climbs live · 368171526 decrypts]    185s   2.0M/s ETA 919.9 min
  [round 4 · 7734 climbs live · 368718916 decrypts]    185s   2.0M/s ETA 919.0 min
  [round 5 · 5829 climbs live · 369074680 decrypts]    185s   2.0M/s ETA 918.4 min
  [round 6 · 0 climbs live · 369243721 decrypts]    185s   2.0M/s ETA 918.2 min
  [chunk 91/20025 · 8192 4-plug climbs]
  [round 1 · 8192 climbs live · 370505289 decrypts]    187s   2.0M/s ETA 923.0 min
  [round 2 · 8192 climbs live · 371496521 decrypts]    187s   2.0M/s ETA 921.3 min
  [round 3 · 8179 climbs live · 372250185 decrypts]    187s   2.0M/s ETA 920.0 min
  [round 4 · 7893 climbs live · 372798178 decrypts]    187s   2.0M/s ETA 919.2 min
  [round 5 · 6189 climbs live · 373161256 decrypts]    187s   2.0M/s ETA 918.6 min
  [round 6 · 0 climbs live · 373340737 decrypts]    188s   2.0M/s ETA 918.3 min
  [chunk 92/20025 · 8192 4-plug climbs]
  [round 1 · 8192 climbs live · 374602305 decrypts]    189s   2.0M/s ETA 923.0 min
  [round 2 · 8191 climbs live · 375593537 decrypts]    189s   2.0M/s ETA 921.4 min
  [round 3 · 8159 climbs live · 376347109 decrypts]    189s   2.0M/s ETA 920.1 min
  [round 4 · 7604 climbs live · 376893762 decrypts]    190s   2.0M/s ETA 919.2 min
  [round 5 · 5617 climbs live · 377243546 decrypts]    190s   2.0M/s ETA 918.7 min
  [round 6 · 0 climbs live · 377406439 decrypts]    190s   2.0M/s ETA 918.5 min
  [chunk 93/20025 · 8192 4-plug climbs]
  [round 1 · 8192 climbs live · 378668007 decrypts]    191s   2.0M/s ETA 923.4 min
  [round 2 · 8192 climbs live · 379659239 decrypts]    191s   2.0M/s ETA 921.8 min
  [round 3 · 8171 climbs live · 380412903 decrypts]    192s   2.0M/s ETA 920.5 min
  [round 4 · 7813 climbs live · 380960360 decrypts]    192s   2.0M/s ETA 919.7 min
  [round 5 · 6026 climbs live · 381319758 decrypts]    192s   2.0M/s ETA 919.1 min
  [round 6 · 0 climbs live · 381494512 decrypts]    192s   2.0M/s ETA 918.8 min
  [chunk 94/20025 · 8192 4-plug climbs]
  [round 1 · 8192 climbs live · 382756080 decrypts]    193s   2.0M/s ETA 923.4 min
  [round 2 · 8192 climbs live · 383747312 decrypts]    193s   2.0M/s ETA 921.8 min
  [round 3 · 8161 climbs live · 384500976 decrypts]    194s   2.0M/s ETA 920.6 min
  [round 4 · 7643 climbs live · 385047763 decrypts]    194s   2.0M/s ETA 919.7 min
  [round 5 · 5761 climbs live · 385399341 decrypts]    194s   2.0M/s ETA 919.2 min
  [round 6 · 0 climbs live · 385566410 decrypts]    194s   2.0M/s ETA 918.9 min
  [chunk 95/20025 · 8192 4-plug climbs]
  [round 1 · 8192 climbs live · 386827978 decrypts]    195s   2.0M/s ETA 923.5 min
  [round 2 · 8192 climbs live · 387819210 decrypts]    196s   2.0M/s ETA 921.9 min
  [round 3 · 8190 climbs live · 388572874 decrypts]    196s   2.0M/s ETA 920.7 min
  [round 4 · 8006 climbs live · 389121604 decrypts]    196s   2.0M/s ETA 919.9 min
  [round 5 · 6610 climbs live · 389489880 decrypts]    196s   2.0M/s ETA 919.3 min
  [round 6 · 0 climbs live · 389681570 decrypts]    196s   2.0M/s ETA 919.0 min
  [chunk 96/20025 · 8192 4-plug climbs]
  [round 1 · 8192 climbs live · 390943138 decrypts]    197s   2.0M/s ETA 923.2 min
  [round 2 · 8192 climbs live · 391934370 decrypts]    198s   2.0M/s ETA 921.6 min
  [round 3 · 8184 climbs live · 392688034 decrypts]    198s   2.0M/s ETA 920.4 min
  [round 4 · 7923 climbs live · 393236362 decrypts]    198s   2.0M/s ETA 919.6 min
  [round 5 · 6321 climbs live · 393600820 decrypts]    198s   2.0M/s ETA 919.1 min
  [round 6 · 0 climbs live · 393784129 decrypts]    198s   2.0M/s ETA 918.8 min
  [chunk 97/20025 · 8192 4-plug climbs]
  [round 1 · 8192 climbs live · 395045697 decrypts]    199s   2.0M/s ETA 923.0 min
  [round 2 · 8192 climbs live · 396036929 decrypts]    200s   2.0M/s ETA 921.5 min
  [round 3 · 8187 climbs live · 396790593 decrypts]    200s   2.0M/s ETA 920.3 min
  [round 4 · 7975 climbs live · 397339122 decrypts]    200s   2.0M/s ETA 919.5 min
  [round 5 · 6503 climbs live · 397705972 decrypts]    200s   2.0M/s ETA 918.9 min
  [round 6 · 0 climbs live · 397894559 decrypts]    200s   2.0M/s ETA 918.6 min
  [chunk 98/20025 · 8192 4-plug climbs]
  [round 1 · 8192 climbs live · 399156127 decrypts]    202s   2.0M/s ETA 922.8 min
  [round 2 · 8192 climbs live · 400147359 decrypts]    202s   2.0M/s ETA 921.2 min
  [round 3 · 8180 climbs live · 400901023 decrypts]    202s   2.0M/s ETA 920.0 min
  [round 4 · 7911 climbs live · 401449083 decrypts]    202s   2.0M/s ETA 919.2 min
  [round 5 · 6290 climbs live · 401812989 decrypts]    202s   2.0M/s ETA 918.7 min
  [round 6 · 0 climbs live · 401995399 decrypts]    202s   2.0M/s ETA 918.4 min
  [chunk 99/20025 · 8192 4-plug climbs]
  [round 1 · 8192 climbs live · 403256967 decrypts]    204s   2.0M/s ETA 922.7 min
  [round 2 · 8192 climbs live · 404248199 decrypts]    204s   2.0M/s ETA 921.1 min
  [round 3 · 8174 climbs live · 405001863 decrypts]    204s   2.0M/s ETA 919.9 min
  [round 4 · 7860 climbs live · 405549521 decrypts]    204s   2.0M/s ETA 919.1 min
  [round 5 · 6176 climbs live · 405911081 decrypts]    204s   2.0M/s ETA 918.6 min
  [round 6 · 0 climbs live · 406090185 decrypts]    204s   2.0M/s ETA 918.4 min
  [chunk 100/20025 · 8192 4-plug climbs]
  [round 1 · 8192 climbs live · 407351753 decrypts]    206s   2.0M/s ETA 922.5 min
  [round 2 · 8192 climbs live · 408342985 decrypts]    206s   2.0M/s ETA 921.0 min
  [round 3 · 8177 climbs live · 409096649 decrypts]    206s   2.0M/s ETA 919.8 min
  [round 4 · 7844 climbs live · 409644508 decrypts]    206s   2.0M/s ETA 919.0 min
  [round 5 · 6169 climbs live · 410005332 decrypts]    206s   2.0M/s ETA 918.5 min
  [round 6 · 0 climbs live · 410184233 decrypts]    206s   2.0M/s ETA 918.3 min
  [chunk 101/20025 · 8192 4-plug climbs]
  [round 1 · 8192 climbs live · 411445801 decrypts]    208s   2.0M/s ETA 922.5 min
  [round 2 · 8192 climbs live · 412437033 decrypts]    208s   2.0M/s ETA 921.0 min
  [round 3 · 8191 climbs live · 413190697 decrypts]    208s   2.0M/s ETA 919.9 min
  [round 4 · 7990 climbs live · 413739494 decrypts]    208s   2.0M/s ETA 919.1 min
  [round 5 · 6479 climbs live · 414107034 decrypts]    208s   2.0M/s ETA 918.5 min
  [round 6 · 0 climbs live · 414294925 decrypts]    208s   2.0M/s ETA 918.3 min
  [chunk 102/20025 · 8192 4-plug climbs]
  [round 1 · 8192 climbs live · 415556493 decrypts]    210s   2.0M/s ETA 922.3 min
  [round 2 · 8192 climbs live · 416547725 decrypts]    210s   2.0M/s ETA 920.8 min
  [round 3 · 8176 climbs live · 417301389 decrypts]    210s   2.0M/s ETA 919.7 min
  [round 4 · 7837 climbs live · 417849181 decrypts]    210s   2.0M/s ETA 918.9 min
  [round 5 · 6081 climbs live · 418209683 decrypts]    210s   2.0M/s ETA 918.4 min
  [round 6 · 0 climbs live · 418386032 decrypts]    210s   2.0M/s ETA 918.1 min
  [chunk 103/20025 · 8192 4-plug climbs]
  [round 1 · 8192 climbs live · 419647600 decrypts]    212s   2.0M/s ETA 922.3 min
  [round 2 · 8192 climbs live · 420638832 decrypts]    212s   2.0M/s ETA 920.8 min
  [round 3 · 8179 climbs live · 421392496 decrypts]    212s   2.0M/s ETA 919.7 min
  [round 4 · 7824 climbs live · 421940489 decrypts]    212s   2.0M/s ETA 918.9 min
  [round 5 · 6036 climbs live · 422300393 decrypts]    212s   2.0M/s ETA 918.4 min
  [round 6 · 0 climbs live · 422475437 decrypts]    212s   2.0M/s ETA 918.2 min
  [chunk 104/20025 · 8192 4-plug climbs]
  [round 1 · 8192 climbs live · 423737005 decrypts]    214s   2.0M/s ETA 922.2 min
  [round 2 · 8192 climbs live · 424728237 decrypts]    214s   2.0M/s ETA 920.8 min
  [round 3 · 8184 climbs live · 425481901 decrypts]    214s   2.0M/s ETA 919.6 min
  [round 4 · 7838 climbs live · 426030229 decrypts]    214s   2.0M/s ETA 918.9 min
  [round 5 · 6163 climbs live · 426390777 decrypts]    214s   2.0M/s ETA 918.4 min
  [round 6 · 0 climbs live · 426569504 decrypts]    214s   2.0M/s ETA 918.1 min
  [chunk 105/20025 · 8192 4-plug climbs]
  [round 1 · 8192 climbs live · 427831072 decrypts]    216s   2.0M/s ETA 922.1 min
  [round 2 · 8192 climbs live · 428822304 decrypts]    216s   2.0M/s ETA 920.6 min
  [round 3 · 8178 climbs live · 429575968 decrypts]    216s   2.0M/s ETA 919.5 min
  [round 4 · 7803 climbs live · 430123894 decrypts]    216s   2.0M/s ETA 918.8 min
  [round 5 · 6007 climbs live · 430482832 decrypts]    216s   2.0M/s ETA 918.3 min
  [round 6 · 0 climbs live · 430657035 decrypts]    216s   2.0M/s ETA 918.1 min
  [chunk 106/20025 · 8192 4-plug climbs]
  [round 1 · 8192 climbs live · 431918603 decrypts]    218s   2.0M/s ETA 922.1 min
  [round 2 · 8192 climbs live · 432909835 decrypts]    218s   2.0M/s ETA 920.7 min
  [round 3 · 8182 climbs live · 433663499 decrypts]    218s   2.0M/s ETA 919.6 min
  [round 4 · 7833 climbs live · 434211693 decrypts]    218s   2.0M/s ETA 918.8 min
  [round 5 · 6006 climbs live · 434572011 decrypts]    218s   2.0M/s ETA 918.3 min
  [round 6 · 0 climbs live · 434746185 decrypts]    218s   2.0M/s ETA 918.1 min
  [chunk 107/20025 · 8192 4-plug climbs]
  [round 1 · 8192 climbs live · 436007753 decrypts]    220s   2.0M/s ETA 922.5 min
  [round 2 · 8192 climbs live · 436998985 decrypts]    220s   2.0M/s ETA 921.1 min
  [round 3 · 8177 climbs live · 437752649 decrypts]    220s   2.0M/s ETA 920.0 min
  [round 4 · 7824 climbs live · 438300508 decrypts]    221s   2.0M/s ETA 919.3 min
  [round 5 · 6042 climbs live · 438660412 decrypts]    221s   2.0M/s ETA 918.8 min
  [round 6 · 0 climbs live · 438835630 decrypts]    221s   2.0M/s ETA 918.6 min
  [chunk 108/20025 · 8192 4-plug climbs]
  [round 1 · 8192 climbs live · 440097198 decrypts]    222s   2.0M/s ETA 923.1 min
  [round 2 · 8192 climbs live · 441088430 decrypts]    222s   2.0M/s ETA 921.6 min
  [round 3 · 8170 climbs live · 441842094 decrypts]    223s   2.0M/s ETA 920.6 min
  [round 4 · 7791 climbs live · 442389484 decrypts]    223s   2.0M/s ETA 919.8 min
  [round 5 · 6063 climbs live · 442747870 decrypts]    223s   2.0M/s ETA 919.4 min
  [round 6 · 0 climbs live · 442923697 decrypts]    223s   2.0M/s ETA 919.1 min
  [chunk 109/20025 · 8192 4-plug climbs]
  [round 1 · 8192 climbs live · 444185265 decrypts]    224s   2.0M/s ETA 923.4 min
  [round 2 · 8192 climbs live · 445176497 decrypts]    225s   2.0M/s ETA 922.0 min
  [round 3 · 8183 climbs live · 445930161 decrypts]    225s   2.0M/s ETA 921.0 min
  [round 4 · 7918 climbs live · 446478422 decrypts]    225s   2.0M/s ETA 920.2 min
  [round 5 · 6346 climbs live · 446842650 decrypts]    225s   2.0M/s ETA 919.8 min
  [round 6 · 0 climbs live · 447026684 decrypts]    225s   2.0M/s ETA 919.5 min
  [chunk 110/20025 · 8192 4-plug climbs]
  [round 1 · 8192 climbs live · 448288252 decrypts]    227s   2.0M/s ETA 923.8 min
  [round 2 · 8192 climbs live · 449279484 decrypts]    227s   2.0M/s ETA 922.4 min
  [round 3 · 8179 climbs live · 450033148 decrypts]    227s   2.0M/s ETA 921.4 min
  [round 4 · 7967 climbs live · 450581141 decrypts]    227s   2.0M/s ETA 920.6 min
  [round 5 · 6604 climbs live · 450947623 decrypts]    227s   2.0M/s ETA 920.1 min
  [round 6 · 0 climbs live · 451139139 decrypts]    227s   2.0M/s ETA 919.9 min
  [chunk 111/20025 · 8192 4-plug climbs]
  [round 1 · 8192 climbs live · 452400707 decrypts]    229s   2.0M/s ETA 923.8 min
  [round 2 · 8192 climbs live · 453391939 decrypts]    229s   2.0M/s ETA 922.4 min
  [round 3 · 8188 climbs live · 454145603 decrypts]    229s   2.0M/s ETA 921.4 min
  [round 4 · 7991 climbs live · 454694199 decrypts]    229s   2.0M/s ETA 920.6 min
  [round 5 · 6728 climbs live · 455061785 decrypts]    229s   2.0M/s ETA 920.1 min
  [round 6 · 0 climbs live · 455256897 decrypts]    229s   2.0M/s ETA 919.9 min
  [chunk 112/20025 · 8192 4-plug climbs]
  [round 1 · 8192 climbs live · 456518465 decrypts]    231s   2.0M/s ETA 923.8 min
  [round 2 · 8192 climbs live · 457509697 decrypts]    231s   2.0M/s ETA 922.4 min
  [round 3 · 8190 climbs live · 458263361 decrypts]    231s   2.0M/s ETA 921.4 min
  [round 4 · 7961 climbs live · 458812091 decrypts]    231s   2.0M/s ETA 920.6 min
  [round 5 · 6568 climbs live · 459178297 decrypts]    231s   2.0M/s ETA 920.2 min
  [round 6 · 0 climbs live · 459368769 decrypts]    231s   2.0M/s ETA 919.9 min
  [chunk 113/20025 · 8192 4-plug climbs]
  [round 1 · 8192 climbs live · 460630337 decrypts]    233s   2.0M/s ETA 923.7 min
  [round 2 · 8192 climbs live · 461621569 decrypts]    233s   2.0M/s ETA 922.4 min
  [round 3 · 8189 climbs live · 462375233 decrypts]    233s   2.0M/s ETA 921.3 min
  [round 4 · 8044 climbs live · 462923896 decrypts]    233s   2.0M/s ETA 920.6 min
  [round 5 · 6922 climbs live · 463293920 decrypts]    233s   2.0M/s ETA 920.1 min
  [round 6 · 0 climbs live · 463494658 decrypts]    233s   2.0M/s ETA 919.9 min
  [chunk 114/20025 · 8192 4-plug climbs]
  [round 1 · 8192 climbs live · 464756226 decrypts]    235s   2.0M/s ETA 923.5 min
  [round 2 · 8192 climbs live · 465747458 decrypts]    235s   2.0M/s ETA 922.2 min
  [round 3 · 8190 climbs live · 466501122 decrypts]    235s   2.0M/s ETA 921.2 min
  [round 4 · 8056 climbs live · 467049852 decrypts]    235s   2.0M/s ETA 920.5 min
  [round 5 · 6842 climbs live · 467420428 decrypts]    235s   2.0M/s ETA 920.0 min
  [round 6 · 0 climbs live · 467618846 decrypts]    235s   2.0M/s ETA 919.8 min
  [chunk 115/20025 · 8192 4-plug climbs]
  [round 1 · 8192 climbs live · 468880414 decrypts]    237s   2.0M/s ETA 923.7 min
  [round 2 · 8192 climbs live · 469871646 decrypts]    237s   2.0M/s ETA 922.3 min
  [round 3 · 8188 climbs live · 470625310 decrypts]    237s   2.0M/s ETA 921.3 min
  [round 4 · 8008 climbs live · 471173906 decrypts]    237s   2.0M/s ETA 920.6 min
  [round 5 · 6696 climbs live · 471542274 decrypts]    238s   2.0M/s ETA 920.2 min
  [round 6 · 0 climbs live · 471736458 decrypts]    238s   2.0M/s ETA 919.9 min
  [chunk 116/20025 · 8192 4-plug climbs]
  [round 1 · 8192 climbs live · 472998026 decrypts]    239s   2.0M/s ETA 923.5 min
  [round 2 · 8192 climbs live · 473989258 decrypts]    239s   2.0M/s ETA 922.2 min
  [round 3 · 8186 climbs live · 474742922 decrypts]    239s   2.0M/s ETA 921.2 min
  [round 4 · 7981 climbs live · 475291384 decrypts]    240s   2.0M/s ETA 920.5 min
  [round 5 · 6623 climbs live · 475658510 decrypts]    240s   2.0M/s ETA 920.0 min
  [round 6 · 0 climbs live · 475850577 decrypts]    240s   2.0M/s ETA 919.8 min
  [chunk 117/20025 · 8192 4-plug climbs]
  [round 1 · 8192 climbs live · 477112145 decrypts]    241s   2.0M/s ETA 923.1 min
  [round 2 · 8192 climbs live · 478103377 decrypts]    241s   2.0M/s ETA 921.8 min
  [round 3 · 8181 climbs live · 478857041 decrypts]    241s   2.0M/s ETA 920.9 min
  [round 4 · 7950 climbs live · 479405168 decrypts]    242s   2.0M/s ETA 920.2 min
  [round 5 · 6623 climbs live · 479770868 decrypts]    242s   2.0M/s ETA 919.7 min
  [round 6 · 0 climbs live · 479962935 decrypts]    242s   2.0M/s ETA 919.5 min
  [chunk 118/20025 · 8192 4-plug climbs]
  [round 1 · 8192 climbs live · 481224503 decrypts]    243s   2.0M/s ETA 923.1 min
  [round 2 · 8192 climbs live · 482215735 decrypts]    243s   2.0M/s ETA 921.8 min
  [round 3 · 8188 climbs live · 482969399 decrypts]    243s   2.0M/s ETA 920.8 min
  [round 4 · 7964 climbs live · 483517995 decrypts]    244s   2.0M/s ETA 920.1 min
  [round 5 · 6531 climbs live · 483884339 decrypts]    244s   2.0M/s ETA 919.7 min
  [round 6 · 0 climbs live · 484073738 decrypts]    244s   2.0M/s ETA 919.5 min
  [chunk 119/20025 · 8192 4-plug climbs]
  [round 1 · 8192 climbs live · 485335306 decrypts]    245s   2.0M/s ETA 922.8 min
  [round 2 · 8192 climbs live · 486326538 decrypts]    245s   2.0M/s ETA 921.5 min
  [round 3 · 8187 climbs live · 487080202 decrypts]    245s   2.0M/s ETA 920.5 min
  [round 4 · 7993 climbs live · 487628731 decrypts]    246s   2.0M/s ETA 919.8 min
  [round 5 · 6670 climbs live · 487996409 decrypts]    246s   2.0M/s ETA 919.4 min
  [round 6 · 0 climbs live · 488189839 decrypts]    246s   2.0M/s ETA 919.1 min
  [chunk 120/20025 · 8192 4-plug climbs]
  [round 1 · 8192 climbs live · 489451407 decrypts]    247s   2.0M/s ETA 922.4 min
  [round 2 · 8192 climbs live · 490442639 decrypts]    247s   2.0M/s ETA 921.2 min
  [round 3 · 8179 climbs live · 491196303 decrypts]    247s   2.0M/s ETA 920.2 min
  [round 4 · 7868 climbs live · 491744296 decrypts]    248s   2.0M/s ETA 919.5 min
  [round 5 · 6338 climbs live · 492106224 decrypts]    248s   2.0M/s ETA 919.1 min
  [round 6 · 0 climbs live · 492290026 decrypts]    248s   2.0M/s ETA 918.9 min
  [chunk 121/20025 · 8192 4-plug climbs]
  [round 1 · 8192 climbs live · 493551594 decrypts]    249s   2.0M/s ETA 922.5 min
  [round 2 · 8192 climbs live · 494542826 decrypts]    249s   2.0M/s ETA 921.2 min
  [round 3 · 8170 climbs live · 495296490 decrypts]    250s   2.0M/s ETA 920.3 min
  [round 4 · 7864 climbs live · 495843880 decrypts]    250s   2.0M/s ETA 919.6 min
  [round 5 · 6324 climbs live · 496205624 decrypts]    250s   2.0M/s ETA 919.2 min
  [round 6 · 0 climbs live · 496389020 decrypts]    250s   2.0M/s ETA 919.0 min
  [chunk 122/20025 · 8192 4-plug climbs]
  [round 1 · 8192 climbs live · 497650588 decrypts]    251s   2.0M/s ETA 922.5 min
  [round 2 · 8192 climbs live · 498641820 decrypts]    252s   2.0M/s ETA 921.2 min
  [round 3 · 8178 climbs live · 499395484 decrypts]    252s   2.0M/s ETA 920.3 min
  [round 4 · 7878 climbs live · 499943410 decrypts]    252s   2.0M/s ETA 919.6 min
  [round 5 · 6306 climbs live · 500305798 decrypts]    252s   2.0M/s ETA 919.2 min
  [round 6 · 0 climbs live · 500488672 decrypts]    252s   2.0M/s ETA 919.0 min
  [chunk 123/20025 · 8192 4-plug climbs]
  [round 1 · 8192 climbs live · 501750240 decrypts]    253s   2.0M/s ETA 922.4 min
  [round 2 · 8191 climbs live · 502741472 decrypts]    254s   2.0M/s ETA 921.2 min
  [round 3 · 8183 climbs live · 503495044 decrypts]    254s   2.0M/s ETA 920.2 min
  [round 4 · 7900 climbs live · 504043305 decrypts]    254s   2.0M/s ETA 919.6 min
  [round 5 · 6251 climbs live · 504406705 decrypts]    254s   2.0M/s ETA 919.2 min
  [round 6 · 0 climbs live · 504587984 decrypts]    254s   2.0M/s ETA 919.0 min
  [chunk 124/20025 · 8192 4-plug climbs]
  [round 1 · 8192 climbs live · 505849552 decrypts]    256s   2.0M/s ETA 922.5 min
  [round 2 · 8192 climbs live · 506840784 decrypts]    256s   2.0M/s ETA 921.3 min
  [round 3 · 8190 climbs live · 507594448 decrypts]    256s   2.0M/s ETA 920.4 min
  [round 4 · 8042 climbs live · 508143178 decrypts]    256s   2.0M/s ETA 919.7 min
  [round 5 · 6731 climbs live · 508513110 decrypts]    256s   2.0M/s ETA 919.3 min
  [round 6 · 0 climbs live · 508708309 decrypts]    256s   2.0M/s ETA 919.1 min
  [chunk 125/20025 · 8192 4-plug climbs]
  [round 1 · 8192 climbs live · 509969877 decrypts]    258s   2.0M/s ETA 922.6 min
  [round 2 · 8192 climbs live · 510961109 decrypts]    258s   2.0M/s ETA 921.4 min
  [round 3 · 8186 climbs live · 511714773 decrypts]    258s   2.0M/s ETA 920.5 min
  [round 4 · 7974 climbs live · 512263235 decrypts]    258s   2.0M/s ETA 919.8 min
  [round 5 · 6483 climbs live · 512630039 decrypts]    258s   2.0M/s ETA 919.4 min
  [round 6 · 0 climbs live · 512818046 decrypts]    258s   2.0M/s ETA 919.2 min
  [chunk 126/20025 · 8192 4-plug climbs]
  [round 1 · 8192 climbs live · 514079614 decrypts]    260s   2.0M/s ETA 923.0 min
  [round 2 · 8192 climbs live · 515070846 decrypts]    260s   2.0M/s ETA 921.8 min
  [round 3 · 8188 climbs live · 515824510 decrypts]    260s   2.0M/s ETA 920.9 min
  [round 4 · 7976 climbs live · 516373106 decrypts]    260s   2.0M/s ETA 920.3 min
  [round 5 · 6531 climbs live · 516740002 decrypts]    260s   2.0M/s ETA 919.8 min
  [round 6 · 0 climbs live · 516929401 decrypts]    260s   2.0M/s ETA 919.6 min
  [chunk 127/20025 · 8192 4-plug climbs]
  [round 1 · 8192 climbs live · 518190969 decrypts]    262s   2.0M/s ETA 923.3 min
  [round 2 · 8192 climbs live · 519182201 decrypts]    262s   2.0M/s ETA 922.1 min
  [round 3 · 8181 climbs live · 519935865 decrypts]    262s   2.0M/s ETA 921.2 min
  [round 4 · 7898 climbs live · 520483992 decrypts]    262s   2.0M/s ETA 920.6 min
  [round 5 · 6329 climbs live · 520847300 decrypts]    262s   2.0M/s ETA 920.1 min
  [round 6 · 0 climbs live · 521030841 decrypts]    263s   2.0M/s ETA 920.0 min
  [chunk 128/20025 · 8192 4-plug climbs]
  [round 1 · 8192 climbs live · 522292409 decrypts]    264s   2.0M/s ETA 923.5 min
  [round 2 · 8192 climbs live · 523283641 decrypts]    264s   2.0M/s ETA 922.3 min
  [round 3 · 8180 climbs live · 524037305 decrypts]    264s   2.0M/s ETA 921.4 min
  [round 4 · 7917 climbs live · 524585365 decrypts]    265s   2.0M/s ETA 920.8 min
  [round 5 · 6328 climbs live · 524949547 decrypts]    265s   2.0M/s ETA 920.4 min
  [round 6 · 0 climbs live · 525133059 decrypts]    265s   2.0M/s ETA 920.2 min
  [chunk 129/20025 · 8192 4-plug climbs]
  [round 1 · 8192 climbs live · 526394627 decrypts]    266s   2.0M/s ETA 923.7 min
  [round 2 · 8192 climbs live · 527385859 decrypts]    266s   2.0M/s ETA 922.5 min
  [round 3 · 8187 climbs live · 528139523 decrypts]    267s   2.0M/s ETA 921.6 min
  [round 4 · 7933 climbs live · 528688052 decrypts]    267s   2.0M/s ETA 921.0 min
  [round 5 · 6479 climbs live · 529052970 decrypts]    267s   2.0M/s ETA 920.6 min
  [round 6 · 0 climbs live · 529240861 decrypts]    267s   2.0M/s ETA 920.4 min
  [chunk 130/20025 · 8192 4-plug climbs]
  [round 1 · 8192 climbs live · 530502429 decrypts]    268s   2.0M/s ETA 923.7 min
  [round 2 · 8192 climbs live · 531493661 decrypts]    269s   2.0M/s ETA 922.5 min
  [round 3 · 8183 climbs live · 532247325 decrypts]    269s   2.0M/s ETA 921.6 min
  [round 4 · 7948 climbs live · 532795586 decrypts]    269s   2.0M/s ETA 921.0 min
  [round 5 · 6460 climbs live · 533161194 decrypts]    269s   2.0M/s ETA 920.6 min
  [round 6 · 0 climbs live · 533348534 decrypts]    269s   2.0M/s ETA 920.4 min
  [chunk 131/20025 · 8192 4-plug climbs]
  [round 1 · 8192 climbs live · 534610102 decrypts]    270s   2.0M/s ETA 923.5 min
  [round 2 · 8192 climbs live · 535601334 decrypts]    271s   2.0M/s ETA 922.3 min
  [round 3 · 8168 climbs live · 536354998 decrypts]    271s   2.0M/s ETA 921.4 min
  [round 4 · 7867 climbs live · 536902254 decrypts]    271s   2.0M/s ETA 920.8 min
  [round 5 · 6120 climbs live · 537264136 decrypts]    271s   2.0M/s ETA 920.4 min
  [round 6 · 0 climbs live · 537441616 decrypts]    271s   2.0M/s ETA 920.2 min
  [chunk 132/20025 · 8192 4-plug climbs]
  [round 1 · 8192 climbs live · 538703184 decrypts]    273s   2.0M/s ETA 923.6 min
  [round 2 · 8192 climbs live · 539694416 decrypts]    273s   2.0M/s ETA 922.5 min
  [round 3 · 8187 climbs live · 540448080 decrypts]    273s   2.0M/s ETA 921.6 min
  [round 4 · 7967 climbs live · 540996609 decrypts]    273s   2.0M/s ETA 921.0 min
  [round 5 · 6422 climbs live · 541363091 decrypts]    273s   2.0M/s ETA 920.6 min
  [round 6 · 0 climbs live · 541549329 decrypts]    273s   2.0M/s ETA 920.4 min
  [chunk 133/20025 · 8192 4-plug climbs]
  [round 1 · 8192 climbs live · 542810897 decrypts]    275s   2.0M/s ETA 923.4 min
  [round 2 · 8192 climbs live · 543802129 decrypts]    275s   2.0M/s ETA 922.2 min
  [round 3 · 8187 climbs live · 544555793 decrypts]    275s   2.0M/s ETA 921.4 min
  [round 4 · 7962 climbs live · 545104322 decrypts]    275s   2.0M/s ETA 920.8 min
  [round 5 · 6462 climbs live · 545470574 decrypts]    275s   2.0M/s ETA 920.4 min
  [round 6 · 0 climbs live · 545657972 decrypts]    275s   2.0M/s ETA 920.2 min
  [chunk 134/20025 · 8192 4-plug climbs]
  [round 1 · 8192 climbs live · 546919540 decrypts]    277s   2.0M/s ETA 923.3 min
  [round 2 · 8192 climbs live · 547910772 decrypts]    277s   2.0M/s ETA 922.1 min
  [round 3 · 8181 climbs live · 548664436 decrypts]    277s   2.0M/s ETA 921.3 min
  [round 4 · 7852 climbs live · 549212563 decrypts]    277s   2.0M/s ETA 920.7 min
  [round 5 · 6115 climbs live · 549573755 decrypts]    277s   2.0M/s ETA 920.3 min
  [round 6 · 0 climbs live · 549751090 decrypts]    277s   2.0M/s ETA 920.1 min
  [chunk 135/20025 · 8192 4-plug climbs]
  [round 1 · 8192 climbs live · 551012658 decrypts]    279s   2.0M/s ETA 923.3 min
  [round 2 · 8192 climbs live · 552003890 decrypts]    279s   2.0M/s ETA 922.2 min
  [round 3 · 8175 climbs live · 552757554 decrypts]    279s   2.0M/s ETA 921.3 min
  [round 4 · 7894 climbs live · 553305279 decrypts]    279s   2.0M/s ETA 920.7 min
  [round 5 · 6398 climbs live · 553668403 decrypts]    279s   2.0M/s ETA 920.3 min
  [round 6 · 0 climbs live · 553853945 decrypts]    279s   2.0M/s ETA 920.1 min
  [chunk 136/20025 · 8192 4-plug climbs]
  [round 1 · 8192 climbs live · 555115513 decrypts]    281s   2.0M/s ETA 923.1 min
  [round 2 · 8192 climbs live · 556106745 decrypts]    281s   2.0M/s ETA 922.0 min
  [round 3 · 8179 climbs live · 556860409 decrypts]    281s   2.0M/s ETA 921.1 min
  [round 4 · 7850 climbs live · 557408402 decrypts]    281s   2.0M/s ETA 920.5 min
  [round 5 · 6318 climbs live · 557769502 decrypts]    281s   2.0M/s ETA 920.1 min
  [round 6 · 0 climbs live · 557952724 decrypts]    281s   2.0M/s ETA 920.0 min
  [chunk 137/20025 · 8192 4-plug climbs]
  [round 1 · 8192 climbs live · 559214292 decrypts]    283s   2.0M/s ETA 922.9 min
  [round 2 · 8192 climbs live · 560205524 decrypts]    283s   2.0M/s ETA 921.8 min
  [round 3 · 8176 climbs live · 560959188 decrypts]    283s   2.0M/s ETA 921.0 min
  [round 4 · 7780 climbs live · 561506980 decrypts]    283s   2.0M/s ETA 920.4 min
  [round 5 · 6103 climbs live · 561864860 decrypts]    283s   2.0M/s ETA 920.0 min
  [round 6 · 0 climbs live · 562041847 decrypts]    283s   2.0M/s ETA 919.9 min
  [chunk 138/20025 · 8192 4-plug climbs]
  [round 1 · 8192 climbs live · 563303415 decrypts]    285s   2.0M/s ETA 922.9 min
  [round 2 · 8192 climbs live · 564294647 decrypts]    285s   2.0M/s ETA 921.8 min
  [round 3 · 8164 climbs live · 565048311 decrypts]    285s   2.0M/s ETA 921.0 min
  [round 4 · 7779 climbs live · 565595299 decrypts]    285s   2.0M/s ETA 920.4 min
  [round 5 · 6042 climbs live · 565953133 decrypts]    285s   2.0M/s ETA 920.0 min
  [round 6 · 0 climbs live · 566128351 decrypts]    285s   2.0M/s ETA 919.9 min
  [chunk 139/20025 · 8192 4-plug climbs]
  [round 1 · 8192 climbs live · 567389919 decrypts]    287s   2.0M/s ETA 923.0 min
  [round 2 · 8192 climbs live · 568381151 decrypts]    287s   2.0M/s ETA 921.9 min
  [round 3 · 8178 climbs live · 569134815 decrypts]    287s   2.0M/s ETA 921.1 min
  [round 4 · 7845 climbs live · 569682741 decrypts]    287s   2.0M/s ETA 920.5 min
  [round 5 · 6247 climbs live · 570043611 decrypts]    287s   2.0M/s ETA 920.1 min
  [round 6 · 0 climbs live · 570224774 decrypts]    287s   2.0M/s ETA 919.9 min
  [chunk 140/20025 · 8192 4-plug climbs]
  [round 1 · 8192 climbs live · 571486342 decrypts]    289s   2.0M/s ETA 923.0 min
  [round 2 · 8192 climbs live · 572477574 decrypts]    289s   2.0M/s ETA 921.8 min
  [round 3 · 8171 climbs live · 573231238 decrypts]    289s   2.0M/s ETA 921.0 min
  [round 4 · 7771 climbs live · 573778695 decrypts]    289s   2.0M/s ETA 920.4 min
  [round 5 · 6106 climbs live · 574136161 decrypts]    289s   2.0M/s ETA 920.1 min
  [round 6 · 0 climbs live · 574313235 decrypts]    289s   2.0M/s ETA 919.9 min
  [chunk 141/20025 · 8192 4-plug climbs]
  [round 1 · 8192 climbs live · 575574803 decrypts]    291s   2.0M/s ETA 922.9 min
  [round 2 · 8192 climbs live · 576566035 decrypts]    291s   2.0M/s ETA 921.8 min
  [round 3 · 8186 climbs live · 577319699 decrypts]    291s   2.0M/s ETA 921.0 min
  [round 4 · 7955 climbs live · 577868161 decrypts]    291s   2.0M/s ETA 920.4 min
  [round 5 · 6400 climbs live · 578234091 decrypts]    292s   2.0M/s ETA 920.0 min
  [round 6 · 0 climbs live · 578419691 decrypts]    292s   2.0M/s ETA 919.8 min
  [chunk 142/20025 · 8192 4-plug climbs]
  [round 1 · 8192 climbs live · 579681259 decrypts]    293s   2.0M/s ETA 922.7 min
  [round 2 · 8192 climbs live · 580672491 decrypts]    293s   2.0M/s ETA 921.6 min
  [round 3 · 8186 climbs live · 581426155 decrypts]    293s   2.0M/s ETA 920.8 min
  [round 4 · 7973 climbs live · 581974617 decrypts]    293s   2.0M/s ETA 920.2 min
  [round 5 · 6447 climbs live · 582341375 decrypts]    294s   2.0M/s ETA 919.8 min
  [round 6 · 0 climbs live · 582528338 decrypts]    294s   2.0M/s ETA 919.6 min
  [chunk 143/20025 · 8192 4-plug climbs]
  [round 1 · 8192 climbs live · 583789906 decrypts]    295s   2.0M/s ETA 922.4 min
  [round 2 · 8192 climbs live · 584781138 decrypts]    295s   2.0M/s ETA 921.3 min
  [round 3 · 8186 climbs live · 585534802 decrypts]    295s   2.0M/s ETA 920.5 min
  [round 4 · 7998 climbs live · 586083264 decrypts]    295s   2.0M/s ETA 920.0 min
  [round 5 · 6622 climbs live · 586451172 decrypts]    296s   2.0M/s ETA 919.6 min
  [round 6 · 0 climbs live · 586643210 decrypts]    296s   2.0M/s ETA 919.4 min
  [chunk 144/20025 · 8192 4-plug climbs]
  [round 1 · 8192 climbs live · 587904778 decrypts]    297s   2.0M/s ETA 922.2 min
  [round 2 · 8192 climbs live · 588896010 decrypts]    297s   2.0M/s ETA 921.1 min
  [round 3 · 8188 climbs live · 589649674 decrypts]    297s   2.0M/s ETA 920.3 min
  [round 4 · 7956 climbs live · 590198270 decrypts]    297s   2.0M/s ETA 919.7 min
  [round 5 · 6383 climbs live · 590564246 decrypts]    298s   2.0M/s ETA 919.4 min
  [round 6 · 0 climbs live · 590749353 decrypts]    298s   2.0M/s ETA 919.2 min
  [chunk 145/20025 · 8192 4-plug climbs]
  [round 1 · 8192 climbs live · 592010921 decrypts]    299s   2.0M/s ETA 922.1 min
  [round 2 · 8192 climbs live · 593002153 decrypts]    299s   2.0M/s ETA 921.1 min
  [round 3 · 8187 climbs live · 593755817 decrypts]    299s   2.0M/s ETA 920.3 min
  [round 4 · 8004 climbs live · 594304346 decrypts]    300s   2.0M/s ETA 919.7 min
  [round 5 · 6569 climbs live · 594672530 decrypts]    300s   2.0M/s ETA 919.3 min
  [round 6 · 0 climbs live · 594863031 decrypts]    300s   2.0M/s ETA 919.2 min
  [chunk 146/20025 · 8192 4-plug climbs]
  [round 1 · 8192 climbs live · 596124599 decrypts]    301s   2.0M/s ETA 921.9 min
  [round 2 · 8192 climbs live · 597115831 decrypts]    301s   2.0M/s ETA 920.9 min
  [round 3 · 8190 climbs live · 597869495 decrypts]    301s   2.0M/s ETA 920.1 min
  [round 4 · 7997 climbs live · 598418225 decrypts]    302s   2.0M/s ETA 919.5 min
  [round 5 · 6586 climbs live · 598786087 decrypts]    302s   2.0M/s ETA 919.1 min
  [round 6 · 0 climbs live · 598977081 decrypts]    302s   2.0M/s ETA 919.0 min
  [chunk 147/20025 · 8192 4-plug climbs]
  [round 1 · 8192 climbs live · 600238649 decrypts]    303s   2.0M/s ETA 921.7 min
  [round 2 · 8192 climbs live · 601229881 decrypts]    303s   2.0M/s ETA 920.7 min
  [round 3 · 8184 climbs live · 601983545 decrypts]    304s   2.0M/s ETA 919.9 min
  [round 4 · 7962 climbs live · 602531873 decrypts]    304s   2.0M/s ETA 919.3 min
  [round 5 · 6477 climbs live · 602898125 decrypts]    304s   2.0M/s ETA 919.0 min
  [round 6 · 0 climbs live · 603085958 decrypts]    304s   2.0M/s ETA 918.8 min
  [chunk 148/20025 · 8192 4-plug climbs]
  [round 1 · 8192 climbs live · 604347526 decrypts]    305s   2.0M/s ETA 921.5 min
  [round 2 · 8190 climbs live · 605338758 decrypts]    305s   2.0M/s ETA 920.5 min
  [round 3 · 8180 climbs live · 606092238 decrypts]    306s   2.0M/s ETA 919.7 min
  [round 4 · 7836 climbs live · 606640298 decrypts]    306s   2.0M/s ETA 919.1 min
  [round 5 · 6117 climbs live · 607000754 decrypts]    306s   2.0M/s ETA 918.8 min
  [round 6 · 0 climbs live · 607178147 decrypts]    306s   2.0M/s ETA 918.6 min
  [chunk 149/20025 · 8192 4-plug climbs]
  [round 1 · 8192 climbs live · 608439715 decrypts]    307s   2.0M/s ETA 921.5 min
  [round 2 · 8192 climbs live · 609430947 decrypts]    307s   2.0M/s ETA 920.5 min
  [round 3 · 8181 climbs live · 610184611 decrypts]    308s   2.0M/s ETA 919.7 min
  [round 4 · 7918 climbs live · 610732738 decrypts]    308s   2.0M/s ETA 919.2 min
  [round 5 · 6431 climbs live · 611096966 decrypts]    308s   2.0M/s ETA 918.8 min
  [round 6 · 0 climbs live · 611283465 decrypts]    308s   2.0M/s ETA 918.6 min
  [chunk 150/20025 · 8192 4-plug climbs]
  [round 1 · 8192 climbs live · 612545033 decrypts]    309s   2.0M/s ETA 921.4 min
  [round 2 · 8192 climbs live · 613536265 decrypts]    310s   2.0M/s ETA 920.3 min
  [round 3 · 8189 climbs live · 614289929 decrypts]    310s   2.0M/s ETA 919.6 min
  [round 4 · 7927 climbs live · 614838592 decrypts]    310s   2.0M/s ETA 919.0 min
  [round 5 · 6354 climbs live · 615203234 decrypts]    310s   2.0M/s ETA 918.7 min
  [round 6 · 0 climbs live · 615387500 decrypts]    310s   2.0M/s ETA 918.5 min
  [chunk 151/20025 · 8192 4-plug climbs]
  [round 1 · 8192 climbs live · 616649068 decrypts]    311s   2.0M/s ETA 921.2 min
  [round 2 · 8192 climbs live · 617640300 decrypts]    312s   2.0M/s ETA 920.2 min
  [round 3 · 8186 climbs live · 618393964 decrypts]    312s   2.0M/s ETA 919.4 min
  [round 4 · 7925 climbs live · 618942426 decrypts]    312s   2.0M/s ETA 918.9 min
  [round 5 · 6291 climbs live · 619306976 decrypts]    312s   2.0M/s ETA 918.5 min
  [round 6 · 0 climbs live · 619489415 decrypts]    312s   2.0M/s ETA 918.4 min
  [chunk 152/20025 · 8192 4-plug climbs]
  [round 1 · 8192 climbs live · 620750983 decrypts]    313s   2.0M/s ETA 921.2 min
  [round 2 · 8192 climbs live · 621742215 decrypts]    314s   2.0M/s ETA 920.2 min
  [round 3 · 8184 climbs live · 622495879 decrypts]    314s   2.0M/s ETA 919.4 min
  [round 4 · 7881 climbs live · 623044207 decrypts]    314s   2.0M/s ETA 918.9 min
  [round 5 · 6259 climbs live · 623406733 decrypts]    314s   2.0M/s ETA 918.6 min
  [round 6 · 0 climbs live · 623588244 decrypts]    314s   2.0M/s ETA 918.4 min
  [chunk 153/20025 · 8192 4-plug climbs]
  [round 1 · 8192 climbs live · 624849812 decrypts]    316s   2.0M/s ETA 921.1 min
  [round 2 · 8192 climbs live · 625841044 decrypts]    316s   2.0M/s ETA 920.1 min
  [round 3 · 8185 climbs live · 626594708 decrypts]    316s   2.0M/s ETA 919.4 min
  [round 4 · 7915 climbs live · 627143103 decrypts]    316s   2.0M/s ETA 918.9 min
  [round 5 · 6205 climbs live · 627507193 decrypts]    316s   2.0M/s ETA 918.5 min
  [round 6 · 0 climbs live · 627687138 decrypts]    316s   2.0M/s ETA 918.4 min
  [chunk 154/20025 · 8192 4-plug climbs]
  [round 1 · 8192 climbs live · 628948706 decrypts]    318s   2.0M/s ETA 921.1 min
  [round 2 · 8192 climbs live · 629939938 decrypts]    318s   2.0M/s ETA 920.2 min
  [round 3 · 8179 climbs live · 630693602 decrypts]    318s   2.0M/s ETA 919.4 min
  [round 4 · 7888 climbs live · 631241595 decrypts]    318s   2.0M/s ETA 918.9 min
  [round 5 · 6410 climbs live · 631604443 decrypts]    318s   2.0M/s ETA 918.5 min
  [round 6 · 0 climbs live · 631790333 decrypts]    318s   2.0M/s ETA 918.4 min
  [chunk 155/20025 · 8192 4-plug climbs]
  [round 1 · 8192 climbs live · 633051901 decrypts]    320s   2.0M/s ETA 921.0 min
  [round 2 · 8192 climbs live · 634043133 decrypts]    320s   2.0M/s ETA 920.0 min
  [round 3 · 8180 climbs live · 634796797 decrypts]    320s   2.0M/s ETA 919.3 min
  [round 4 · 7873 climbs live · 635344857 decrypts]    320s   2.0M/s ETA 918.8 min
  [round 5 · 6250 climbs live · 635707015 decrypts]    320s   2.0M/s ETA 918.4 min
  [round 6 · 0 climbs live · 635888265 decrypts]    320s   2.0M/s ETA 918.3 min
  [chunk 156/20025 · 8192 4-plug climbs]
  [round 1 · 8192 climbs live · 637149833 decrypts]    322s   2.0M/s ETA 921.0 min
  [round 2 · 8192 climbs live · 638141065 decrypts]    322s   2.0M/s ETA 920.0 min
  [round 3 · 8178 climbs live · 638894729 decrypts]    322s   2.0M/s ETA 919.3 min
  [round 4 · 7860 climbs live · 639442655 decrypts]    322s   2.0M/s ETA 918.8 min
  [round 5 · 6242 climbs live · 639804215 decrypts]    322s   2.0M/s ETA 918.5 min
  [round 6 · 0 climbs live · 639985233 decrypts]    322s   2.0M/s ETA 918.3 min
  [chunk 157/20025 · 8192 4-plug climbs]
  [round 1 · 8192 climbs live · 641246801 decrypts]    324s   2.0M/s ETA 920.9 min
  [round 2 · 8191 climbs live · 642238033 decrypts]    324s   2.0M/s ETA 920.0 min
  [round 3 · 8150 climbs live · 642991605 decrypts]    324s   2.0M/s ETA 919.2 min
  [round 4 · 7695 climbs live · 643537655 decrypts]    324s   2.0M/s ETA 918.7 min
  [round 5 · 5973 climbs live · 643891625 decrypts]    324s   2.0M/s ETA 918.4 min
  [round 6 · 0 climbs live · 644064842 decrypts]    324s   2.0M/s ETA 918.2 min
  [chunk 158/20025 · 8192 4-plug climbs]
  [round 1 · 8192 climbs live · 645326410 decrypts]    326s   2.0M/s ETA 921.1 min
  [round 2 · 8192 climbs live · 646317642 decrypts]    326s   2.0M/s ETA 920.2 min
  [round 3 · 8176 climbs live · 647071306 decrypts]    326s   2.0M/s ETA 919.4 min
  [round 4 · 7811 climbs live · 647619098 decrypts]    326s   2.0M/s ETA 918.9 min
  [round 5 · 6126 climbs live · 647978404 decrypts]    326s   2.0M/s ETA 918.6 min
  [round 6 · 0 climbs live · 648156058 decrypts]    326s   2.0M/s ETA 918.4 min
  [chunk 159/20025 · 8192 4-plug climbs]
  [round 1 · 8192 climbs live · 649417626 decrypts]    328s   2.0M/s ETA 921.3 min
  [round 2 · 8192 climbs live · 650408858 decrypts]    328s   2.0M/s ETA 920.4 min
  [round 3 · 8185 climbs live · 651162522 decrypts]    328s   2.0M/s ETA 919.7 min
  [round 4 · 7954 climbs live · 651710917 decrypts]    328s   2.0M/s ETA 919.2 min
  [round 5 · 6493 climbs live · 652076801 decrypts]    329s   2.0M/s ETA 918.8 min
  [round 6 · 0 climbs live · 652265098 decrypts]    329s   2.0M/s ETA 918.7 min
  [chunk 160/20025 · 8192 4-plug climbs]
  [round 1 · 8192 climbs live · 653526666 decrypts]    330s   2.0M/s ETA 921.5 min
  [round 2 · 8192 climbs live · 654517898 decrypts]    330s   2.0M/s ETA 920.5 min
  [round 3 · 8181 climbs live · 655271562 decrypts]    331s   2.0M/s ETA 919.8 min
  [round 4 · 7891 climbs live · 655819689 decrypts]    331s   2.0M/s ETA 919.3 min
  [round 5 · 6422 climbs live · 656182675 decrypts]    331s   2.0M/s ETA 919.0 min
  [round 6 · 0 climbs live · 656368913 decrypts]    331s   2.0M/s ETA 918.8 min
  [chunk 161/20025 · 8192 4-plug climbs]
  [round 1 · 8192 climbs live · 657630481 decrypts]    332s   2.0M/s ETA 921.5 min
  [round 2 · 8192 climbs live · 658621713 decrypts]    332s   2.0M/s ETA 920.6 min
  [round 3 · 8175 climbs live · 659375377 decrypts]    333s   2.0M/s ETA 919.9 min
  [round 4 · 7739 climbs live · 659923102 decrypts]    333s   2.0M/s ETA 919.3 min
  [round 5 · 5948 climbs live · 660279096 decrypts]    333s   2.0M/s ETA 919.0 min
  [round 6 · 0 climbs live · 660451588 decrypts]    333s   2.0M/s ETA 918.9 min
  [chunk 162/20025 · 8192 4-plug climbs]
  [round 1 · 8192 climbs live · 661713156 decrypts]    335s   2.0M/s ETA 922.0 min
  [round 2 · 8192 climbs live · 662704388 decrypts]    335s   2.0M/s ETA 921.1 min
  [round 3 · 8172 climbs live · 663458052 decrypts]    335s   2.0M/s ETA 920.4 min
  [round 4 · 7812 climbs live · 664005576 decrypts]    335s   2.0M/s ETA 919.9 min
  [round 5 · 5997 climbs live · 664364928 decrypts]    335s   2.0M/s ETA 919.6 min
  [round 6 · 0 climbs live · 664538841 decrypts]    335s   2.0M/s ETA 919.4 min
  [chunk 163/20025 · 8192 4-plug climbs]
  [round 1 · 8192 climbs live · 665800409 decrypts]    337s   2.0M/s ETA 922.3 min
  [round 2 · 8192 climbs live · 666791641 decrypts]    337s   2.0M/s ETA 921.4 min
  [round 3 · 8184 climbs live · 667545305 decrypts]    337s   2.0M/s ETA 920.7 min
  [round 4 · 7904 climbs live · 668093633 decrypts]    337s   2.0M/s ETA 920.2 min
  [round 5 · 6251 climbs live · 668457217 decrypts]    337s   2.0M/s ETA 919.9 min
  [round 6 · 0 climbs live · 668638496 decrypts]    337s   2.0M/s ETA 919.7 min
  [chunk 164/20025 · 8192 4-plug climbs]
  [round 1 · 8192 climbs live · 669900064 decrypts]    339s   2.0M/s ETA 922.4 min
  [round 2 · 8192 climbs live · 670891296 decrypts]    339s   2.0M/s ETA 921.5 min
  [round 3 · 8184 climbs live · 671644960 decrypts]    339s   2.0M/s ETA 920.8 min
  [round 4 · 7843 climbs live · 672193288 decrypts]    339s   2.0M/s ETA 920.3 min
  [round 5 · 6120 climbs live · 672554066 decrypts]    339s   2.0M/s ETA 920.0 min
  [round 6 · 0 climbs live · 672731546 decrypts]    339s   2.0M/s ETA 919.8 min
  [chunk 165/20025 · 8192 4-plug climbs]
  [round 1 · 8192 climbs live · 673993114 decrypts]    341s   2.0M/s ETA 922.6 min
  [round 2 · 8192 climbs live · 674984346 decrypts]    341s   2.0M/s ETA 921.7 min
  [round 3 · 8182 climbs live · 675738010 decrypts]    341s   2.0M/s ETA 921.0 min
  [round 4 · 7883 climbs live · 676286204 decrypts]    341s   2.0M/s ETA 920.5 min
  [round 5 · 6314 climbs live · 676648822 decrypts]    341s   2.0M/s ETA 920.1 min
  [round 6 · 0 climbs live · 676831928 decrypts]    342s   2.0M/s ETA 920.0 min
  [chunk 166/20025 · 8192 4-plug climbs]
  [round 1 · 8192 climbs live · 678093496 decrypts]    343s   2.0M/s ETA 922.4 min
  [round 2 · 8192 climbs live · 679084728 decrypts]    343s   2.0M/s ETA 921.5 min
  [round 3 · 8177 climbs live · 679838392 decrypts]    343s   2.0M/s ETA 920.8 min
  [round 4 · 7897 climbs live · 680386251 decrypts]    343s   2.0M/s ETA 920.3 min
  [round 5 · 6258 climbs live · 680749513 decrypts]    344s   2.0M/s ETA 920.0 min
  [round 6 · 0 climbs live · 680930995 decrypts]    344s   2.0M/s ETA 919.8 min
  [chunk 167/20025 · 8192 4-plug climbs]
  [round 1 · 8192 climbs live · 682192563 decrypts]    345s   2.0M/s ETA 922.4 min
  [round 2 · 8192 climbs live · 683183795 decrypts]    345s   2.0M/s ETA 921.4 min
  [round 3 · 8179 climbs live · 683937459 decrypts]    345s   2.0M/s ETA 920.8 min
  [round 4 · 7836 climbs live · 684485452 decrypts]    346s   2.0M/s ETA 920.3 min
  [round 5 · 6061 climbs live · 684845908 decrypts]    346s   2.0M/s ETA 920.0 min
  [round 6 · 0 climbs live · 685021677 decrypts]    346s   2.0M/s ETA 919.8 min
  [chunk 168/20025 · 8192 4-plug climbs]
  [round 1 · 8192 climbs live · 686283245 decrypts]    347s   2.0M/s ETA 922.7 min
  [round 2 · 8192 climbs live · 687274477 decrypts]    348s   2.0M/s ETA 921.8 min
  [round 3 · 8180 climbs live · 688028141 decrypts]    348s   2.0M/s ETA 921.2 min
  [round 4 · 7941 climbs live · 688576201 decrypts]    348s   2.0M/s ETA 920.7 min
  [round 5 · 6489 climbs live · 688941487 decrypts]    348s   2.0M/s ETA 920.4 min
  [round 6 · 0 climbs live · 689129668 decrypts]    348s   2.0M/s ETA 920.2 min
  [chunk 169/20025 · 8192 4-plug climbs]
  [round 1 · 8192 climbs live · 690391236 decrypts]    350s   2.0M/s ETA 922.9 min
  [round 2 · 8192 climbs live · 691382468 decrypts]    350s   2.0M/s ETA 922.0 min
  [round 3 · 8167 climbs live · 692136132 decrypts]    350s   2.0M/s ETA 921.3 min
  [round 4 · 7756 climbs live · 692683321 decrypts]    350s   2.0M/s ETA 920.8 min
  [round 5 · 6035 climbs live · 693040097 decrypts]    350s   2.0M/s ETA 920.5 min
  [round 6 · 0 climbs live · 693215112 decrypts]    350s   2.0M/s ETA 920.4 min
  [chunk 170/20025 · 8192 4-plug climbs]
  [round 1 · 8192 climbs live · 694476680 decrypts]    352s   2.0M/s ETA 923.0 min
  [round 2 · 8192 climbs live · 695467912 decrypts]    352s   2.0M/s ETA 922.1 min
  [round 3 · 8174 climbs live · 696221576 decrypts]    352s   2.0M/s ETA 921.4 min
  [round 4 · 7784 climbs live · 696769234 decrypts]    352s   2.0M/s ETA 920.9 min
  [round 5 · 5963 climbs live · 697127298 decrypts]    352s   2.0M/s ETA 920.6 min
  [round 6 · 0 climbs live · 697300225 decrypts]    352s   2.0M/s ETA 920.5 min
  [chunk 171/20025 · 8192 4-plug climbs]
  [round 1 · 8192 climbs live · 698561793 decrypts]    354s   2.0M/s ETA 923.2 min
  [round 2 · 8192 climbs live · 699553025 decrypts]    354s   2.0M/s ETA 922.4 min
  [round 3 · 8182 climbs live · 700306689 decrypts]    354s   2.0M/s ETA 921.7 min
  [round 4 · 7881 climbs live · 700854883 decrypts]    354s   2.0M/s ETA 921.2 min
  [round 5 · 6404 climbs live · 701217409 decrypts]    354s   2.0M/s ETA 920.9 min
  [round 6 · 0 climbs live · 701403125 decrypts]    354s   2.0M/s ETA 920.8 min
  [chunk 172/20025 · 8192 4-plug climbs]
  [round 1 · 8192 climbs live · 702664693 decrypts]    356s   2.0M/s ETA 923.2 min
  [round 2 · 8192 climbs live · 703655925 decrypts]    356s   2.0M/s ETA 922.3 min
  [round 3 · 8186 climbs live · 704409589 decrypts]    356s   2.0M/s ETA 921.6 min
  [round 4 · 7976 climbs live · 704958051 decrypts]    356s   2.0M/s ETA 921.2 min
  [round 5 · 6724 climbs live · 705324947 decrypts]    356s   2.0M/s ETA 920.8 min
  [round 6 · 0 climbs live · 705519943 decrypts]    356s   2.0M/s ETA 920.7 min
  [chunk 173/20025 · 8192 4-plug climbs]
  [round 1 · 8192 climbs live · 706781511 decrypts]    358s   2.0M/s ETA 923.0 min
  [round 2 · 8192 climbs live · 707772743 decrypts]    358s   2.0M/s ETA 922.1 min
  [round 3 · 8188 climbs live · 708526407 decrypts]    358s   2.0M/s ETA 921.4 min
  [round 4 · 8043 climbs live · 709075003 decrypts]    358s   2.0M/s ETA 921.0 min
  [round 5 · 6885 climbs live · 709444981 decrypts]    358s   2.0M/s ETA 920.7 min
  [round 6 · 0 climbs live · 709644646 decrypts]    358s   2.0M/s ETA 920.5 min
  [chunk 174/20025 · 8192 4-plug climbs]
  [round 1 · 8192 climbs live · 710906214 decrypts]    360s   2.0M/s ETA 922.7 min
  [round 2 · 8191 climbs live · 711897446 decrypts]    360s   2.0M/s ETA 921.8 min
  [round 3 · 8188 climbs live · 712651018 decrypts]    360s   2.0M/s ETA 921.2 min
  [round 4 · 8031 climbs live · 713199614 decrypts]    360s   2.0M/s ETA 920.7 min
  [round 5 · 6899 climbs live · 713569040 decrypts]    360s   2.0M/s ETA 920.4 min
  [round 6 · 0 climbs live · 713769111 decrypts]    360s   2.0M/s ETA 920.3 min
  [chunk 175/20025 · 8192 4-plug climbs]
  [round 1 · 8192 climbs live · 715030679 decrypts]    362s   2.0M/s ETA 922.4 min
  [round 2 · 8192 climbs live · 716021911 decrypts]    362s   2.0M/s ETA 921.6 min
  [round 3 · 8188 climbs live · 716775575 decrypts]    362s   2.0M/s ETA 920.9 min
  [round 4 · 8056 climbs live · 717324171 decrypts]    362s   2.0M/s ETA 920.4 min
  [round 5 · 6896 climbs live · 717694747 decrypts]    362s   2.0M/s ETA 920.1 min
  [round 6 · 0 climbs live · 717894731 decrypts]    362s   2.0M/s ETA 920.0 min
  [chunk 176/20025 · 8192 4-plug climbs]
  [round 1 · 8192 climbs live · 719156299 decrypts]    364s   2.0M/s ETA 922.1 min
  [round 2 · 8192 climbs live · 720147531 decrypts]    364s   2.0M/s ETA 921.3 min
  [round 3 · 8186 climbs live · 720901195 decrypts]    364s   2.0M/s ETA 920.6 min
  [round 4 · 8052 climbs live · 721449657 decrypts]    364s   2.0M/s ETA 920.2 min
  [round 5 · 6844 climbs live · 721820049 decrypts]    364s   2.0M/s ETA 919.8 min
  [round 6 · 0 climbs live · 722018525 decrypts]    364s   2.0M/s ETA 919.7 min
  [chunk 177/20025 · 8192 4-plug climbs]
  [round 1 · 8192 climbs live · 723280093 decrypts]    366s   2.0M/s ETA 922.1 min
  [round 2 · 8192 climbs live · 724271325 decrypts]    366s   2.0M/s ETA 921.3 min
  [round 3 · 8189 climbs live · 725024989 decrypts]    366s   2.0M/s ETA 920.6 min
  [round 4 · 8029 climbs live · 725573652 decrypts]    366s   2.0M/s ETA 920.2 min
  [round 5 · 6758 climbs live · 725942986 decrypts]    366s   2.0M/s ETA 919.9 min
  [round 6 · 0 climbs live · 726138968 decrypts]    366s   2.0M/s ETA 919.7 min
  [chunk 178/20025 · 8192 4-plug climbs]
  [round 1 · 8192 climbs live · 727400536 decrypts]    368s   2.0M/s ETA 922.0 min
  [round 2 · 8192 climbs live · 728391768 decrypts]    368s   2.0M/s ETA 921.2 min
  [round 3 · 8189 climbs live · 729145432 decrypts]    368s   2.0M/s ETA 920.5 min
  [round 4 · 8029 climbs live · 729694095 decrypts]    368s   2.0M/s ETA 920.1 min
  [round 5 · 6872 climbs live · 730063429 decrypts]    368s   2.0M/s ETA 919.8 min
  [round 6 · 0 climbs live · 730262717 decrypts]    369s   2.0M/s ETA 919.6 min
  [chunk 179/20025 · 8192 4-plug climbs]
  [round 1 · 8192 climbs live · 731524285 decrypts]    370s   2.0M/s ETA 921.9 min
  [round 2 · 8192 climbs live · 732515517 decrypts]    370s   2.0M/s ETA 921.0 min
  [round 3 · 8178 climbs live · 733269181 decrypts]    370s   2.0M/s ETA 920.4 min
  [round 4 · 7943 climbs live · 733817107 decrypts]    370s   2.0M/s ETA 919.9 min
  [round 5 · 6636 climbs live · 734182485 decrypts]    371s   2.0M/s ETA 919.6 min
  [round 6 · 0 climbs live · 734374929 decrypts]    371s   2.0M/s ETA 919.5 min
  [chunk 180/20025 · 8192 4-plug climbs]
  [round 1 · 8192 climbs live · 735636497 decrypts]    372s   2.0M/s ETA 921.8 min
  [round 2 · 8192 climbs live · 736627729 decrypts]    372s   2.0M/s ETA 920.9 min
  [round 3 · 8181 climbs live · 737381393 decrypts]    372s   2.0M/s ETA 920.3 min
  [round 4 · 7911 climbs live · 737929520 decrypts]    373s   2.0M/s ETA 919.8 min
  [round 5 · 6413 climbs live · 738293426 decrypts]    373s   2.0M/s ETA 919.6 min
  [round 6 · 0 climbs live · 738479403 decrypts]    373s   2.0M/s ETA 919.4 min
  [chunk 181/20025 · 8192 4-plug climbs]
  [round 1 · 8192 climbs live · 739740971 decrypts]    374s   2.0M/s ETA 921.7 min
  [round 2 · 8192 climbs live · 740732203 decrypts]    374s   2.0M/s ETA 920.9 min
  [round 3 · 8186 climbs live · 741485867 decrypts]    374s   2.0M/s ETA 920.2 min
  [round 4 · 7933 climbs live · 742034329 decrypts]    375s   2.0M/s ETA 919.8 min
  [round 5 · 6468 climbs live · 742399247 decrypts]    375s   2.0M/s ETA 919.5 min
  [round 6 · 0 climbs live · 742586819 decrypts]    375s   2.0M/s ETA 919.3 min
  [chunk 182/20025 · 8192 4-plug climbs]
  [round 1 · 8192 climbs live · 743848387 decrypts]    376s   2.0M/s ETA 921.6 min
  [round 2 · 8192 climbs live · 744839619 decrypts]    376s   2.0M/s ETA 920.7 min
  [round 3 · 8178 climbs live · 745593283 decrypts]    377s   2.0M/s ETA 920.1 min
  [round 4 · 7903 climbs live · 746141209 decrypts]    377s   2.0M/s ETA 919.7 min
  [round 5 · 6395 climbs live · 746504747 decrypts]    377s   2.0M/s ETA 919.4 min
  [round 6 · 0 climbs live · 746690202 decrypts]    377s   2.0M/s ETA 919.2 min
  [chunk 183/20025 · 8192 4-plug climbs]
  [round 1 · 8192 climbs live · 747951770 decrypts]    378s   2.0M/s ETA 921.5 min
  [round 2 · 8192 climbs live · 748943002 decrypts]    378s   2.0M/s ETA 920.6 min
  [round 3 · 8181 climbs live · 749696666 decrypts]    379s   2.0M/s ETA 920.0 min
  [round 4 · 7913 climbs live · 750244793 decrypts]    379s   2.0M/s ETA 919.6 min
  [round 5 · 6406 climbs live · 750608791 decrypts]    379s   2.0M/s ETA 919.3 min
  [round 6 · 0 climbs live · 750794565 decrypts]    379s   2.0M/s ETA 919.1 min
  [chunk 184/20025 · 8192 4-plug climbs]
  [round 1 · 8192 climbs live · 752056133 decrypts]    380s   2.0M/s ETA 921.4 min
  [round 2 · 8192 climbs live · 753047365 decrypts]    380s   2.0M/s ETA 920.6 min
  [round 3 · 8189 climbs live · 753801029 decrypts]    381s   2.0M/s ETA 919.9 min
  [round 4 · 7991 climbs live · 754349692 decrypts]    381s   2.0M/s ETA 919.5 min
  [round 5 · 6660 climbs live · 754717278 decrypts]    381s   2.0M/s ETA 919.2 min
  [round 6 · 0 climbs live · 754910418 decrypts]    381s   2.0M/s ETA 919.1 min
  [chunk 185/20025 · 8192 4-plug climbs]
  [round 1 · 8192 climbs live · 756171986 decrypts]    382s   2.0M/s ETA 921.5 min
  [round 2 · 8192 climbs live · 757163218 decrypts]    383s   2.0M/s ETA 920.7 min
  [round 3 · 8190 climbs live · 757916882 decrypts]    383s   2.0M/s ETA 920.1 min
  [round 4 · 7986 climbs live · 758465612 decrypts]    383s   2.0M/s ETA 919.6 min
  [round 5 · 6611 climbs live · 758832968 decrypts]    383s   2.0M/s ETA 919.4 min
  [round 6 · 0 climbs live · 759024687 decrypts]    383s   2.0M/s ETA 919.2 min
  [chunk 186/20025 · 8192 4-plug climbs]
  [round 1 · 8192 climbs live · 760286255 decrypts]    385s   2.0M/s ETA 921.5 min
  [round 2 · 8192 climbs live · 761277487 decrypts]    385s   2.0M/s ETA 920.7 min
  [round 3 · 8187 climbs live · 762031151 decrypts]    385s   2.0M/s ETA 920.1 min
  [round 4 · 8051 climbs live · 762579680 decrypts]    385s   2.0M/s ETA 919.6 min
  [round 5 · 6804 climbs live · 762950026 decrypts]    385s   2.0M/s ETA 919.4 min
  [round 6 · 0 climbs live · 763147342 decrypts]    385s   2.0M/s ETA 919.2 min
  [chunk 187/20025 · 8192 4-plug climbs]
  [round 1 · 8192 climbs live · 764408910 decrypts]    387s   2.0M/s ETA 921.5 min
  [round 2 · 8192 climbs live · 765400142 decrypts]    387s   2.0M/s ETA 920.6 min
  [round 3 · 8190 climbs live · 766153806 decrypts]    387s   2.0M/s ETA 920.0 min
  [round 4 · 8037 climbs live · 766702536 decrypts]    387s   2.0M/s ETA 919.6 min
  [round 5 · 6693 climbs live · 767072238 decrypts]    387s   2.0M/s ETA 919.3 min
  [round 6 · 0 climbs live · 767266335 decrypts]    387s   2.0M/s ETA 919.1 min
  [chunk 188/20025 · 8192 4-plug climbs]
  [round 1 · 8192 climbs live · 768527903 decrypts]    389s   2.0M/s ETA 921.4 min
  [round 2 · 8192 climbs live · 769519135 decrypts]    389s   2.0M/s ETA 920.6 min
  [round 3 · 8190 climbs live · 770272799 decrypts]    389s   2.0M/s ETA 920.0 min
  [round 4 · 7986 climbs live · 770821529 decrypts]    389s   2.0M/s ETA 919.5 min
  [round 5 · 6651 climbs live · 771188885 decrypts]    389s   2.0M/s ETA 919.3 min
  [round 6 · 0 climbs live · 771381764 decrypts]    389s   2.0M/s ETA 919.1 min
  [chunk 189/20025 · 8192 4-plug climbs]
  [round 1 · 8192 climbs live · 772643332 decrypts]    391s   2.0M/s ETA 921.3 min
  [round 2 · 8192 climbs live · 773634564 decrypts]    391s   2.0M/s ETA 920.5 min
  [round 3 · 8184 climbs live · 774388228 decrypts]    391s   2.0M/s ETA 919.9 min
  [round 4 · 7972 climbs live · 774936556 decrypts]    391s   2.0M/s ETA 919.5 min
  [round 5 · 6593 climbs live · 775303268 decrypts]    391s   2.0M/s ETA 919.2 min
  [round 6 · 0 climbs live · 775494465 decrypts]    391s   2.0M/s ETA 919.1 min
  [chunk 190/20025 · 8192 4-plug climbs]
  [round 1 · 8192 climbs live · 776756033 decrypts]    393s   2.0M/s ETA 921.3 min
  [round 2 · 8192 climbs live · 777747265 decrypts]    393s   2.0M/s ETA 920.5 min
  [round 3 · 8176 climbs live · 778500929 decrypts]    393s   2.0M/s ETA 919.9 min
  [round 4 · 7908 climbs live · 779048721 decrypts]    393s   2.0M/s ETA 919.5 min
  [round 5 · 6463 climbs live · 779412489 decrypts]    393s   2.0M/s ETA 919.2 min
  [round 6 · 0 climbs live · 779599916 decrypts]    393s   2.0M/s ETA 919.1 min
  [chunk 191/20025 · 8192 4-plug climbs]
  [round 1 · 8192 climbs live · 780861484 decrypts]    395s   2.0M/s ETA 921.3 min
  [round 2 · 8192 climbs live · 781852716 decrypts]    395s   2.0M/s ETA 920.5 min
  [round 3 · 8182 climbs live · 782606380 decrypts]    395s   2.0M/s ETA 920.0 min
  [round 4 · 7894 climbs live · 783154574 decrypts]    395s   2.0M/s ETA 919.5 min
  [round 5 · 6358 climbs live · 783517698 decrypts]    395s   2.0M/s ETA 919.2 min
  [round 6 · 0 climbs live · 783702080 decrypts]    395s   2.0M/s ETA 919.1 min
  [chunk 192/20025 · 8192 4-plug climbs]
  [round 1 · 8192 climbs live · 784963648 decrypts]    397s   2.0M/s ETA 921.5 min
  [round 2 · 8192 climbs live · 785954880 decrypts]    397s   2.0M/s ETA 920.7 min
  [round 3 · 8183 climbs live · 786708544 decrypts]    397s   2.0M/s ETA 920.1 min
  [round 4 · 7920 climbs live · 787256805 decrypts]    398s   2.0M/s ETA 919.7 min
  [round 5 · 6444 climbs live · 787621125 decrypts]    398s   2.0M/s ETA 919.4 min
  [round 6 · 0 climbs live · 787808001 decrypts]    398s   2.0M/s ETA 919.3 min
  [chunk 193/20025 · 8192 4-plug climbs]
  [round 1 · 8192 climbs live · 789069569 decrypts]    399s   2.0M/s ETA 921.5 min
  [round 2 · 8191 climbs live · 790060801 decrypts]    399s   2.0M/s ETA 920.7 min
  [round 3 · 8174 climbs live · 790814373 decrypts]    400s   2.0M/s ETA 920.1 min
  [round 4 · 7869 climbs live · 791362031 decrypts]    400s   2.0M/s ETA 919.7 min
  [round 5 · 6267 climbs live · 791724005 decrypts]    400s   2.0M/s ETA 919.4 min
  [round 6 · 0 climbs live · 791905748 decrypts]    400s   2.0M/s ETA 919.3 min
  [chunk 194/20025 · 8192 4-plug climbs]
  [round 1 · 8192 climbs live · 793167316 decrypts]    401s   2.0M/s ETA 921.5 min
  [round 2 · 8192 climbs live · 794158548 decrypts]    401s   2.0M/s ETA 920.7 min
  [round 3 · 8188 climbs live · 794912212 decrypts]    402s   2.0M/s ETA 920.1 min
  [round 4 · 8012 climbs live · 795460808 decrypts]    402s   2.0M/s ETA 919.7 min
  [round 5 · 6694 climbs live · 795829360 decrypts]    402s   2.0M/s ETA 919.4 min
  [round 6 · 0 climbs live · 796023486 decrypts]    402s   2.0M/s ETA 919.3 min
  [chunk 195/20025 · 8192 4-plug climbs]
  [round 1 · 8192 climbs live · 797285054 decrypts]    403s   2.0M/s ETA 921.4 min
  [round 2 · 8192 climbs live · 798276286 decrypts]    404s   2.0M/s ETA 920.6 min
  [round 3 · 8190 climbs live · 799029950 decrypts]    404s   2.0M/s ETA 920.1 min
  [round 4 · 8061 climbs live · 799578680 decrypts]    404s   2.0M/s ETA 919.6 min
  [round 5 · 6833 climbs live · 799949486 decrypts]    404s   2.0M/s ETA 919.4 min
  [round 6 · 0 climbs live · 800147643 decrypts]    404s   2.0M/s ETA 919.2 min
  [chunk 196/20025 · 8192 4-plug climbs]
  [round 1 · 8192 climbs live · 801409211 decrypts]    405s   2.0M/s ETA 921.3 min
  [round 2 · 8192 climbs live · 802400443 decrypts]    406s   2.0M/s ETA 920.5 min
  [round 3 · 8185 climbs live · 803154107 decrypts]    406s   2.0M/s ETA 919.9 min
  [round 4 · 7949 climbs live · 803702502 decrypts]    406s   2.0M/s ETA 919.5 min
  [round 5 · 6554 climbs live · 804068156 decrypts]    406s   2.0M/s ETA 919.2 min
  [round 6 · 0 climbs live · 804258222 decrypts]    406s   2.0M/s ETA 919.1 min
  [chunk 197/20025 · 8192 4-plug climbs]
  [round 1 · 8192 climbs live · 805519790 decrypts]    408s   2.0M/s ETA 921.4 min
  [round 2 · 8192 climbs live · 806511022 decrypts]    408s   2.0M/s ETA 920.6 min
  [round 3 · 8189 climbs live · 807264686 decrypts]    408s   2.0M/s ETA 920.0 min
  [round 4 · 8032 climbs live · 807813349 decrypts]    408s   2.0M/s ETA 919.6 min
  [round 5 · 6870 climbs live · 808182821 decrypts]    408s   2.0M/s ETA 919.3 min
  [round 6 · 0 climbs live · 808382051 decrypts]    408s   2.0M/s ETA 919.2 min
  [chunk 198/20025 · 8192 4-plug climbs]
  [round 1 · 8192 climbs live · 809643619 decrypts]    410s   2.0M/s ETA 921.2 min
  [round 2 · 8192 climbs live · 810634851 decrypts]    410s   2.0M/s ETA 920.4 min
  [round 3 · 8186 climbs live · 811388515 decrypts]    410s   2.0M/s ETA 919.8 min
  [round 4 · 7980 climbs live · 811936977 decrypts]    410s   2.0M/s ETA 919.4 min
  [round 5 · 6696 climbs live · 812304057 decrypts]    410s   2.0M/s ETA 919.2 min
  [round 6 · 0 climbs live · 812498241 decrypts]    410s   2.0M/s ETA 919.0 min
  [chunk 199/20025 · 8192 4-plug climbs]
  [round 1 · 8192 climbs live · 813759809 decrypts]    412s   2.0M/s ETA 921.1 min
  [round 2 · 8192 climbs live · 814751041 decrypts]    412s   2.0M/s ETA 920.3 min
  [round 3 · 8187 climbs live · 815504705 decrypts]    412s   2.0M/s ETA 919.7 min
  [round 4 · 7923 climbs live · 816053234 decrypts]    412s   2.0M/s ETA 919.3 min
  [round 5 · 6407 climbs live · 816417692 decrypts]    412s   2.0M/s ETA 919.1 min
  [round 6 · 0 climbs live · 816603495 decrypts]    412s   2.0M/s ETA 918.9 min
  [chunk 200/20025 · 8192 4-plug climbs]
  [round 1 · 8192 climbs live · 817865063 decrypts]    414s   2.0M/s ETA 921.1 min
  [round 2 · 8192 climbs live · 818856295 decrypts]    414s   2.0M/s ETA 920.3 min
  [round 3 · 8186 climbs live · 819609959 decrypts]    414s   2.0M/s ETA 919.7 min
  [round 4 · 7899 climbs live · 820158421 decrypts]    414s   2.0M/s ETA 919.3 min
  [round 5 · 6402 climbs live · 820521775 decrypts]    414s   2.0M/s ETA 919.1 min
  [round 6 · 0 climbs live · 820707433 decrypts]    414s   2.0M/s ETA 918.9 min
  [chunk 201/20025 · 8192 4-plug climbs]
  [round 1 · 8192 climbs live · 821969001 decrypts]    416s   2.0M/s ETA 921.2 min
  [round 2 · 8192 climbs live · 822960233 decrypts]    416s   2.0M/s ETA 920.4 min
  [round 3 · 8183 climbs live · 823713897 decrypts]    416s   2.0M/s ETA 919.9 min
  [round 4 · 7973 climbs live · 824262158 decrypts]    416s   2.0M/s ETA 919.5 min
  [round 5 · 6471 climbs live · 824628916 decrypts]    416s   2.0M/s ETA 919.2 min
  [round 6 · 0 climbs live · 824816575 decrypts]    416s   2.0M/s ETA 919.1 min
  [chunk 202/20025 · 8192 4-plug climbs]
  [round 1 · 8192 climbs live · 826078143 decrypts]    418s   2.0M/s ETA 921.2 min
  [round 2 · 8192 climbs live · 827069375 decrypts]    418s   2.0M/s ETA 920.4 min
  [round 3 · 8185 climbs live · 827823039 decrypts]    418s   2.0M/s ETA 919.8 min
  [round 4 · 7993 climbs live · 828371434 decrypts]    418s   2.0M/s ETA 919.4 min
  [round 5 · 6660 climbs live · 828739112 decrypts]    418s   2.0M/s ETA 919.2 min
  [round 6 · 0 climbs live · 828932252 decrypts]    418s   2.0M/s ETA 919.0 min
  [chunk 203/20025 · 8192 4-plug climbs]
  [round 1 · 8192 climbs live · 830193820 decrypts]    420s   2.0M/s ETA 921.1 min
  [round 2 · 8192 climbs live · 831185052 decrypts]    420s   2.0M/s ETA 920.3 min
  [round 3 · 8188 climbs live · 831938716 decrypts]    420s   2.0M/s ETA 919.8 min
  [round 4 · 7981 climbs live · 832487312 decrypts]    420s   2.0M/s ETA 919.4 min
  [round 5 · 6541 climbs live · 832854438 decrypts]    420s   2.0M/s ETA 919.1 min
  [round 6 · 0 climbs live · 833044127 decrypts]    420s   2.0M/s ETA 919.0 min
  [chunk 204/20025 · 8192 4-plug climbs]
  [round 1 · 8192 climbs live · 834305695 decrypts]    422s   2.0M/s ETA 921.1 min
  [round 2 · 8192 climbs live · 835296927 decrypts]    422s   2.0M/s ETA 920.3 min
  [round 3 · 8190 climbs live · 836050591 decrypts]    422s   2.0M/s ETA 919.7 min
  [round 4 · 7992 climbs live · 836599321 decrypts]    422s   2.0M/s ETA 919.3 min
  [round 5 · 6604 climbs live · 836966953 decrypts]    423s   2.0M/s ETA 919.1 min
  [round 6 · 0 climbs live · 837158469 decrypts]    423s   2.0M/s ETA 918.9 min
  [chunk 205/20025 · 8192 4-plug climbs]
  [round 1 · 8192 climbs live · 838420037 decrypts]    424s   2.0M/s ETA 921.0 min
  [round 2 · 8192 climbs live · 839411269 decrypts]    424s   2.0M/s ETA 920.3 min
  [round 3 · 8187 climbs live · 840164933 decrypts]    424s   2.0M/s ETA 919.7 min
  [round 4 · 7988 climbs live · 840713462 decrypts]    425s   2.0M/s ETA 919.3 min
  [round 5 · 6645 climbs live · 841080910 decrypts]    425s   2.0M/s ETA 919.1 min
  [round 6 · 0 climbs live · 841273615 decrypts]    425s   2.0M/s ETA 918.9 min
  [chunk 206/20025 · 8192 4-plug climbs]
  [round 1 · 8192 climbs live · 842535183 decrypts]    426s   2.0M/s ETA 921.0 min
  [round 2 · 8192 climbs live · 843526415 decrypts]    426s   2.0M/s ETA 920.2 min
  [round 3 · 8191 climbs live · 844280079 decrypts]    427s   2.0M/s ETA 919.6 min
  [round 4 · 7977 climbs live · 844828876 decrypts]    427s   2.0M/s ETA 919.2 min
  [round 5 · 6597 climbs live · 845195818 decrypts]    427s   2.0M/s ETA 919.0 min
  [round 6 · 0 climbs live · 845387131 decrypts]    427s   2.0M/s ETA 918.8 min
  [chunk 207/20025 · 8192 4-plug climbs]
  [round 1 · 8192 climbs live · 846648699 decrypts]    428s   2.0M/s ETA 920.9 min
  [round 2 · 8192 climbs live · 847639931 decrypts]    428s   2.0M/s ETA 920.2 min
  [round 3 · 8188 climbs live · 848393595 decrypts]    429s   2.0M/s ETA 919.6 min
  [round 4 · 7970 climbs live · 848942191 decrypts]    429s   2.0M/s ETA 919.2 min
  [round 5 · 6386 climbs live · 849308811 decrypts]    429s   2.0M/s ETA 919.0 min
  [round 6 · 0 climbs live · 849494005 decrypts]    429s   2.0M/s ETA 918.9 min
  [chunk 208/20025 · 8192 4-plug climbs]
  [round 1 · 8192 climbs live · 850755573 decrypts]    430s   2.0M/s ETA 920.9 min
  [round 2 · 8192 climbs live · 851746805 decrypts]    431s   2.0M/s ETA 920.2 min
  [round 3 · 8180 climbs live · 852500469 decrypts]    431s   2.0M/s ETA 919.6 min
  [round 4 · 7958 climbs live · 853048529 decrypts]    431s   2.0M/s ETA 919.2 min
  [round 5 · 6469 climbs live · 853414597 decrypts]    431s   2.0M/s ETA 919.0 min
  [round 6 · 0 climbs live · 853602198 decrypts]    431s   2.0M/s ETA 918.8 min
  [chunk 209/20025 · 8192 4-plug climbs]
  [round 1 · 8192 climbs live · 854863766 decrypts]    432s   2.0M/s ETA 920.9 min
  [round 2 · 8192 climbs live · 855854998 decrypts]    433s   2.0M/s ETA 920.2 min
  [round 3 · 8187 climbs live · 856608662 decrypts]    433s   2.0M/s ETA 919.6 min
  [round 4 · 7953 climbs live · 857157191 decrypts]    433s   2.0M/s ETA 919.2 min
  [round 5 · 6477 climbs live · 857523029 decrypts]    433s   2.0M/s ETA 919.0 min
  [round 6 · 0 climbs live · 857710862 decrypts]    433s   2.0M/s ETA 918.9 min
  [chunk 210/20025 · 8192 4-plug climbs]
  [round 1 · 8192 climbs live · 858972430 decrypts]    435s   2.0M/s ETA 921.0 min
  [round 2 · 8192 climbs live · 859963662 decrypts]    435s   2.0M/s ETA 920.2 min
  [round 3 · 8188 climbs live · 860717326 decrypts]    435s   2.0M/s ETA 919.7 min
  [round 4 · 7933 climbs live · 861265922 decrypts]    435s   2.0M/s ETA 919.3 min
  [round 5 · 6402 climbs live · 861630840 decrypts]    435s   2.0M/s ETA 919.0 min
  [round 6 · 0 climbs live · 861816498 decrypts]    435s   2.0M/s ETA 918.9 min
  [chunk 211/20025 · 8192 4-plug climbs]
  [round 1 · 8192 climbs live · 863078066 decrypts]    437s   2.0M/s ETA 920.9 min
  [round 2 · 8192 climbs live · 864069298 decrypts]    437s   2.0M/s ETA 920.2 min
  [round 3 · 8190 climbs live · 864822962 decrypts]    437s   2.0M/s ETA 919.7 min
  [round 4 · 7976 climbs live · 865371692 decrypts]    437s   2.0M/s ETA 919.3 min
  [round 5 · 6627 climbs live · 865738588 decrypts]    437s   2.0M/s ETA 919.0 min
  [round 6 · 0 climbs live · 865930771 decrypts]    437s   2.0M/s ETA 918.9 min
  [chunk 212/20025 · 8192 4-plug climbs]
  [round 1 · 8192 climbs live · 867192339 decrypts]    439s   2.0M/s ETA 920.9 min
  [round 2 · 8192 climbs live · 868183571 decrypts]    439s   2.0M/s ETA 920.2 min
  [round 3 · 8187 climbs live · 868937235 decrypts]    439s   2.0M/s ETA 919.6 min
  [round 4 · 7947 climbs live · 869485764 decrypts]    439s   2.0M/s ETA 919.3 min
  [round 5 · 6432 climbs live · 869851326 decrypts]    439s   2.0M/s ETA 919.0 min
  [round 6 · 0 climbs live · 870037854 decrypts]    439s   2.0M/s ETA 918.9 min
  [chunk 213/20025 · 8192 4-plug climbs]
  [round 1 · 8192 climbs live · 871299422 decrypts]    441s   2.0M/s ETA 920.9 min
  [round 2 · 8192 climbs live · 872290654 decrypts]    441s   2.0M/s ETA 920.1 min
  [round 3 · 8184 climbs live · 873044318 decrypts]    441s   2.0M/s ETA 919.6 min
  [round 4 · 7924 climbs live · 873592646 decrypts]    441s   2.0M/s ETA 919.2 min
  [round 5 · 6315 climbs live · 873957150 decrypts]    441s   2.0M/s ETA 919.0 min
  [round 6 · 0 climbs live · 874140285 decrypts]    441s   2.0M/s ETA 918.9 min
  [chunk 214/20025 · 8192 4-plug climbs]
  [round 1 · 8192 climbs live · 875401853 decrypts]    443s   2.0M/s ETA 920.9 min
  [round 2 · 8192 climbs live · 876393085 decrypts]    443s   2.0M/s ETA 920.2 min
  [round 3 · 8175 climbs live · 877146749 decrypts]    443s   2.0M/s ETA 919.7 min
  [round 4 · 7888 climbs live · 877694474 decrypts]    443s   2.0M/s ETA 919.3 min
  [round 5 · 6293 climbs live · 878057322 decrypts]    443s   2.0M/s ETA 919.0 min
  [round 6 · 0 climbs live · 878239819 decrypts]    443s   2.0M/s ETA 918.9 min
  [chunk 215/20025 · 8192 4-plug climbs]
  [round 1 · 8192 climbs live · 879501387 decrypts]    445s   2.0M/s ETA 921.0 min
  [round 2 · 8192 climbs live · 880492619 decrypts]    445s   2.0M/s ETA 920.3 min
  [round 3 · 8182 climbs live · 881246283 decrypts]    445s   2.0M/s ETA 919.8 min
  [round 4 · 7935 climbs live · 881794477 decrypts]    445s   2.0M/s ETA 919.4 min
  [round 5 · 6374 climbs live · 882159487 decrypts]    446s   2.0M/s ETA 919.1 min
  [round 6 · 0 climbs live · 882344333 decrypts]    446s   2.0M/s ETA 919.0 min
  [chunk 216/20025 · 8192 4-plug climbs]
  [round 1 · 8192 climbs live · 883605901 decrypts]    447s   2.0M/s ETA 921.0 min
  [round 2 · 8192 climbs live · 884597133 decrypts]    447s   2.0M/s ETA 920.3 min
  [round 3 · 8187 climbs live · 885350797 decrypts]    448s   2.0M/s ETA 919.8 min
  [round 4 · 7967 climbs live · 885899326 decrypts]    448s   2.0M/s ETA 919.4 min
  [round 5 · 6607 climbs live · 886265808 decrypts]    448s   2.0M/s ETA 919.2 min
  [round 6 · 0 climbs live · 886457411 decrypts]    448s   2.0M/s ETA 919.1 min
  [chunk 217/20025 · 8192 4-plug climbs]
  [round 1 · 8192 climbs live · 887718979 decrypts]    449s   2.0M/s ETA 921.0 min
  [round 2 · 8192 climbs live · 888710211 decrypts]    449s   2.0M/s ETA 920.3 min
  [round 3 · 8180 climbs live · 889463875 decrypts]    450s   2.0M/s ETA 919.8 min
  [round 4 · 7953 climbs live · 890011935 decrypts]    450s   2.0M/s ETA 919.4 min
  [round 5 · 6541 climbs live · 890377773 decrypts]    450s   2.0M/s ETA 919.2 min
  [round 6 · 0 climbs live · 890567462 decrypts]    450s   2.0M/s ETA 919.1 min
  [chunk 218/20025 · 8192 4-plug climbs]
  [round 1 · 8192 climbs live · 891829030 decrypts]    451s   2.0M/s ETA 921.0 min
  [round 2 · 8192 climbs live · 892820262 decrypts]    452s   2.0M/s ETA 920.3 min
  [round 3 · 8184 climbs live · 893573926 decrypts]    452s   2.0M/s ETA 919.7 min
  [round 4 · 7940 climbs live · 894122254 decrypts]    452s   2.0M/s ETA 919.4 min
  [round 5 · 6494 climbs live · 894487494 decrypts]    452s   2.0M/s ETA 919.1 min
  [round 6 · 0 climbs live · 894675820 decrypts]    452s   2.0M/s ETA 919.0 min
  [chunk 219/20025 · 8192 4-plug climbs]
  [round 1 · 8192 climbs live · 895937388 decrypts]    453s   2.0M/s ETA 920.9 min
  [round 2 · 8192 climbs live · 896928620 decrypts]    454s   2.0M/s ETA 920.2 min
  [round 3 · 8178 climbs live · 897682284 decrypts]    454s   2.0M/s ETA 919.7 min
  [round 4 · 7896 climbs live · 898230210 decrypts]    454s   2.0M/s ETA 919.4 min
  [round 5 · 6421 climbs live · 898593426 decrypts]    454s   2.0M/s ETA 919.1 min
  [round 6 · 0 climbs live · 898779635 decrypts]    454s   2.0M/s ETA 919.0 min
  [chunk 220/20025 · 8192 4-plug climbs]
  [round 1 · 8192 climbs live · 900041203 decrypts]    456s   2.0M/s ETA 920.9 min
  [round 2 · 8192 climbs live · 901032435 decrypts]    456s   2.0M/s ETA 920.2 min
  [round 3 · 8182 climbs live · 901786099 decrypts]    456s   2.0M/s ETA 919.7 min
  [round 4 · 7881 climbs live · 902334293 decrypts]    456s   2.0M/s ETA 919.4 min
  [round 5 · 6336 climbs live · 902696819 decrypts]    456s   2.0M/s ETA 919.1 min
  [round 6 · 0 climbs live · 902880563 decrypts]    456s   2.0M/s ETA 919.0 min
  [chunk 221/20025 · 8192 4-plug climbs]
  [round 1 · 8192 climbs live · 904142131 decrypts]    458s   2.0M/s ETA 920.9 min
  [round 2 · 8192 climbs live · 905133363 decrypts]    458s   2.0M/s ETA 920.3 min
  [round 3 · 8170 climbs live · 905887027 decrypts]    458s   2.0M/s ETA 919.7 min
  [round 4 · 7874 climbs live · 906434417 decrypts]    458s   2.0M/s ETA 919.4 min
  [round 5 · 6309 climbs live · 906796621 decrypts]    458s   2.0M/s ETA 919.1 min
  [round 6 · 0 climbs live · 906979582 decrypts]    458s   2.0M/s ETA 919.0 min
  [chunk 222/20025 · 8192 4-plug climbs]
  [round 1 · 8192 climbs live · 908241150 decrypts]    460s   2.0M/s ETA 921.0 min
  [round 2 · 8192 climbs live · 909232382 decrypts]    460s   2.0M/s ETA 920.3 min
  [round 3 · 8185 climbs live · 909986046 decrypts]    460s   2.0M/s ETA 919.8 min
  [round 4 · 7914 climbs live · 910534441 decrypts]    460s   2.0M/s ETA 919.4 min
  [round 5 · 6409 climbs live · 910898485 decrypts]    460s   2.0M/s ETA 919.2 min
  [round 6 · 0 climbs live · 911084346 decrypts]    460s   2.0M/s ETA 919.1 min
  [chunk 223/20025 · 8192 4-plug climbs]
  [round 1 · 8192 climbs live · 912345914 decrypts]    462s   2.0M/s ETA 921.0 min
  [round 2 · 8191 climbs live · 913337146 decrypts]    462s   2.0M/s ETA 920.3 min
  [round 3 · 8172 climbs live · 914090718 decrypts]    462s   2.0M/s ETA 919.8 min
  [round 4 · 7774 climbs live · 914638242 decrypts]    462s   2.0M/s ETA 919.4 min
  [round 5 · 6124 climbs live · 914995846 decrypts]    462s   2.0M/s ETA 919.2 min
  [round 6 · 0 climbs live · 915173442 decrypts]    462s   2.0M/s ETA 919.1 min
  [chunk 224/20025 · 8192 4-plug climbs]
  [round 1 · 8192 climbs live · 916435010 decrypts]    464s   2.0M/s ETA 921.1 min
  [round 2 · 8192 climbs live · 917426242 decrypts]    464s   2.0M/s ETA 920.4 min
  [round 3 · 8168 climbs live · 918179906 decrypts]    464s   2.0M/s ETA 919.9 min
  [round 4 · 7814 climbs live · 918727162 decrypts]    464s   2.0M/s ETA 919.5 min
  [round 5 · 6169 climbs live · 919086606 decrypts]    464s   2.0M/s ETA 919.3 min
  [round 6 · 0 climbs live · 919265507 decrypts]    464s   2.0M/s ETA 919.2 min
  [chunk 225/20025 · 8192 4-plug climbs]
  [round 1 · 8192 climbs live · 920527075 decrypts]    466s   2.0M/s ETA 921.1 min
  [round 2 · 8192 climbs live · 921518307 decrypts]    466s   2.0M/s ETA 920.4 min
  [round 3 · 8164 climbs live · 922271971 decrypts]    466s   2.0M/s ETA 919.9 min
  [round 4 · 7782 climbs live · 922818959 decrypts]    466s   2.0M/s ETA 919.6 min
  [round 5 · 6093 climbs live · 923176931 decrypts]    467s   2.0M/s ETA 919.3 min
  [round 6 · 0 climbs live · 923353628 decrypts]    467s   2.0M/s ETA 919.2 min
  [chunk 226/20025 · 8192 4-plug climbs]
  [round 1 · 8192 climbs live · 924615196 decrypts]    468s   2.0M/s ETA 921.2 min
  [round 2 · 8192 climbs live · 925606428 decrypts]    468s   2.0M/s ETA 920.6 min
  [round 3 · 8172 climbs live · 926360092 decrypts]    469s   2.0M/s ETA 920.1 min
  [round 4 · 7820 climbs live · 926907616 decrypts]    469s   2.0M/s ETA 919.7 min
  [round 5 · 6180 climbs live · 927267336 decrypts]    469s   2.0M/s ETA 919.5 min
  [round 6 · 0 climbs live · 927446556 decrypts]    469s   2.0M/s ETA 919.4 min
  [chunk 227/20025 · 8192 4-plug climbs]
  [round 1 · 8192 climbs live · 928708124 decrypts]    470s   2.0M/s ETA 921.3 min
  [round 2 · 8192 climbs live · 929699356 decrypts]    471s   2.0M/s ETA 920.6 min
  [round 3 · 8185 climbs live · 930453020 decrypts]    471s   2.0M/s ETA 920.1 min
  [round 4 · 7870 climbs live · 931001415 decrypts]    471s   2.0M/s ETA 919.8 min
  [round 5 · 6297 climbs live · 931363435 decrypts]    471s   2.0M/s ETA 919.5 min
  [round 6 · 0 climbs live · 931546048 decrypts]    471s   2.0M/s ETA 919.4 min
  [chunk 228/20025 · 8192 4-plug climbs]
  [round 1 · 8192 climbs live · 932807616 decrypts]    472s   2.0M/s ETA 921.3 min
  [round 2 · 8192 climbs live · 933798848 decrypts]    473s   2.0M/s ETA 920.6 min
  [round 3 · 8175 climbs live · 934552512 decrypts]    473s   2.0M/s ETA 920.1 min
  [round 4 · 7828 climbs live · 935100237 decrypts]    473s   2.0M/s ETA 919.8 min
  [round 5 · 6132 climbs live · 935460325 decrypts]    473s   2.0M/s ETA 919.5 min
  [round 6 · 0 climbs live · 935638153 decrypts]    473s   2.0M/s ETA 919.4 min
  [chunk 229/20025 · 8192 4-plug climbs]
  [round 1 · 8192 climbs live · 936899721 decrypts]    475s   2.0M/s ETA 921.4 min
  [round 2 · 8192 climbs live · 937890953 decrypts]    475s   2.0M/s ETA 920.8 min
  [round 3 · 8178 climbs live · 938644617 decrypts]    475s   2.0M/s ETA 920.3 min
  [round 4 · 7825 climbs live · 939192543 decrypts]    475s   2.0M/s ETA 919.9 min
  [round 5 · 6114 climbs live · 939552493 decrypts]    475s   2.0M/s ETA 919.7 min
  [round 6 · 0 climbs live · 939729799 decrypts]    475s   2.0M/s ETA 919.6 min
  [chunk 230/20025 · 8192 4-plug climbs]
  [round 1 · 8192 climbs live · 940991367 decrypts]    477s   2.0M/s ETA 921.5 min
  [round 2 · 8192 climbs live · 941982599 decrypts]    477s   2.0M/s ETA 920.9 min
  [round 3 · 8186 climbs live · 942736263 decrypts]    477s   2.0M/s ETA 920.4 min
  [round 4 · 7959 climbs live · 943284725 decrypts]    477s   2.0M/s ETA 920.0 min
  [round 5 · 6400 climbs live · 943650839 decrypts]    477s   2.0M/s ETA 919.8 min
  [round 6 · 0 climbs live · 943836439 decrypts]    477s   2.0M/s ETA 919.7 min
  [chunk 231/20025 · 8192 4-plug climbs]
  [round 1 · 8192 climbs live · 945098007 decrypts]    479s   2.0M/s ETA 921.5 min
  [round 2 · 8192 climbs live · 946089239 decrypts]    479s   2.0M/s ETA 920.9 min
  [round 3 · 8166 climbs live · 946842903 decrypts]    479s   2.0M/s ETA 920.4 min
  [round 4 · 7729 climbs live · 947390025 decrypts]    479s   2.0M/s ETA 920.0 min
  [round 5 · 5878 climbs live · 947745559 decrypts]    479s   2.0M/s ETA 919.8 min
  [round 6 · 0 climbs live · 947916021 decrypts]    479s   2.0M/s ETA 919.7 min
  [chunk 232/20025 · 8192 4-plug climbs]
  [round 1 · 8192 climbs live · 949177589 decrypts]    481s   2.0M/s ETA 921.7 min
  [round 2 · 8192 climbs live · 950168821 decrypts]    481s   2.0M/s ETA 921.0 min
  [round 3 · 8184 climbs live · 950922485 decrypts]    481s   2.0M/s ETA 920.5 min
  [round 4 · 7843 climbs live · 951470813 decrypts]    481s   2.0M/s ETA 920.2 min
  [round 5 · 6234 climbs live · 951831591 decrypts]    481s   2.0M/s ETA 920.0 min
  [round 6 · 0 climbs live · 952012377 decrypts]    482s   2.0M/s ETA 919.9 min
  [chunk 233/20025 · 8192 4-plug climbs]
  [round 1 · 8192 climbs live · 953273945 decrypts]    483s   2.0M/s ETA 921.8 min
  [round 2 · 8191 climbs live · 954265177 decrypts]    483s   2.0M/s ETA 921.1 min
  [round 3 · 8183 climbs live · 955018749 decrypts]    483s   2.0M/s ETA 920.6 min
  [round 4 · 7916 climbs live · 955567010 decrypts]    484s   2.0M/s ETA 920.3 min
  [round 5 · 6456 climbs live · 955931146 decrypts]    484s   2.0M/s ETA 920.1 min
  [round 6 · 0 climbs live · 956118370 decrypts]    484s   2.0M/s ETA 920.0 min
  [chunk 234/20025 · 8192 4-plug climbs]
  [round 1 · 8192 climbs live · 957379938 decrypts]    485s   2.0M/s ETA 921.8 min
  [round 2 · 8192 climbs live · 958371170 decrypts]    485s   2.0M/s ETA 921.1 min
  [round 3 · 8179 climbs live · 959124834 decrypts]    486s   2.0M/s ETA 920.6 min
  [round 4 · 7958 climbs live · 959672827 decrypts]    486s   2.0M/s ETA 920.3 min
  [round 5 · 6757 climbs live · 960038895 decrypts]    486s   2.0M/s ETA 920.1 min
  [round 6 · 0 climbs live · 960234848 decrypts]    486s   2.0M/s ETA 919.9 min
  [chunk 235/20025 · 8192 4-plug climbs]
  [round 1 · 8192 climbs live · 961496416 decrypts]    487s   2.0M/s ETA 921.7 min
  [round 2 · 8192 climbs live · 962487648 decrypts]    487s   2.0M/s ETA 921.0 min
  [round 3 · 8187 climbs live · 963241312 decrypts]    488s   2.0M/s ETA 920.5 min
  [round 4 · 8037 climbs live · 963789841 decrypts]    488s   2.0M/s ETA 920.2 min
  [round 5 · 6869 climbs live · 964159543 decrypts]    488s   2.0M/s ETA 920.0 min
  [round 6 · 0 climbs live · 964358744 decrypts]    488s   2.0M/s ETA 919.8 min
  [chunk 236/20025 · 8192 4-plug climbs]
  [round 1 · 8192 climbs live · 965620312 decrypts]    489s   2.0M/s ETA 921.6 min
  [round 2 · 8192 climbs live · 966611544 decrypts]    490s   2.0M/s ETA 920.9 min
  [round 3 · 8191 climbs live · 967365208 decrypts]    490s   2.0M/s ETA 920.4 min
  [round 4 · 8057 climbs live · 967914005 decrypts]    490s   2.0M/s ETA 920.1 min
  [round 5 · 6762 climbs live · 968284627 decrypts]    490s   2.0M/s ETA 919.9 min
  [round 6 · 0 climbs live · 968480725 decrypts]    490s   2.0M/s ETA 919.8 min
  [chunk 237/20025 · 8192 4-plug climbs]
  [round 1 · 8192 climbs live · 969742293 decrypts]    491s   2.0M/s ETA 921.5 min
  [round 2 · 8192 climbs live · 970733525 decrypts]    492s   2.0M/s ETA 920.8 min
  [round 3 · 8187 climbs live · 971487189 decrypts]    492s   2.0M/s ETA 920.4 min
  [round 4 · 8030 climbs live · 972035718 decrypts]    492s   2.0M/s ETA 920.0 min
  [round 5 · 6774 climbs live · 972405098 decrypts]    492s   2.0M/s ETA 919.8 min
  [round 6 · 0 climbs live · 972601544 decrypts]    492s   2.0M/s ETA 919.7 min
  [chunk 238/20025 · 8192 4-plug climbs]
  [round 1 · 8192 climbs live · 973863112 decrypts]    493s   2.0M/s ETA 921.4 min
  [round 2 · 8192 climbs live · 974854344 decrypts]    494s   2.0M/s ETA 920.8 min
  [round 3 · 8187 climbs live · 975608008 decrypts]    494s   2.0M/s ETA 920.3 min
  [round 4 · 7979 climbs live · 976156537 decrypts]    494s   2.0M/s ETA 920.0 min
  [round 5 · 6715 climbs live · 976523571 decrypts]    494s   2.0M/s ETA 919.7 min
  [round 6 · 0 climbs live · 976718306 decrypts]    494s   2.0M/s ETA 919.6 min
  [chunk 239/20025 · 8192 4-plug climbs]
  [round 1 · 8192 climbs live · 977979874 decrypts]    496s   2.0M/s ETA 921.3 min
  [round 2 · 8192 climbs live · 978971106 decrypts]    496s   2.0M/s ETA 920.7 min
  [round 3 · 8184 climbs live · 979724770 decrypts]    496s   2.0M/s ETA 920.2 min
  [round 4 · 7961 climbs live · 980273098 decrypts]    496s   2.0M/s ETA 919.9 min
  [round 5 · 6648 climbs live · 980639304 decrypts]    496s   2.0M/s ETA 919.7 min
  [round 6 · 0 climbs live · 980832096 decrypts]    496s   2.0M/s ETA 919.6 min
  [chunk 240/20025 · 8192 4-plug climbs]
  [round 1 · 8192 climbs live · 982093664 decrypts]    498s   2.0M/s ETA 921.3 min
  [round 2 · 8192 climbs live · 983084896 decrypts]    498s   2.0M/s ETA 920.7 min
  [round 3 · 8174 climbs live · 983838560 decrypts]    498s   2.0M/s ETA 920.2 min
  [round 4 · 7918 climbs live · 984386218 decrypts]    498s   2.0M/s ETA 919.9 min
  [round 5 · 6636 climbs live · 984750446 decrypts]    498s   2.0M/s ETA 919.6 min
  [round 6 · 0 climbs live · 984942890 decrypts]    498s   2.0M/s ETA 919.5 min
  [chunk 241/20025 · 8192 4-plug climbs]
  [round 1 · 8192 climbs live · 986204458 decrypts]    500s   2.0M/s ETA 921.3 min
  [round 2 · 8192 climbs live · 987195690 decrypts]    500s   2.0M/s ETA 920.6 min
  [round 3 · 8178 climbs live · 987949354 decrypts]    500s   2.0M/s ETA 920.1 min
  [round 4 · 7923 climbs live · 988497280 decrypts]    500s   2.0M/s ETA 919.8 min
  [round 5 · 6478 climbs live · 988861738 decrypts]    500s   2.0M/s ETA 919.6 min
  [round 6 · 0 climbs live · 989049600 decrypts]    500s   2.0M/s ETA 919.5 min
  [chunk 242/20025 · 8192 4-plug climbs]
  [round 1 · 8192 climbs live · 990311168 decrypts]    502s   2.0M/s ETA 921.2 min
  [round 2 · 8192 climbs live · 991302400 decrypts]    502s   2.0M/s ETA 920.6 min
  [round 3 · 8179 climbs live · 992056064 decrypts]    502s   2.0M/s ETA 920.1 min
  [round 4 · 7893 climbs live · 992604057 decrypts]    502s   2.0M/s ETA 919.8 min
  [round 5 · 6372 climbs live · 992967135 decrypts]    502s   2.0M/s ETA 919.6 min
  [round 6 · 0 climbs live · 993151923 decrypts]    502s   2.0M/s ETA 919.5 min
  [chunk 243/20025 · 8192 4-plug climbs]
  [round 1 · 8192 climbs live · 994413491 decrypts]    504s   2.0M/s ETA 921.3 min
  [round 2 · 8192 climbs live · 995404723 decrypts]    504s   2.0M/s ETA 920.6 min
  [round 3 · 8179 climbs live · 996158387 decrypts]    504s   2.0M/s ETA 920.2 min
  [round 4 · 7844 climbs live · 996706380 decrypts]    504s   2.0M/s ETA 919.8 min
  [round 5 · 6288 climbs live · 997067204 decrypts]    504s   2.0M/s ETA 919.6 min
  [round 6 · 0 climbs live · 997249556 decrypts]    504s   2.0M/s ETA 919.5 min
  [chunk 244/20025 · 8192 4-plug climbs]
  [round 1 · 8192 climbs live · 998511124 decrypts]    506s   2.0M/s ETA 921.3 min
  [round 2 · 8192 climbs live · 999502356 decrypts]    506s   2.0M/s ETA 920.6 min
  [round 3 · 8188 climbs live · 1000256020 decrypts]    506s   2.0M/s ETA 920.2 min
  [round 4 · 8095 climbs live · 1000804616 decrypts]    506s   2.0M/s ETA 919.8 min
  [round 5 · 7098 climbs live · 1001176986 decrypts]    506s   2.0M/s ETA 919.6 min
  [round 6 · 0 climbs live · 1001382828 decrypts]    507s   2.0M/s ETA 919.5 min
  [chunk 245/20025 · 8192 4-plug climbs]
  [round 1 · 8192 climbs live · 1002644396 decrypts]    508s   2.0M/s ETA 921.1 min
  [round 2 · 8192 climbs live · 1003635628 decrypts]    508s   2.0M/s ETA 920.5 min
  [round 3 · 8187 climbs live · 1004389292 decrypts]    508s   2.0M/s ETA 920.0 min
  [round 4 · 8085 climbs live · 1004937821 decrypts]    508s   2.0M/s ETA 919.7 min
  [round 5 · 7072 climbs live · 1005309731 decrypts]    508s   2.0M/s ETA 919.4 min
  [round 6 · 0 climbs live · 1005514819 decrypts]    509s   2.0M/s ETA 919.3 min
  [chunk 246/20025 · 8192 4-plug climbs]
  [round 1 · 8192 climbs live · 1006776387 decrypts]    510s   2.0M/s ETA 920.9 min
  [round 2 · 8192 climbs live · 1007767619 decrypts]    510s   2.0M/s ETA 920.3 min
  [round 3 · 8189 climbs live · 1008521283 decrypts]    510s   2.0M/s ETA 919.8 min
  [round 4 · 8013 climbs live · 1009069946 decrypts]    510s   2.0M/s ETA 919.5 min
  [round 5 · 6888 climbs live · 1009438544 decrypts]    511s   2.0M/s ETA 919.3 min
  [round 6 · 0 climbs live · 1009638296 decrypts]    511s   2.0M/s ETA 919.1 min
  [chunk 247/20025 · 8192 4-plug climbs]
  [round 1 · 8192 climbs live · 1010899864 decrypts]    512s   2.0M/s ETA 920.8 min
  [round 2 · 8192 climbs live · 1011891096 decrypts]    512s   2.0M/s ETA 920.1 min
  [round 3 · 8189 climbs live · 1012644760 decrypts]    512s   2.0M/s ETA 919.7 min
  [round 4 · 8066 climbs live · 1013193423 decrypts]    512s   2.0M/s ETA 919.3 min
  [round 5 · 7037 climbs live · 1013564459 decrypts]    513s   2.0M/s ETA 919.1 min
  [round 6 · 0 climbs live · 1013768532 decrypts]    513s   2.0M/s ETA 919.0 min
  [chunk 248/20025 · 8192 4-plug climbs]
  [round 1 · 8192 climbs live · 1015030100 decrypts]    514s   2.0M/s ETA 920.6 min
  [round 2 · 8192 climbs live · 1016021332 decrypts]    514s   2.0M/s ETA 919.9 min
  [round 3 · 8190 climbs live · 1016774996 decrypts]    514s   2.0M/s ETA 919.5 min
  [round 4 · 8037 climbs live · 1017323726 decrypts]    514s   2.0M/s ETA 919.2 min
  [round 5 · 6926 climbs live · 1017693428 decrypts]    515s   2.0M/s ETA 919.0 min
  [round 6 · 0 climbs live · 1017894282 decrypts]    515s   2.0M/s ETA 918.8 min
  [chunk 249/20025 · 8192 4-plug climbs]
  [round 1 · 8192 climbs live · 1019155850 decrypts]    516s   2.0M/s ETA 920.5 min
  [round 2 · 8192 climbs live · 1020147082 decrypts]    516s   2.0M/s ETA 919.8 min
  [round 3 · 8184 climbs live · 1020900746 decrypts]    516s   2.0M/s ETA 919.4 min
  [round 4 · 7927 climbs live · 1021449074 decrypts]    517s   2.0M/s ETA 919.0 min
  [round 5 · 6540 climbs live · 1021813716 decrypts]    517s   2.0M/s ETA 918.8 min
  [round 6 · 0 climbs live · 1022003376 decrypts]    517s   2.0M/s ETA 918.7 min
  [chunk 250/20025 · 8192 4-plug climbs]
  [round 1 · 8192 climbs live · 1023264944 decrypts]    518s   2.0M/s ETA 920.4 min
  [round 2 · 8192 climbs live · 1024256176 decrypts]    518s   2.0M/s ETA 919.8 min
  [round 3 · 8188 climbs live · 1025009840 decrypts]    519s   2.0M/s ETA 919.3 min
  [round 4 · 8036 climbs live · 1025558436 decrypts]    519s   2.0M/s ETA 919.0 min
  [round 5 · 6815 climbs live · 1025928092 decrypts]    519s   2.0M/s ETA 918.8 min
  [round 6 · 0 climbs live · 1026125727 decrypts]    519s   2.0M/s ETA 918.7 min
  [chunk 251/20025 · 8192 4-plug climbs]
  [round 1 · 8192 climbs live · 1027387295 decrypts]    520s   2.0M/s ETA 920.3 min
  [round 2 · 8192 climbs live · 1028378527 decrypts]    520s   2.0M/s ETA 919.7 min
  [round 3 · 8178 climbs live · 1029132191 decrypts]    521s   2.0M/s ETA 919.2 min
  [round 4 · 7962 climbs live · 1029680117 decrypts]    521s   2.0M/s ETA 918.9 min
  [round 5 · 6660 climbs live · 1030046369 decrypts]    521s   2.0M/s ETA 918.7 min
  [round 6 · 0 climbs live · 1030239509 decrypts]    521s   2.0M/s ETA 918.6 min
  [chunk 252/20025 · 8192 4-plug climbs]
  [round 1 · 8192 climbs live · 1031501077 decrypts]    522s   2.0M/s ETA 920.3 min
  [round 2 · 8192 climbs live · 1032492309 decrypts]    523s   2.0M/s ETA 919.7 min
  [round 3 · 8185 climbs live · 1033245973 decrypts]    523s   2.0M/s ETA 919.2 min
  [round 4 · 7997 climbs live · 1033794368 decrypts]    523s   2.0M/s ETA 918.9 min
  [round 5 · 6794 climbs live · 1034162230 decrypts]    523s   2.0M/s ETA 918.7 min
  [round 6 · 0 climbs live · 1034359256 decrypts]    523s   2.0M/s ETA 918.6 min
  [chunk 253/20025 · 8192 4-plug climbs]
  [round 1 · 8192 climbs live · 1035620824 decrypts]    524s   2.0M/s ETA 920.2 min
  [round 2 · 8192 climbs live · 1036612056 decrypts]    525s   2.0M/s ETA 919.6 min
  [round 3 · 8190 climbs live · 1037365720 decrypts]    525s   2.0M/s ETA 919.1 min
  [round 4 · 8037 climbs live · 1037914450 decrypts]    525s   2.0M/s ETA 918.8 min
  [round 5 · 6814 climbs live · 1038284152 decrypts]    525s   2.0M/s ETA 918.6 min
  [round 6 · 0 climbs live · 1038481758 decrypts]    525s   2.0M/s ETA 918.5 min
  [chunk 254/20025 · 8192 4-plug climbs]
  [round 1 · 8192 climbs live · 1039743326 decrypts]    526s   2.0M/s ETA 920.1 min
  [round 2 · 8192 climbs live · 1040734558 decrypts]    527s   2.0M/s ETA 919.5 min
  [round 3 · 8190 climbs live · 1041488222 decrypts]    527s   2.0M/s ETA 919.0 min
  [round 4 · 8084 climbs live · 1042036952 decrypts]    527s   2.0M/s ETA 918.7 min
  [round 5 · 7040 climbs live · 1042408816 decrypts]    527s   2.0M/s ETA 918.5 min
  [round 6 · 0 climbs live · 1042612976 decrypts]    527s   2.0M/s ETA 918.4 min
  [chunk 255/20025 · 8192 4-plug climbs]
  [round 1 · 8192 climbs live · 1043874544 decrypts]    528s   2.0M/s ETA 920.0 min
  [round 2 · 8192 climbs live · 1044865776 decrypts]    529s   2.0M/s ETA 919.4 min
  [round 3 · 8192 climbs live · 1045619440 decrypts]    529s   2.0M/s ETA 918.9 min
  [round 4 · 8086 climbs live · 1046168304 decrypts]    529s   2.0M/s ETA 918.6 min
  [round 5 · 7142 climbs live · 1046540260 decrypts]    529s   2.0M/s ETA 918.4 min
  [round 6 · 0 climbs live · 1046747378 decrypts]    529s   2.0M/s ETA 918.3 min
  [chunk 256/20025 · 8192 4-plug climbs]
  [round 1 · 8192 climbs live · 1048008946 decrypts]    531s   2.0M/s ETA 919.8 min
  [round 2 · 8192 climbs live · 1049000178 decrypts]    531s   2.0M/s ETA 919.2 min
  [round 3 · 8192 climbs live · 1049753842 decrypts]    531s   2.0M/s ETA 918.8 min
  [round 4 · 8056 climbs live · 1050302706 decrypts]    531s   2.0M/s ETA 918.4 min
  [round 5 · 6869 climbs live · 1050673282 decrypts]    531s   2.0M/s ETA 918.2 min
  [round 6 · 0 climbs live · 1050872483 decrypts]    531s   2.0M/s ETA 918.1 min
  [chunk 257/20025 · 8192 4-plug climbs]
  [round 1 · 8192 climbs live · 1052134051 decrypts]    533s   2.0M/s ETA 919.7 min
  [round 2 · 8192 climbs live · 1053125283 decrypts]    533s   2.0M/s ETA 919.1 min
  [round 3 · 8189 climbs live · 1053878947 decrypts]    533s   2.0M/s ETA 918.6 min
  [round 4 · 8028 climbs live · 1054427610 decrypts]    533s   2.0M/s ETA 918.3 min
  [round 5 · 6744 climbs live · 1054796898 decrypts]    533s   2.0M/s ETA 918.1 min
  [round 6 · 0 climbs live · 1054992474 decrypts]    533s   2.0M/s ETA 918.0 min
  [chunk 258/20025 · 8192 4-plug climbs]
  [round 1 · 8192 climbs live · 1056254042 decrypts]    535s   2.0M/s ETA 919.6 min
  [round 2 · 8192 climbs live · 1057245274 decrypts]    535s   2.0M/s ETA 919.0 min
  [round 3 · 8188 climbs live · 1057998938 decrypts]    535s   2.0M/s ETA 918.6 min
  [round 4 · 8014 climbs live · 1058547534 decrypts]    535s   2.0M/s ETA 918.2 min
  [round 5 · 6670 climbs live · 1058916178 decrypts]    535s   2.0M/s ETA 918.0 min
  [round 6 · 0 climbs live · 1059109608 decrypts]    535s   2.0M/s ETA 917.9 min
  [chunk 259/20025 · 8192 4-plug climbs]
  [round 1 · 8192 climbs live · 1060371176 decrypts]    537s   2.0M/s ETA 919.5 min
  [round 2 · 8192 climbs live · 1061362408 decrypts]    537s   2.0M/s ETA 918.9 min
  [round 3 · 8188 climbs live · 1062116072 decrypts]    537s   2.0M/s ETA 918.5 min
  [round 4 · 8011 climbs live · 1062664668 decrypts]    537s   2.0M/s ETA 918.2 min
  [round 5 · 6726 climbs live · 1063033174 decrypts]    537s   2.0M/s ETA 918.0 min
  [round 6 · 0 climbs live · 1063228228 decrypts]    537s   2.0M/s ETA 917.9 min
  [chunk 260/20025 · 8192 4-plug climbs]
  [round 1 · 8192 climbs live · 1064489796 decrypts]    539s   2.0M/s ETA 919.4 min
  [round 2 · 8192 climbs live · 1065481028 decrypts]    539s   2.0M/s ETA 918.9 min
  [round 3 · 8191 climbs live · 1066234692 decrypts]    539s   2.0M/s ETA 918.4 min
  [round 4 · 8060 climbs live · 1066783489 decrypts]    539s   2.0M/s ETA 918.1 min
  [round 5 · 6870 climbs live · 1067154249 decrypts]    539s   2.0M/s ETA 917.9 min
  [round 6 · 0 climbs live · 1067353479 decrypts]    539s   2.0M/s ETA 917.8 min
  [chunk 261/20025 · 8192 4-plug climbs]
  [round 1 · 8192 climbs live · 1068615047 decrypts]    541s   2.0M/s ETA 919.4 min
  [round 2 · 8192 climbs live · 1069606279 decrypts]    541s   2.0M/s ETA 918.8 min
  [round 3 · 8191 climbs live · 1070359943 decrypts]    541s   2.0M/s ETA 918.3 min
  [round 4 · 8084 climbs live · 1070908740 decrypts]    541s   2.0M/s ETA 918.0 min
  [round 5 · 7020 climbs live · 1071280604 decrypts]    541s   2.0M/s ETA 917.8 min
  [round 6 · 0 climbs live · 1071484184 decrypts]    541s   2.0M/s ETA 917.7 min
  [chunk 262/20025 · 8192 4-plug climbs]
  [round 1 · 8192 climbs live · 1072745752 decrypts]    543s   2.0M/s ETA 919.2 min
  [round 2 · 8192 climbs live · 1073736984 decrypts]    543s   2.0M/s ETA 918.6 min
  [round 3 · 8185 climbs live · 1074490648 decrypts]    543s   2.0M/s ETA 918.2 min
  [round 4 · 8033 climbs live · 1075039043 decrypts]    543s   2.0M/s ETA 917.9 min
  [round 5 · 6818 climbs live · 1075408561 decrypts]    543s   2.0M/s ETA 917.7 min
  [round 6 · 0 climbs live · 1075606283 decrypts]    543s   2.0M/s ETA 917.6 min
  [chunk 263/20025 · 8192 4-plug climbs]
  [round 1 · 8192 climbs live · 1076867851 decrypts]    545s   2.0M/s ETA 919.1 min
  [round 2 · 8192 climbs live · 1077859083 decrypts]    545s   2.0M/s ETA 918.5 min
  [round 3 · 8187 climbs live · 1078612747 decrypts]    545s   2.0M/s ETA 918.1 min
  [round 4 · 7989 climbs live · 1079161276 decrypts]    545s   2.0M/s ETA 917.8 min
  [round 5 · 6614 climbs live · 1079528770 decrypts]    545s   2.0M/s ETA 917.6 min
  [round 6 · 0 climbs live · 1079720576 decrypts]    545s   2.0M/s ETA 917.5 min
  [chunk 264/20025 · 8192 4-plug climbs]
  [round 1 · 8192 climbs live · 1080982144 decrypts]    547s   2.0M/s ETA 919.1 min
  [round 2 · 8192 climbs live · 1081973376 decrypts]    547s   2.0M/s ETA 918.5 min
  [round 3 · 8179 climbs live · 1082727040 decrypts]    547s   2.0M/s ETA 918.1 min
  [round 4 · 7969 climbs live · 1083275033 decrypts]    547s   2.0M/s ETA 917.8 min
  [round 5 · 6400 climbs live · 1083641607 decrypts]    547s   2.0M/s ETA 917.6 min
  [round 6 · 0 climbs live · 1083827207 decrypts]    547s   2.0M/s ETA 917.5 min
  [chunk 265/20025 · 8192 4-plug climbs]
  [round 1 · 8192 climbs live · 1085088775 decrypts]    549s   2.0M/s ETA 919.1 min
  [round 2 · 8192 climbs live · 1086080007 decrypts]    549s   2.0M/s ETA 918.5 min
  [round 3 · 8190 climbs live · 1086833671 decrypts]    549s   2.0M/s ETA 918.1 min
  [round 4 · 7993 climbs live · 1087382401 decrypts]    549s   2.0M/s ETA 917.8 min
  [round 5 · 6663 climbs live · 1087750079 decrypts]    550s   2.0M/s ETA 917.6 min
  [round 6 · 0 climbs live · 1087943306 decrypts]    550s   2.0M/s ETA 917.5 min
  [chunk 266/20025 · 8192 4-plug climbs]
  [round 1 · 8192 climbs live · 1089204874 decrypts]    551s   2.0M/s ETA 919.0 min
  [round 2 · 8192 climbs live · 1090196106 decrypts]    551s   2.0M/s ETA 918.4 min
  [round 3 · 8189 climbs live · 1090949770 decrypts]    551s   2.0M/s ETA 918.0 min
  [round 4 · 7968 climbs live · 1091498433 decrypts]    551s   2.0M/s ETA 917.7 min
  [round 5 · 6748 climbs live · 1091864961 decrypts]    552s   2.0M/s ETA 917.5 min
  [round 6 · 0 climbs live · 1092060653 decrypts]    552s   2.0M/s ETA 917.4 min
  [chunk 267/20025 · 8192 4-plug climbs]
  [round 1 · 8192 climbs live · 1093322221 decrypts]    553s   2.0M/s ETA 918.9 min
  [round 2 · 8192 climbs live · 1094313453 decrypts]    553s   2.0M/s ETA 918.4 min
  [round 3 · 8192 climbs live · 1095067117 decrypts]    553s   2.0M/s ETA 917.9 min
  [round 4 · 8012 climbs live · 1095615981 decrypts]    554s   2.0M/s ETA 917.6 min
  [round 5 · 6702 climbs live · 1095984533 decrypts]    554s   2.0M/s ETA 917.4 min
  [round 6 · 0 climbs live · 1096178891 decrypts]    554s   2.0M/s ETA 917.3 min
  [chunk 268/20025 · 8192 4-plug climbs]
  [round 1 · 8192 climbs live · 1097440459 decrypts]    555s   2.0M/s ETA 918.8 min
  [round 2 · 8192 climbs live · 1098431691 decrypts]    555s   2.0M/s ETA 918.3 min
  [round 3 · 8190 climbs live · 1099185355 decrypts]    555s   2.0M/s ETA 917.8 min
  [round 4 · 8019 climbs live · 1099734085 decrypts]    556s   2.0M/s ETA 917.5 min
  [round 5 · 6800 climbs live · 1100102959 decrypts]    556s   2.0M/s ETA 917.3 min
  [round 6 · 0 climbs live · 1100300159 decrypts]    556s   2.0M/s ETA 917.2 min
  [chunk 269/20025 · 8192 4-plug climbs]
  [round 1 · 8192 climbs live · 1101561727 decrypts]    557s   2.0M/s ETA 918.8 min
  [round 2 · 8192 climbs live · 1102552959 decrypts]    557s   2.0M/s ETA 918.2 min
  [round 3 · 8180 climbs live · 1103306623 decrypts]    558s   2.0M/s ETA 917.8 min
  [round 4 · 7869 climbs live · 1103854683 decrypts]    558s   2.0M/s ETA 917.5 min
  [round 5 · 6329 climbs live · 1104216657 decrypts]    558s   2.0M/s ETA 917.3 min
  [round 6 · 0 climbs live · 1104400198 decrypts]    558s   2.0M/s ETA 917.2 min
  [chunk 270/20025 · 8192 4-plug climbs]
  [round 1 · 8192 climbs live · 1105661766 decrypts]    559s   2.0M/s ETA 918.8 min
  [round 2 · 8192 climbs live · 1106652998 decrypts]    560s   2.0M/s ETA 918.2 min
  [round 3 · 8180 climbs live · 1107406662 decrypts]    560s   2.0M/s ETA 917.8 min
  [round 4 · 7931 climbs live · 1107954722 decrypts]    560s   2.0M/s ETA 917.5 min
  [round 5 · 6552 climbs live · 1108319548 decrypts]    560s   2.0M/s ETA 917.3 min
  [round 6 · 0 climbs live · 1108509556 decrypts]    560s   2.0M/s ETA 917.2 min
  [chunk 271/20025 · 8192 4-plug climbs]
  [round 1 · 8192 climbs live · 1109771124 decrypts]    561s   2.0M/s ETA 918.7 min
  [round 2 · 8192 climbs live · 1110762356 decrypts]    562s   2.0M/s ETA 918.1 min
  [round 3 · 8176 climbs live · 1111516020 decrypts]    562s   2.0M/s ETA 917.7 min
  [round 4 · 7958 climbs live · 1112063812 decrypts]    562s   2.0M/s ETA 917.4 min
  [round 5 · 6713 climbs live · 1112429880 decrypts]    562s   2.0M/s ETA 917.2 min
  [round 6 · 0 climbs live · 1112624557 decrypts]    562s   2.0M/s ETA 917.1 min
  [chunk 272/20025 · 8192 4-plug climbs]
  [round 1 · 8192 climbs live · 1113886125 decrypts]    563s   2.0M/s ETA 918.6 min
  [round 2 · 8191 climbs live · 1114877357 decrypts]    564s   2.0M/s ETA 918.1 min
  [round 3 · 8180 climbs live · 1115630929 decrypts]    564s   2.0M/s ETA 917.6 min
  [round 4 · 7935 climbs live · 1116178989 decrypts]    564s   2.0M/s ETA 917.3 min
  [round 5 · 6667 climbs live · 1116543999 decrypts]    564s   2.0M/s ETA 917.1 min
  [round 6 · 0 climbs live · 1116737342 decrypts]    564s   2.0M/s ETA 917.0 min
  [chunk 273/20025 · 8192 4-plug climbs]
  [round 1 · 8192 climbs live · 1117998910 decrypts]    566s   2.0M/s ETA 918.6 min
  [round 2 · 8192 climbs live · 1118990142 decrypts]    566s   2.0M/s ETA 918.1 min
  [round 3 · 8178 climbs live · 1119743806 decrypts]    566s   2.0M/s ETA 917.6 min
  [round 4 · 7892 climbs live · 1120291732 decrypts]    566s   2.0M/s ETA 917.3 min
  [round 5 · 6483 climbs live · 1120654764 decrypts]    566s   2.0M/s ETA 917.2 min
  [round 6 · 0 climbs live · 1120842771 decrypts]    566s   2.0M/s ETA 917.1 min
  [chunk 274/20025 · 8192 4-plug climbs]
  [round 1 · 8192 climbs live · 1122104339 decrypts]    568s   2.0M/s ETA 918.6 min
  [round 2 · 8192 climbs live · 1123095571 decrypts]    568s   2.0M/s ETA 918.0 min
  [round 3 · 8178 climbs live · 1123849235 decrypts]    568s   2.0M/s ETA 917.6 min
  [round 4 · 7901 climbs live · 1124397161 decrypts]    568s   2.0M/s ETA 917.3 min
  [round 5 · 6552 climbs live · 1124760607 decrypts]    568s   2.0M/s ETA 917.1 min
  [round 6 · 0 climbs live · 1124950615 decrypts]    568s   2.0M/s ETA 917.0 min
  [chunk 275/20025 · 8192 4-plug climbs]
  [round 1 · 8192 climbs live · 1126212183 decrypts]    570s   2.0M/s ETA 918.5 min
  [round 2 · 8192 climbs live · 1127203415 decrypts]    570s   2.0M/s ETA 918.0 min
  [round 3 · 8173 climbs live · 1127957079 decrypts]    570s   2.0M/s ETA 917.6 min
  [round 4 · 7847 climbs live · 1128504670 decrypts]    570s   2.0M/s ETA 917.3 min
  [round 5 · 6403 climbs live · 1128865632 decrypts]    570s   2.0M/s ETA 917.1 min
  [round 6 · 0 climbs live · 1129051319 decrypts]    570s   2.0M/s ETA 917.0 min
  [chunk 276/20025 · 8192 4-plug climbs]
  [round 1 · 8192 climbs live · 1130312887 decrypts]    572s   2.0M/s ETA 918.6 min
  [round 2 · 8192 climbs live · 1131304119 decrypts]    572s   2.0M/s ETA 918.0 min
  [round 3 · 8181 climbs live · 1132057783 decrypts]    572s   2.0M/s ETA 917.6 min
  [round 4 · 7973 climbs live · 1132605910 decrypts]    572s   2.0M/s ETA 917.3 min
  [round 5 · 6485 climbs live · 1132972668 decrypts]    572s   2.0M/s ETA 917.1 min
  [round 6 · 0 climbs live · 1133160733 decrypts]    572s   2.0M/s ETA 917.0 min
  [chunk 277/20025 · 8192 4-plug climbs]
  [round 1 · 8192 climbs live · 1134422301 decrypts]    574s   2.0M/s ETA 918.6 min
  [round 2 · 8192 climbs live · 1135413533 decrypts]    574s   2.0M/s ETA 918.0 min
  [round 3 · 8180 climbs live · 1136167197 decrypts]    574s   2.0M/s ETA 917.6 min
  [round 4 · 7926 climbs live · 1136715257 decrypts]    574s   2.0M/s ETA 917.3 min
  [round 5 · 6491 climbs live · 1137079853 decrypts]    574s   2.0M/s ETA 917.1 min
  [round 6 · 0 climbs live · 1137268092 decrypts]    574s   2.0M/s ETA 917.0 min
  [chunk 278/20025 · 8192 4-plug climbs]
  [round 1 · 8192 climbs live · 1138529660 decrypts]    576s   2.0M/s ETA 918.6 min
  [round 2 · 8192 climbs live · 1139520892 decrypts]    576s   2.0M/s ETA 918.0 min
  [round 3 · 8174 climbs live · 1140274556 decrypts]    576s   2.0M/s ETA 917.6 min
  [round 4 · 7905 climbs live · 1140822214 decrypts]    576s   2.0M/s ETA 917.3 min
  [round 5 · 6440 climbs live · 1141185844 decrypts]    576s   2.0M/s ETA 917.1 min
  [round 6 · 0 climbs live · 1141372604 decrypts]    577s   2.0M/s ETA 917.0 min
  [chunk 279/20025 · 8192 4-plug climbs]
  [round 1 · 8192 climbs live · 1142634172 decrypts]    578s   2.0M/s ETA 918.5 min
  [round 2 · 8192 climbs live · 1143625404 decrypts]    578s   2.0M/s ETA 918.0 min
  [round 3 · 8186 climbs live · 1144379068 decrypts]    578s   2.0M/s ETA 917.6 min
  [round 4 · 7952 climbs live · 1144927530 decrypts]    579s   2.0M/s ETA 917.3 min
  [round 5 · 6522 climbs live · 1145293322 decrypts]    579s   2.0M/s ETA 917.1 min
  [round 6 · 0 climbs live · 1145482460 decrypts]    579s   2.0M/s ETA 917.0 min
  [chunk 280/20025 · 8192 4-plug climbs]
  [round 1 · 8192 climbs live · 1146744028 decrypts]    580s   2.0M/s ETA 918.5 min
  [round 2 · 8192 climbs live · 1147735260 decrypts]    580s   2.0M/s ETA 918.0 min
  [round 3 · 8172 climbs live · 1148488924 decrypts]    580s   2.0M/s ETA 917.6 min
  [round 4 · 7887 climbs live · 1149036448 decrypts]    581s   2.0M/s ETA 917.3 min
  [round 5 · 6277 climbs live · 1149399250 decrypts]    581s   2.0M/s ETA 917.1 min
  [round 6 · 0 climbs live · 1149581283 decrypts]    581s   2.0M/s ETA 917.0 min
  [chunk 281/20025 · 8192 4-plug climbs]
  [round 1 · 8192 climbs live · 1150842851 decrypts]    582s   2.0M/s ETA 918.6 min
  [round 2 · 8192 climbs live · 1151834083 decrypts]    582s   2.0M/s ETA 918.0 min
  [round 3 · 8180 climbs live · 1152587747 decrypts]    583s   2.0M/s ETA 917.6 min
  [round 4 · 7761 climbs live · 1153135807 decrypts]    583s   2.0M/s ETA 917.3 min
  [round 5 · 6029 climbs live · 1153492813 decrypts]    583s   2.0M/s ETA 917.1 min
  [round 6 · 0 climbs live · 1153667654 decrypts]    583s   2.0M/s ETA 917.1 min
  [chunk 282/20025 · 8192 4-plug climbs]
  [round 1 · 8192 climbs live · 1154929222 decrypts]    584s   2.0M/s ETA 918.7 min
  [round 2 · 8191 climbs live · 1155920454 decrypts]    585s   2.0M/s ETA 918.1 min
  [round 3 · 8168 climbs live · 1156674026 decrypts]    585s   2.0M/s ETA 917.7 min
  [round 4 · 7827 climbs live · 1157221282 decrypts]    585s   2.0M/s ETA 917.4 min
  [round 5 · 6180 climbs live · 1157581324 decrypts]    585s   2.0M/s ETA 917.2 min
  [round 6 · 0 climbs live · 1157760544 decrypts]    585s   2.0M/s ETA 917.1 min
  [chunk 283/20025 · 8192 4-plug climbs]
  [round 1 · 8192 climbs live · 1159022112 decrypts]    587s   2.0M/s ETA 918.8 min
  [round 2 · 8192 climbs live · 1160013344 decrypts]    587s   2.0M/s ETA 918.2 min
  [round 3 · 8184 climbs live · 1160767008 decrypts]    587s   2.0M/s ETA 917.9 min
  [round 4 · 8009 climbs live · 1161315336 decrypts]    587s   2.0M/s ETA 917.6 min
  [round 5 · 6676 climbs live · 1161683750 decrypts]    587s   2.0M/s ETA 917.4 min
  [round 6 · 0 climbs live · 1161877354 decrypts]    587s   2.0M/s ETA 917.3 min
  [chunk 284/20025 · 8192 4-plug climbs]
  [round 1 · 8192 climbs live · 1163138922 decrypts]    589s   2.0M/s ETA 918.8 min
  [round 2 · 8192 climbs live · 1164130154 decrypts]    589s   2.0M/s ETA 918.3 min
  [round 3 · 8186 climbs live · 1164883818 decrypts]    589s   2.0M/s ETA 917.8 min
  [round 4 · 8061 climbs live · 1165432280 decrypts]    589s   2.0M/s ETA 917.6 min
  [round 5 · 6919 climbs live · 1165803086 decrypts]    589s   2.0M/s ETA 917.4 min
  [round 6 · 0 climbs live · 1166003737 decrypts]    589s   2.0M/s ETA 917.3 min
  [chunk 285/20025 · 8192 4-plug climbs]
  [round 1 · 8192 climbs live · 1167265305 decrypts]    591s   2.0M/s ETA 918.7 min
  [round 2 · 8192 climbs live · 1168256537 decrypts]    591s   2.0M/s ETA 918.1 min
  [round 3 · 8183 climbs live · 1169010201 decrypts]    591s   2.0M/s ETA 917.7 min
  [round 4 · 8016 climbs live · 1169558462 decrypts]    591s   2.0M/s ETA 917.4 min
  [round 5 · 6653 climbs live · 1169927198 decrypts]    591s   2.0M/s ETA 917.2 min
  [round 6 · 0 climbs live · 1170120135 decrypts]    591s   2.0M/s ETA 917.1 min
  [chunk 286/20025 · 8192 4-plug climbs]
  [round 1 · 8192 climbs live · 1171381703 decrypts]    593s   2.0M/s ETA 918.6 min
  [round 2 · 8192 climbs live · 1172372935 decrypts]    593s   2.0M/s ETA 918.1 min
  [round 3 · 8186 climbs live · 1173126599 decrypts]    593s   2.0M/s ETA 917.7 min
  [round 4 · 8023 climbs live · 1173675061 decrypts]    593s   2.0M/s ETA 917.4 min
  [round 5 · 6788 climbs live · 1174044119 decrypts]    593s   2.0M/s ETA 917.2 min
  [round 6 · 0 climbs live · 1174240971 decrypts]    593s   2.0M/s ETA 917.1 min
  [chunk 287/20025 · 8192 4-plug climbs]
  [round 1 · 8192 climbs live · 1175502539 decrypts]    595s   2.0M/s ETA 918.6 min
  [round 2 · 8192 climbs live · 1176493771 decrypts]    595s   2.0M/s ETA 918.1 min
  [round 3 · 8187 climbs live · 1177247435 decrypts]    595s   2.0M/s ETA 917.7 min
  [round 4 · 7998 climbs live · 1177795964 decrypts]    595s   2.0M/s ETA 917.4 min
  [round 5 · 6748 climbs live · 1178163872 decrypts]    595s   2.0M/s ETA 917.2 min
  [round 6 · 0 climbs live · 1178359564 decrypts]    595s   2.0M/s ETA 917.1 min
  [chunk 288/20025 · 8192 4-plug climbs]
  [round 1 · 8192 climbs live · 1179621132 decrypts]    597s   2.0M/s ETA 918.5 min
  [round 2 · 8192 climbs live · 1180612364 decrypts]    597s   2.0M/s ETA 918.0 min
  [round 3 · 8174 climbs live · 1181366028 decrypts]    597s   2.0M/s ETA 917.6 min
  [round 4 · 7895 climbs live · 1181913686 decrypts]    597s   2.0M/s ETA 917.3 min
  [round 5 · 6367 climbs live · 1182276856 decrypts]    597s   2.0M/s ETA 917.1 min
  [round 6 · 0 climbs live · 1182461499 decrypts]    598s   2.0M/s ETA 917.1 min
  [chunk 289/20025 · 8192 4-plug climbs]
  [round 1 · 8192 climbs live · 1183723067 decrypts]    599s   2.0M/s ETA 918.5 min
  [round 2 · 8192 climbs live · 1184714299 decrypts]    599s   2.0M/s ETA 918.0 min
  [round 3 · 8183 climbs live · 1185467963 decrypts]    599s   2.0M/s ETA 917.6 min
  [round 4 · 7908 climbs live · 1186016224 decrypts]    600s   2.0M/s ETA 917.3 min
  [round 5 · 6453 climbs live · 1186379992 decrypts]    600s   2.0M/s ETA 917.1 min
  [round 6 · 0 climbs live · 1186567129 decrypts]    600s   2.0M/s ETA 917.0 min
  [chunk 290/20025 · 8192 4-plug climbs]
  [round 1 · 8192 climbs live · 1187828697 decrypts]    601s   2.0M/s ETA 918.5 min
  [round 2 · 8192 climbs live · 1188819929 decrypts]    601s   2.0M/s ETA 918.0 min
  [round 3 · 8185 climbs live · 1189573593 decrypts]    602s   2.0M/s ETA 917.6 min
  [round 4 · 7961 climbs live · 1190121988 decrypts]    602s   2.0M/s ETA 917.3 min
  [round 5 · 6538 climbs live · 1190488194 decrypts]    602s   2.0M/s ETA 917.1 min
  [round 6 · 0 climbs live · 1190677796 decrypts]    602s   2.0M/s ETA 917.0 min
  [chunk 291/20025 · 8192 4-plug climbs]
  [round 1 · 8192 climbs live · 1191939364 decrypts]    603s   2.0M/s ETA 918.5 min
  [round 2 · 8192 climbs live · 1192930596 decrypts]    603s   2.0M/s ETA 918.0 min
  [round 3 · 8179 climbs live · 1193684260 decrypts]    604s   2.0M/s ETA 917.6 min
  [round 4 · 7958 climbs live · 1194232253 decrypts]    604s   2.0M/s ETA 917.3 min
  [round 5 · 6579 climbs live · 1194598321 decrypts]    604s   2.0M/s ETA 917.2 min
  [round 6 · 0 climbs live · 1194789112 decrypts]    604s   2.0M/s ETA 917.1 min
  [chunk 292/20025 · 8192 4-plug climbs]
  [round 1 · 8192 climbs live · 1196050680 decrypts]    605s   2.0M/s ETA 918.5 min
  [round 2 · 8192 climbs live · 1197041912 decrypts]    606s   2.0M/s ETA 918.0 min
  [round 3 · 8186 climbs live · 1197795576 decrypts]    606s   2.0M/s ETA 917.6 min
  [round 4 · 8072 climbs live · 1198344038 decrypts]    606s   2.0M/s ETA 917.3 min
  [round 5 · 6708 climbs live · 1198715350 decrypts]    606s   2.0M/s ETA 917.1 min
  [round 6 · 0 climbs live · 1198909882 decrypts]    606s   2.0M/s ETA 917.0 min
  [chunk 293/20025 · 8192 4-plug climbs]
  [round 1 · 8192 climbs live · 1200171450 decrypts]    607s   2.0M/s ETA 918.5 min
  [round 2 · 8192 climbs live · 1201162682 decrypts]    608s   2.0M/s ETA 917.9 min
  [round 3 · 8189 climbs live · 1201916346 decrypts]    608s   2.0M/s ETA 917.6 min
  [round 4 · 8023 climbs live · 1202465009 decrypts]    608s   2.0M/s ETA 917.3 min
  [round 5 · 6674 climbs live · 1202834067 decrypts]    608s   2.0M/s ETA 917.1 min
  [round 6 · 0 climbs live · 1203027613 decrypts]    608s   2.0M/s ETA 917.0 min
  [chunk 294/20025 · 8192 4-plug climbs]
  [round 1 · 8192 climbs live · 1204289181 decrypts]    610s   2.0M/s ETA 918.5 min
  [round 2 · 8192 climbs live · 1205280413 decrypts]    610s   2.0M/s ETA 917.9 min
  [round 3 · 8186 climbs live · 1206034077 decrypts]    610s   2.0M/s ETA 917.5 min
  [round 4 · 8038 climbs live · 1206582539 decrypts]    610s   2.0M/s ETA 917.3 min
  [round 5 · 6869 climbs live · 1206952287 decrypts]    610s   2.0M/s ETA 917.1 min
  [round 6 · 0 climbs live · 1207151488 decrypts]    610s   2.0M/s ETA 917.0 min
  [chunk 295/20025 · 8192 4-plug climbs]
  [round 1 · 8192 climbs live · 1208413056 decrypts]    612s   2.0M/s ETA 918.5 min
  [round 2 · 8192 climbs live · 1209404288 decrypts]    612s   2.0M/s ETA 918.0 min
  [round 3 · 8189 climbs live · 1210157952 decrypts]    612s   2.0M/s ETA 917.6 min
  [round 4 · 8040 climbs live · 1210706615 decrypts]    612s   2.0M/s ETA 917.3 min
  [round 5 · 6775 climbs live · 1211076455 decrypts]    612s   2.0M/s ETA 917.1 min
  [round 6 · 0 climbs live · 1211272930 decrypts]    612s   2.0M/s ETA 917.0 min
  [chunk 296/20025 · 8192 4-plug climbs]
  [round 1 · 8192 climbs live · 1212534498 decrypts]    614s   2.0M/s ETA 918.5 min
  [round 2 · 8192 climbs live · 1213525730 decrypts]    614s   2.0M/s ETA 917.9 min
  [round 3 · 8188 climbs live · 1214279394 decrypts]    614s   2.0M/s ETA 917.6 min
  [round 4 · 8012 climbs live · 1214827990 decrypts]    614s   2.0M/s ETA 917.3 min
  [round 5 · 6673 climbs live · 1215196542 decrypts]    614s   2.0M/s ETA 917.1 min
  [round 6 · 0 climbs live · 1215390059 decrypts]    614s   2.0M/s ETA 917.0 min
  [chunk 297/20025 · 8192 4-plug climbs]
  [round 1 · 8192 climbs live · 1216651627 decrypts]    616s   2.0M/s ETA 918.3 min
  [round 2 · 8192 climbs live · 1217642859 decrypts]    616s   2.0M/s ETA 917.8 min
  [round 3 · 8189 climbs live · 1218396523 decrypts]    616s   2.0M/s ETA 917.4 min
  [round 4 · 8014 climbs live · 1218945186 decrypts]    616s   2.0M/s ETA 917.2 min
  [round 5 · 6636 climbs live · 1219313830 decrypts]    616s   2.0M/s ETA 917.0 min
  [round 6 · 0 climbs live · 1219506274 decrypts]    616s   2.0M/s ETA 916.9 min
  [chunk 298/20025 · 8192 4-plug climbs]
  [round 1 · 8192 climbs live · 1220767842 decrypts]    618s   2.0M/s ETA 918.2 min
  [round 2 · 8192 climbs live · 1221759074 decrypts]    618s   2.0M/s ETA 917.7 min
  [round 3 · 8190 climbs live · 1222512738 decrypts]    618s   2.0M/s ETA 917.3 min
  [round 4 · 8017 climbs live · 1223061468 decrypts]    618s   2.0M/s ETA 917.0 min
  [round 5 · 6650 climbs live · 1223430250 decrypts]    618s   2.0M/s ETA 916.9 min
  [round 6 · 0 climbs live · 1223623100 decrypts]    618s   2.0M/s ETA 916.8 min
  [chunk 299/20025 · 8192 4-plug climbs]
  [round 1 · 8192 climbs live · 1224884668 decrypts]    620s   2.0M/s ETA 918.1 min
  [round 2 · 8192 climbs live · 1225875900 decrypts]    620s   2.0M/s ETA 917.6 min
  [round 3 · 8188 climbs live · 1226629564 decrypts]    620s   2.0M/s ETA 917.2 min
  [round 4 · 8044 climbs live · 1227178160 decrypts]    620s   2.0M/s ETA 916.9 min
  [round 5 · 6643 climbs live · 1227548184 decrypts]    620s   2.0M/s ETA 916.7 min
  [round 6 · 0 climbs live · 1227740831 decrypts]    620s   2.0M/s ETA 916.6 min
  [chunk 300/20025 · 8192 4-plug climbs]
  [round 1 · 8192 climbs live · 1229002399 decrypts]    622s   2.0M/s ETA 917.9 min
  [round 2 · 8192 climbs live · 1229993631 decrypts]    622s   2.0M/s ETA 917.4 min
  [round 3 · 8186 climbs live · 1230747295 decrypts]    622s   2.0M/s ETA 917.0 min
  [round 4 · 8051 climbs live · 1231295757 decrypts]    622s   2.0M/s ETA 916.8 min
  [round 5 · 6872 climbs live · 1231666103 decrypts]    622s   2.0M/s ETA 916.6 min
  [round 6 · 0 climbs live · 1231865391 decrypts]    622s   2.0M/s ETA 916.5 min
  [chunk 301/20025 · 8192 4-plug climbs]
  [round 1 · 8192 climbs live · 1233126959 decrypts]    624s   2.0M/s ETA 917.7 min
  [round 2 · 8192 climbs live · 1234118191 decrypts]    624s   2.0M/s ETA 917.2 min
  [round 3 · 8192 climbs live · 1234871855 decrypts]    624s   2.0M/s ETA 916.9 min
  [round 4 · 8069 climbs live · 1235420719 decrypts]    624s   2.0M/s ETA 916.6 min
  [round 5 · 6851 climbs live · 1235791893 decrypts]    624s   2.0M/s ETA 916.4 min
  [round 6 · 0 climbs live · 1235990572 decrypts]    624s   2.0M/s ETA 916.3 min
  [chunk 302/20025 · 8192 4-plug climbs]
  [round 1 · 8192 climbs live · 1237252140 decrypts]    626s   2.0M/s ETA 917.6 min
  [round 2 · 8192 climbs live · 1238243372 decrypts]    626s   2.0M/s ETA 917.1 min
  [round 3 · 8180 climbs live · 1238997036 decrypts]    626s   2.0M/s ETA 916.7 min
  [round 4 · 7892 climbs live · 1239545096 decrypts]    626s   2.0M/s ETA 916.4 min
  [round 5 · 6384 climbs live · 1239908128 decrypts]    626s   2.0M/s ETA 916.2 min
  [round 6 · 0 climbs live · 1240093264 decrypts]    626s   2.0M/s ETA 916.2 min
  [chunk 303/20025 · 8192 4-plug climbs]
  [round 1 · 8192 climbs live · 1241354832 decrypts]    628s   2.0M/s ETA 917.5 min
  [round 2 · 8192 climbs live · 1242346064 decrypts]    628s   2.0M/s ETA 917.0 min
  [round 3 · 8184 climbs live · 1243099728 decrypts]    628s   2.0M/s ETA 916.6 min
  [round 4 · 7928 climbs live · 1243648056 decrypts]    628s   2.0M/s ETA 916.3 min
  [round 5 · 6532 climbs live · 1244012744 decrypts]    628s   2.0M/s ETA 916.1 min
  [round 6 · 0 climbs live · 1244202172 decrypts]    628s   2.0M/s ETA 916.1 min
  [chunk 304/20025 · 8192 4-plug climbs]
  [round 1 · 8192 climbs live · 1245463740 decrypts]    630s   2.0M/s ETA 917.4 min
  [round 2 · 8192 climbs live · 1246454972 decrypts]    630s   2.0M/s ETA 916.9 min
  [round 3 · 8191 climbs live · 1247208636 decrypts]    630s   2.0M/s ETA 916.5 min
  [round 4 · 7961 climbs live · 1247757433 decrypts]    630s   2.0M/s ETA 916.2 min
  [round 5 · 6523 climbs live · 1248123639 decrypts]    630s   2.0M/s ETA 916.0 min
  [round 6 · 0 climbs live · 1248312806 decrypts]    630s   2.0M/s ETA 916.0 min
  [chunk 305/20025 · 8192 4-plug climbs]
  [round 1 · 8192 climbs live · 1249574374 decrypts]    632s   2.0M/s ETA 917.3 min
  [round 2 · 8192 climbs live · 1250565606 decrypts]    632s   2.0M/s ETA 916.8 min
  [round 3 · 8190 climbs live · 1251319270 decrypts]    632s   2.0M/s ETA 916.4 min
  [round 4 · 8025 climbs live · 1251868000 decrypts]    632s   2.0M/s ETA 916.1 min
  [round 5 · 6832 climbs live · 1252237150 decrypts]    632s   2.0M/s ETA 916.0 min
  [round 6 · 0 climbs live · 1252435278 decrypts]    632s   2.0M/s ETA 915.9 min
  [chunk 306/20025 · 8192 4-plug climbs]
  [round 1 · 8192 climbs live · 1253696846 decrypts]    634s   2.0M/s ETA 917.1 min
  [round 2 · 8192 climbs live · 1254688078 decrypts]    634s   2.0M/s ETA 916.6 min
  [round 3 · 8188 climbs live · 1255441742 decrypts]    634s   2.0M/s ETA 916.2 min
  [round 4 · 7992 climbs live · 1255990338 decrypts]    634s   2.0M/s ETA 916.0 min
  [round 5 · 6646 climbs live · 1256357970 decrypts]    634s   2.0M/s ETA 915.8 min
  [round 6 · 0 climbs live · 1256550704 decrypts]    634s   2.0M/s ETA 915.7 min
  [chunk 307/20025 · 8192 4-plug climbs]
  [round 1 · 8192 climbs live · 1257812272 decrypts]    636s   2.0M/s ETA 917.0 min
  [round 2 · 8192 climbs live · 1258803504 decrypts]    636s   2.0M/s ETA 916.5 min
  [round 3 · 8189 climbs live · 1259557168 decrypts]    636s   2.0M/s ETA 916.1 min
  [round 4 · 7980 climbs live · 1260105831 decrypts]    636s   2.0M/s ETA 915.9 min
  [round 5 · 6661 climbs live · 1260472911 decrypts]    636s   2.0M/s ETA 915.7 min
  [round 6 · 0 climbs live · 1260666080 decrypts]    636s   2.0M/s ETA 915.6 min
  [chunk 308/20025 · 8192 4-plug climbs]
  [round 1 · 8192 climbs live · 1261927648 decrypts]    638s   2.0M/s ETA 917.0 min
  [round 2 · 8191 climbs live · 1262918880 decrypts]    638s   2.0M/s ETA 916.5 min
  [round 3 · 8168 climbs live · 1263672452 decrypts]    638s   2.0M/s ETA 916.1 min
  [round 4 · 7930 climbs live · 1264219708 decrypts]    638s   2.0M/s ETA 915.8 min
  [round 5 · 6529 climbs live · 1264584488 decrypts]    639s   2.0M/s ETA 915.7 min
  [round 6 · 0 climbs live · 1264773829 decrypts]    639s   2.0M/s ETA 915.6 min
  [chunk 309/20025 · 8192 4-plug climbs]
  [round 1 · 8192 climbs live · 1266035397 decrypts]    640s   2.0M/s ETA 916.9 min
  [round 2 · 8192 climbs live · 1267026629 decrypts]    640s   2.0M/s ETA 916.4 min
  [round 3 · 8180 climbs live · 1267780293 decrypts]    640s   2.0M/s ETA 916.0 min
  [round 4 · 7939 climbs live · 1268328353 decrypts]    641s   2.0M/s ETA 915.8 min
  [round 5 · 6617 climbs live · 1268693547 decrypts]    641s   2.0M/s ETA 915.6 min
  [round 6 · 0 climbs live · 1268885440 decrypts]    641s   2.0M/s ETA 915.5 min
  [chunk 310/20025 · 8192 4-plug climbs]
  [round 1 · 8192 climbs live · 1270147008 decrypts]    642s   2.0M/s ETA 916.8 min
  [round 2 · 8192 climbs live · 1271138240 decrypts]    642s   2.0M/s ETA 916.3 min
  [round 3 · 8179 climbs live · 1271891904 decrypts]    642s   2.0M/s ETA 916.0 min
  [round 4 · 7947 climbs live · 1272439897 decrypts]    643s   2.0M/s ETA 915.7 min
  [round 5 · 6627 climbs live · 1272805459 decrypts]    643s   2.0M/s ETA 915.5 min
  [round 6 · 0 climbs live · 1272997642 decrypts]    643s   2.0M/s ETA 915.4 min
  [chunk 311/20025 · 8192 4-plug climbs]
  [round 1 · 8192 climbs live · 1274259210 decrypts]    644s   2.0M/s ETA 916.8 min
  [round 2 · 8192 climbs live · 1275250442 decrypts]    644s   2.0M/s ETA 916.3 min
  [round 3 · 8187 climbs live · 1276004106 decrypts]    645s   2.0M/s ETA 915.9 min
  [round 4 · 8007 climbs live · 1276552635 decrypts]    645s   2.0M/s ETA 915.7 min
  [round 5 · 6804 climbs live · 1276920957 decrypts]    645s   2.0M/s ETA 915.5 min
  [round 6 · 0 climbs live · 1277118273 decrypts]    645s   2.0M/s ETA 915.4 min
  [chunk 312/20025 · 8192 4-plug climbs]
  [round 1 · 8192 climbs live · 1278379841 decrypts]    646s   2.0M/s ETA 916.8 min
  [round 2 · 8192 climbs live · 1279371073 decrypts]    647s   2.0M/s ETA 916.3 min
  [round 3 · 8186 climbs live · 1280124737 decrypts]    647s   2.0M/s ETA 915.9 min
  [round 4 · 7938 climbs live · 1280673199 decrypts]    647s   2.0M/s ETA 915.7 min
  [round 5 · 6417 climbs live · 1281038347 decrypts]    647s   2.0M/s ETA 915.5 min
  [round 6 · 0 climbs live · 1281224440 decrypts]    647s   2.0M/s ETA 915.4 min
  [chunk 313/20025 · 8192 4-plug climbs]
  [round 1 · 8192 climbs live · 1282486008 decrypts]    648s   2.0M/s ETA 916.7 min
  [round 2 · 8192 climbs live · 1283477240 decrypts]    649s   2.0M/s ETA 916.2 min
  [round 3 · 8182 climbs live · 1284230904 decrypts]    649s   2.0M/s ETA 915.8 min
  [round 4 · 7915 climbs live · 1284779098 decrypts]    649s   2.0M/s ETA 915.6 min
  [round 5 · 6419 climbs live · 1285143188 decrypts]    649s   2.0M/s ETA 915.4 min
  [round 6 · 0 climbs live · 1285329339 decrypts]    649s   2.0M/s ETA 915.3 min
  [chunk 314/20025 · 8192 4-plug climbs]
  [round 1 · 8192 climbs live · 1286590907 decrypts]    650s   2.0M/s ETA 916.7 min
  [round 2 · 8191 climbs live · 1287582139 decrypts]    651s   2.0M/s ETA 916.2 min
  [round 3 · 8188 climbs live · 1288335711 decrypts]    651s   2.0M/s ETA 915.8 min
  [round 4 · 7989 climbs live · 1288884307 decrypts]    651s   2.0M/s ETA 915.6 min
  [round 5 · 6584 climbs live · 1289251801 decrypts]    651s   2.0M/s ETA 915.4 min
  [round 6 · 0 climbs live · 1289442737 decrypts]    651s   2.0M/s ETA 915.3 min
  [chunk 315/20025 · 8192 4-plug climbs]
  [round 1 · 8192 climbs live · 1290704305 decrypts]    653s   2.0M/s ETA 916.6 min
  [round 2 · 8191 climbs live · 1291695537 decrypts]    653s   2.0M/s ETA 916.1 min
  [round 3 · 8183 climbs live · 1292449109 decrypts]    653s   2.0M/s ETA 915.8 min
  [round 4 · 7915 climbs live · 1292997370 decrypts]    653s   2.0M/s ETA 915.5 min
  [round 5 · 6422 climbs live · 1293361460 decrypts]    653s   2.0M/s ETA 915.4 min
  [round 6 · 0 climbs live · 1293547698 decrypts]    653s   2.0M/s ETA 915.3 min
  [chunk 316/20025 · 8192 4-plug climbs]
  [round 1 · 8192 climbs live · 1294809266 decrypts]    655s   2.0M/s ETA 916.6 min
  [round 2 · 8192 climbs live · 1295800498 decrypts]    655s   2.0M/s ETA 916.1 min
  [round 3 · 8175 climbs live · 1296554162 decrypts]    655s   2.0M/s ETA 915.7 min
  [round 4 · 7928 climbs live · 1297101887 decrypts]    655s   2.0M/s ETA 915.4 min
  [round 5 · 6520 climbs live · 1297466575 decrypts]    655s   2.0M/s ETA 915.3 min
  [round 6 · 0 climbs live · 1297655655 decrypts]    655s   2.0M/s ETA 915.2 min
  [chunk 317/20025 · 8192 4-plug climbs]
  [round 1 · 8192 climbs live · 1298917223 decrypts]    657s   2.0M/s ETA 916.5 min
  [round 2 · 8192 climbs live · 1299908455 decrypts]    657s   2.0M/s ETA 916.0 min
  [round 3 · 8178 climbs live · 1300662119 decrypts]    657s   2.0M/s ETA 915.7 min
  [round 4 · 7883 climbs live · 1301210045 decrypts]    657s   2.0M/s ETA 915.4 min
  [round 5 · 6335 climbs live · 1301572663 decrypts]    657s   2.0M/s ETA 915.3 min
  [round 6 · 0 climbs live · 1301756378 decrypts]    657s   2.0M/s ETA 915.2 min
  [chunk 318/20025 · 8192 4-plug climbs]
  [round 1 · 8192 climbs live · 1303017946 decrypts]    659s   2.0M/s ETA 916.6 min
  [round 2 · 8192 climbs live · 1304009178 decrypts]    659s   2.0M/s ETA 916.1 min
  [round 3 · 8186 climbs live · 1304762842 decrypts]    659s   2.0M/s ETA 915.7 min
  [round 4 · 7934 climbs live · 1305311304 decrypts]    659s   2.0M/s ETA 915.5 min
  [round 5 · 6322 climbs live · 1305676268 decrypts]    659s   2.0M/s ETA 915.3 min
  [round 6 · 0 climbs live · 1305859606 decrypts]    659s   2.0M/s ETA 915.2 min
  [chunk 319/20025 · 8192 4-plug climbs]
  [round 1 · 8192 climbs live · 1307121174 decrypts]    661s   2.0M/s ETA 916.6 min
  [round 2 · 8192 climbs live · 1308112406 decrypts]    661s   2.0M/s ETA 916.1 min
  [round 3 · 8188 climbs live · 1308866070 decrypts]    661s   2.0M/s ETA 915.8 min
  [round 4 · 7996 climbs live · 1309414666 decrypts]    661s   2.0M/s ETA 915.5 min
  [round 5 · 6590 climbs live · 1309782482 decrypts]    661s   2.0M/s ETA 915.3 min
  [round 6 · 0 climbs live · 1309973592 decrypts]    661s   2.0M/s ETA 915.3 min
  [chunk 320/20025 · 8192 4-plug climbs]
  [round 1 · 8192 climbs live · 1311235160 decrypts]    663s   2.0M/s ETA 916.6 min
  [round 2 · 8192 climbs live · 1312226392 decrypts]    663s   2.0M/s ETA 916.2 min
  [round 3 · 8180 climbs live · 1312980056 decrypts]    663s   2.0M/s ETA 915.8 min
  [round 4 · 7802 climbs live · 1313528116 decrypts]    663s   2.0M/s ETA 915.6 min
  [round 5 · 6120 climbs live · 1313887008 decrypts]    664s   2.0M/s ETA 915.4 min
  [round 6 · 0 climbs live · 1314064488 decrypts]    664s   2.0M/s ETA 915.3 min
  [chunk 321/20025 · 8192 4-plug climbs]
  [round 1 · 8192 climbs live · 1315326056 decrypts]    665s   2.0M/s ETA 916.8 min
  [round 2 · 8191 climbs live · 1316317288 decrypts]    665s   2.0M/s ETA 916.3 min
  [round 3 · 8179 climbs live · 1317070860 decrypts]    666s   2.0M/s ETA 915.9 min
  [round 4 · 7865 climbs live · 1317618853 decrypts]    666s   2.0M/s ETA 915.7 min
  [round 5 · 6314 climbs live · 1317980643 decrypts]    666s   2.0M/s ETA 915.5 min
  [round 6 · 0 climbs live · 1318163749 decrypts]    666s   2.0M/s ETA 915.4 min
  [chunk 322/20025 · 8192 4-plug climbs]
  [round 1 · 8192 climbs live · 1319425317 decrypts]    667s   2.0M/s ETA 916.7 min
  [round 2 · 8192 climbs live · 1320416549 decrypts]    668s   2.0M/s ETA 916.3 min
  [round 3 · 8187 climbs live · 1321170213 decrypts]    668s   2.0M/s ETA 915.9 min
  [round 4 · 7963 climbs live · 1321718742 decrypts]    668s   2.0M/s ETA 915.7 min
  [round 5 · 6505 climbs live · 1322085040 decrypts]    668s   2.0M/s ETA 915.5 min
  [round 6 · 0 climbs live · 1322273685 decrypts]    668s   2.0M/s ETA 915.4 min
  [chunk 323/20025 · 8192 4-plug climbs]
  [round 1 · 8192 climbs live · 1323535253 decrypts]    669s   2.0M/s ETA 916.7 min
  [round 2 · 8192 climbs live · 1324526485 decrypts]    670s   2.0M/s ETA 916.2 min
  [round 3 · 8188 climbs live · 1325280149 decrypts]    670s   2.0M/s ETA 915.9 min
  [round 4 · 8013 climbs live · 1325828745 decrypts]    670s   2.0M/s ETA 915.6 min
  [round 5 · 6710 climbs live · 1326197343 decrypts]    670s   2.0M/s ETA 915.4 min
  [round 6 · 0 climbs live · 1326391933 decrypts]    670s   2.0M/s ETA 915.4 min
  [chunk 324/20025 · 8192 4-plug climbs]
  [round 1 · 8192 climbs live · 1327653501 decrypts]    671s   2.0M/s ETA 916.6 min
  [round 2 · 8192 climbs live · 1328644733 decrypts]    672s   2.0M/s ETA 916.2 min
  [round 3 · 8187 climbs live · 1329398397 decrypts]    672s   2.0M/s ETA 915.8 min
  [round 4 · 8036 climbs live · 1329946926 decrypts]    672s   2.0M/s ETA 915.6 min
  [round 5 · 6860 climbs live · 1330316582 decrypts]    672s   2.0M/s ETA 915.4 min
  [round 6 · 0 climbs live · 1330515522 decrypts]    672s   2.0M/s ETA 915.3 min
  [chunk 325/20025 · 8192 4-plug climbs]
  [round 1 · 8192 climbs live · 1331777090 decrypts]    673s   2.0M/s ETA 916.5 min
  [round 2 · 8192 climbs live · 1332768322 decrypts]    674s   2.0M/s ETA 916.0 min
  [round 3 · 8191 climbs live · 1333521986 decrypts]    674s   2.0M/s ETA 915.6 min
  [round 4 · 8097 climbs live · 1334070783 decrypts]    674s   2.0M/s ETA 915.4 min
  [round 5 · 7091 climbs live · 1334443245 decrypts]    674s   2.0M/s ETA 915.2 min
  [round 6 · 0 climbs live · 1334648884 decrypts]    674s   2.0M/s ETA 915.1 min
  [chunk 326/20025 · 8192 4-plug climbs]
  [round 1 · 8192 climbs live · 1335910452 decrypts]    675s   2.0M/s ETA 916.3 min
  [round 2 · 8192 climbs live · 1336901684 decrypts]    676s   2.0M/s ETA 915.8 min
  [round 3 · 8184 climbs live · 1337655348 decrypts]    676s   2.0M/s ETA 915.5 min
  [round 4 · 8004 climbs live · 1338203676 decrypts]    676s   2.0M/s ETA 915.2 min
  [round 5 · 6580 climbs live · 1338571860 decrypts]    676s   2.0M/s ETA 915.0 min
  [round 6 · 0 climbs live · 1338762680 decrypts]    676s   2.0M/s ETA 915.0 min
  [chunk 327/20025 · 8192 4-plug climbs]
  [round 1 · 8192 climbs live · 1340024248 decrypts]    677s   2.0M/s ETA 916.2 min
  [round 2 · 8192 climbs live · 1341015480 decrypts]    678s   2.0M/s ETA 915.7 min
  [round 3 · 8189 climbs live · 1341769144 decrypts]    678s   2.0M/s ETA 915.4 min
  [round 4 · 8036 climbs live · 1342317807 decrypts]    678s   2.0M/s ETA 915.1 min
  [round 5 · 6738 climbs live · 1342687463 decrypts]    678s   2.0M/s ETA 915.0 min
  [round 6 · 0 climbs live · 1342882865 decrypts]    678s   2.0M/s ETA 914.9 min
  [chunk 328/20025 · 8192 4-plug climbs]
  [round 1 · 8192 climbs live · 1344144433 decrypts]    680s   2.0M/s ETA 916.2 min
  [round 2 · 8192 climbs live · 1345135665 decrypts]    680s   2.0M/s ETA 915.7 min
  [round 3 · 8192 climbs live · 1345889329 decrypts]    680s   2.0M/s ETA 915.4 min
  [round 4 · 8059 climbs live · 1346438193 decrypts]    680s   2.0M/s ETA 915.1 min
  [round 5 · 6832 climbs live · 1346808907 decrypts]    680s   2.0M/s ETA 915.0 min
  [round 6 · 0 climbs live · 1347007035 decrypts]    680s   2.0M/s ETA 914.9 min
  [chunk 329/20025 · 8192 4-plug climbs]
  [round 1 · 8192 climbs live · 1348268603 decrypts]    682s   2.0M/s ETA 916.2 min
  [round 2 · 8192 climbs live · 1349259835 decrypts]    682s   2.0M/s ETA 915.7 min
  [round 3 · 8191 climbs live · 1350013499 decrypts]    682s   2.0M/s ETA 915.3 min
  [round 4 · 8068 climbs live · 1350562296 decrypts]    682s   2.0M/s ETA 915.1 min
  [round 5 · 6853 climbs live · 1350933424 decrypts]    682s   2.0M/s ETA 914.9 min
  [round 6 · 0 climbs live · 1351132161 decrypts]    682s   2.0M/s ETA 914.8 min
  [chunk 330/20025 · 8192 4-plug climbs]
  [round 1 · 8192 climbs live · 1352393729 decrypts]    684s   2.0M/s ETA 916.2 min
  [round 2 · 8192 climbs live · 1353384961 decrypts]    684s   2.0M/s ETA 915.7 min
  [round 3 · 8187 climbs live · 1354138625 decrypts]    684s   2.0M/s ETA 915.4 min
  [round 4 · 7984 climbs live · 1354687154 decrypts]    684s   2.0M/s ETA 915.1 min
  [round 5 · 6647 climbs live · 1355054418 decrypts]    684s   2.0M/s ETA 914.9 min
  [round 6 · 0 climbs live · 1355247181 decrypts]    684s   2.0M/s ETA 914.9 min
  [chunk 331/20025 · 8192 4-plug climbs]
  [round 1 · 8192 climbs live · 1356508749 decrypts]    686s   2.0M/s ETA 916.3 min
  [round 2 · 8192 climbs live · 1357499981 decrypts]    686s   2.0M/s ETA 915.8 min
  [round 3 · 8186 climbs live · 1358253645 decrypts]    686s   2.0M/s ETA 915.4 min
  [round 4 · 7982 climbs live · 1358802107 decrypts]    686s   2.0M/s ETA 915.2 min
  [round 5 · 6625 climbs live · 1359169279 decrypts]    686s   2.0M/s ETA 915.0 min
  [round 6 · 0 climbs live · 1359361404 decrypts]    686s   2.0M/s ETA 915.0 min
  [chunk 332/20025 · 8192 4-plug climbs]
  [round 1 · 8192 climbs live · 1360622972 decrypts]    688s   2.0M/s ETA 916.2 min
  [round 2 · 8192 climbs live · 1361614204 decrypts]    688s   2.0M/s ETA 915.8 min
  [round 3 · 8186 climbs live · 1362367868 decrypts]    688s   2.0M/s ETA 915.4 min
  [round 4 · 7892 climbs live · 1362916330 decrypts]    688s   2.0M/s ETA 915.2 min
  [round 5 · 6316 climbs live · 1363279362 decrypts]    689s   2.0M/s ETA 915.0 min
  [round 6 · 0 climbs live · 1363462526 decrypts]    689s   2.0M/s ETA 915.0 min
  [chunk 333/20025 · 8192 4-plug climbs]
  [round 1 · 8192 climbs live · 1364724094 decrypts]    690s   2.0M/s ETA 916.3 min
  [round 2 · 8192 climbs live · 1365715326 decrypts]    690s   2.0M/s ETA 915.9 min
  [round 3 · 8182 climbs live · 1366468990 decrypts]    691s   2.0M/s ETA 915.5 min
  [round 4 · 7950 climbs live · 1367017184 decrypts]    691s   2.0M/s ETA 915.3 min
  [round 5 · 6524 climbs live · 1367382884 decrypts]    691s   2.0M/s ETA 915.1 min
  [round 6 · 0 climbs live · 1367572080 decrypts]    691s   2.0M/s ETA 915.0 min
  [chunk 334/20025 · 8192 4-plug climbs]
  [round 1 · 8192 climbs live · 1368833648 decrypts]    692s   2.0M/s ETA 916.3 min
  [round 2 · 8192 climbs live · 1369824880 decrypts]    692s   2.0M/s ETA 915.8 min
  [round 3 · 8186 climbs live · 1370578544 decrypts]    693s   2.0M/s ETA 915.5 min
  [round 4 · 8007 climbs live · 1371127006 decrypts]    693s   2.0M/s ETA 915.3 min
  [round 5 · 6547 climbs live · 1371495328 decrypts]    693s   2.0M/s ETA 915.1 min
  [round 6 · 0 climbs live · 1371685191 decrypts]    693s   2.0M/s ETA 915.0 min
  [chunk 335/20025 · 8192 4-plug climbs]
  [round 1 · 8192 climbs live · 1372946759 decrypts]    694s   2.0M/s ETA 916.3 min
  [round 2 · 8192 climbs live · 1373937991 decrypts]    695s   2.0M/s ETA 915.8 min
  [round 3 · 8185 climbs live · 1374691655 decrypts]    695s   2.0M/s ETA 915.5 min
  [round 4 · 8021 climbs live · 1375240050 decrypts]    695s   2.0M/s ETA 915.2 min
  [round 5 · 6838 climbs live · 1375609016 decrypts]    695s   2.0M/s ETA 915.1 min
  [round 6 · 0 climbs live · 1375807318 decrypts]    695s   2.0M/s ETA 915.0 min
  [chunk 336/20025 · 8192 4-plug climbs]
  [round 1 · 8192 climbs live · 1377068886 decrypts]    696s   2.0M/s ETA 916.2 min
  [round 2 · 8192 climbs live · 1378060118 decrypts]    697s   2.0M/s ETA 915.7 min
  [round 3 · 8186 climbs live · 1378813782 decrypts]    697s   2.0M/s ETA 915.4 min
  [round 4 · 8015 climbs live · 1379362244 decrypts]    697s   2.0M/s ETA 915.1 min
  [round 5 · 6771 climbs live · 1379730934 decrypts]    697s   2.0M/s ETA 915.0 min
  [round 6 · 0 climbs live · 1379927293 decrypts]    697s   2.0M/s ETA 914.9 min
  [chunk 337/20025 · 8192 4-plug climbs]
  [round 1 · 8192 climbs live · 1381188861 decrypts]    698s   2.0M/s ETA 916.0 min
  [round 2 · 8192 climbs live · 1382180093 decrypts]    699s   2.0M/s ETA 915.6 min
  [round 3 · 8187 climbs live · 1382933757 decrypts]    699s   2.0M/s ETA 915.2 min
  [round 4 · 7969 climbs live · 1383482286 decrypts]    699s   2.0M/s ETA 915.0 min
  [round 5 · 6713 climbs live · 1383848860 decrypts]    699s   2.0M/s ETA 914.8 min
  [round 6 · 0 climbs live · 1384043537 decrypts]    699s   2.0M/s ETA 914.7 min
  [chunk 338/20025 · 8192 4-plug climbs]
  [round 1 · 8192 climbs live · 1385305105 decrypts]    700s   2.0M/s ETA 915.9 min
  [round 2 · 8192 climbs live · 1386296337 decrypts]    701s   2.0M/s ETA 915.5 min
  [round 3 · 8186 climbs live · 1387050001 decrypts]    701s   2.0M/s ETA 915.1 min
  [round 4 · 8029 climbs live · 1387598463 decrypts]    701s   2.0M/s ETA 914.9 min
  [round 5 · 6770 climbs live · 1387967797 decrypts]    701s   2.0M/s ETA 914.7 min
  [round 6 · 0 climbs live · 1388164127 decrypts]    701s   2.0M/s ETA 914.6 min
  [chunk 339/20025 · 8192 4-plug climbs]
  [round 1 · 8192 climbs live · 1389425695 decrypts]    702s   2.0M/s ETA 915.8 min
  [round 2 · 8192 climbs live · 1390416927 decrypts]    703s   2.0M/s ETA 915.3 min
  [round 3 · 8186 climbs live · 1391170591 decrypts]    703s   2.0M/s ETA 915.0 min
  [round 4 · 8038 climbs live · 1391719053 decrypts]    703s   2.0M/s ETA 914.8 min
  [round 5 · 6882 climbs live · 1392088801 decrypts]    703s   2.0M/s ETA 914.6 min
  [round 6 · 0 climbs live · 1392288379 decrypts]    703s   2.0M/s ETA 914.5 min
  [chunk 340/20025 · 8192 4-plug climbs]
  [round 1 · 8192 climbs live · 1393549947 decrypts]    704s   2.0M/s ETA 915.7 min
  [round 2 · 8192 climbs live · 1394541179 decrypts]    705s   2.0M/s ETA 915.2 min
  [round 3 · 8174 climbs live · 1395294843 decrypts]    705s   2.0M/s ETA 914.9 min
  [round 4 · 7880 climbs live · 1395842501 decrypts]    705s   2.0M/s ETA 914.6 min
  [round 5 · 6487 climbs live · 1396204981 decrypts]    705s   2.0M/s ETA 914.5 min
  [round 6 · 0 climbs live · 1396393104 decrypts]    705s   2.0M/s ETA 914.4 min
  [chunk 341/20025 · 8192 4-plug climbs]
  [round 1 · 8192 climbs live · 1397654672 decrypts]    707s   2.0M/s ETA 915.6 min
  [round 2 · 8192 climbs live · 1398645904 decrypts]    707s   2.0M/s ETA 915.1 min
  [round 3 · 8189 climbs live · 1399399568 decrypts]    707s   2.0M/s ETA 914.8 min
  [round 4 · 7963 climbs live · 1399948231 decrypts]    707s   2.0M/s ETA 914.6 min
  [round 5 · 6645 climbs live · 1400314529 decrypts]    707s   2.0M/s ETA 914.4 min
  [round 6 · 0 climbs live · 1400507234 decrypts]    707s   2.0M/s ETA 914.4 min
  [chunk 342/20025 · 8192 4-plug climbs]
  [round 1 · 8192 climbs live · 1401768802 decrypts]    709s   2.0M/s ETA 915.5 min
  [round 2 · 8192 climbs live · 1402760034 decrypts]    709s   2.0M/s ETA 915.1 min
  [round 3 · 8181 climbs live · 1403513698 decrypts]    709s   2.0M/s ETA 914.7 min
  [round 4 · 7903 climbs live · 1404061825 decrypts]    709s   2.0M/s ETA 914.5 min
  [round 5 · 6517 climbs live · 1404425363 decrypts]    709s   2.0M/s ETA 914.3 min
  [round 6 · 0 climbs live · 1404614356 decrypts]    709s   2.0M/s ETA 914.3 min
  [chunk 343/20025 · 8192 4-plug climbs]
  [round 1 · 8192 climbs live · 1405875924 decrypts]    711s   2.0M/s ETA 915.4 min
  [round 2 · 8192 climbs live · 1406867156 decrypts]    711s   2.0M/s ETA 915.0 min
  [round 3 · 8182 climbs live · 1407620820 decrypts]    711s   2.0M/s ETA 914.7 min
  [round 4 · 7879 climbs live · 1408169014 decrypts]    711s   2.0M/s ETA 914.4 min
  [round 5 · 6381 climbs live · 1408531448 decrypts]    711s   2.0M/s ETA 914.3 min
  [round 6 · 0 climbs live · 1408716497 decrypts]    711s   2.0M/s ETA 914.2 min
  [chunk 344/20025 · 8192 4-plug climbs]
  [round 1 · 8192 climbs live · 1409978065 decrypts]    713s   2.0M/s ETA 915.4 min
  [round 2 · 8192 climbs live · 1410969297 decrypts]    713s   2.0M/s ETA 915.0 min
  [round 3 · 8181 climbs live · 1411722961 decrypts]    713s   2.0M/s ETA 914.6 min
  [round 4 · 7876 climbs live · 1412271088 decrypts]    713s   2.0M/s ETA 914.4 min
  [round 5 · 6303 climbs live · 1412633384 decrypts]    713s   2.0M/s ETA 914.2 min
  [round 6 · 0 climbs live · 1412816171 decrypts]    713s   2.0M/s ETA 914.2 min
  [chunk 345/20025 · 8192 4-plug climbs]
  [round 1 · 8192 climbs live · 1414077739 decrypts]    715s   2.0M/s ETA 915.5 min
  [round 2 · 8192 climbs live · 1415068971 decrypts]    715s   2.0M/s ETA 915.0 min
  [round 3 · 8170 climbs live · 1415822635 decrypts]    715s   2.0M/s ETA 914.7 min
  [round 4 · 7862 climbs live · 1416370025 decrypts]    715s   2.0M/s ETA 914.5 min
  [round 5 · 6339 climbs live · 1416731677 decrypts]    715s   2.0M/s ETA 914.3 min
  [round 6 · 0 climbs live · 1416915508 decrypts]    715s   2.0M/s ETA 914.2 min
  [chunk 346/20025 · 8192 4-plug climbs]
  [round 1 · 8192 climbs live · 1418177076 decrypts]    717s   2.0M/s ETA 915.5 min
  [round 2 · 8192 climbs live · 1419168308 decrypts]    717s   2.0M/s ETA 915.1 min
  [round 3 · 8184 climbs live · 1419921972 decrypts]    717s   2.0M/s ETA 914.7 min
  [round 4 · 7893 climbs live · 1420470300 decrypts]    717s   2.0M/s ETA 914.5 min
  [round 5 · 6372 climbs live · 1420833378 decrypts]    717s   2.0M/s ETA 914.4 min
  [round 6 · 0 climbs live · 1421018166 decrypts]    717s   2.0M/s ETA 914.3 min
  [chunk 347/20025 · 8192 4-plug climbs]
  [round 1 · 8192 climbs live · 1422279734 decrypts]    719s   2.0M/s ETA 915.6 min
  [round 2 · 8192 climbs live · 1423270966 decrypts]    719s   2.0M/s ETA 915.1 min
  [round 3 · 8175 climbs live · 1424024630 decrypts]    719s   2.0M/s ETA 914.8 min
  [round 4 · 7849 climbs live · 1424572355 decrypts]    719s   2.0M/s ETA 914.5 min
  [round 5 · 6276 climbs live · 1424933409 decrypts]    720s   2.0M/s ETA 914.4 min
  [round 6 · 0 climbs live · 1425115413 decrypts]    720s   2.0M/s ETA 914.3 min
  [chunk 348/20025 · 8192 4-plug climbs]
  [round 1 · 8192 climbs live · 1426376981 decrypts]    721s   2.0M/s ETA 915.6 min
  [round 2 · 8192 climbs live · 1427368213 decrypts]    721s   2.0M/s ETA 915.2 min
  [round 3 · 8182 climbs live · 1428121877 decrypts]    722s   2.0M/s ETA 914.8 min
  [round 4 · 7935 climbs live · 1428670071 decrypts]    722s   2.0M/s ETA 914.6 min
  [round 5 · 6479 climbs live · 1429035081 decrypts]    722s   2.0M/s ETA 914.5 min
  [round 6 · 0 climbs live · 1429222972 decrypts]    722s   2.0M/s ETA 914.4 min
  [chunk 349/20025 · 8192 4-plug climbs]
  [round 1 · 8192 climbs live · 1430484540 decrypts]    723s   2.0M/s ETA 915.6 min
  [round 2 · 8192 climbs live · 1431475772 decrypts]    724s   2.0M/s ETA 915.2 min
  [round 3 · 8189 climbs live · 1432229436 decrypts]    724s   2.0M/s ETA 914.9 min
  [round 4 · 8010 climbs live · 1432778099 decrypts]    724s   2.0M/s ETA 914.6 min
  [round 5 · 6677 climbs live · 1433146559 decrypts]    724s   2.0M/s ETA 914.5 min
  [round 6 · 0 climbs live · 1433340192 decrypts]    724s   2.0M/s ETA 914.4 min
  [chunk 350/20025 · 8192 4-plug climbs]
  [round 1 · 8192 climbs live · 1434601760 decrypts]    725s   2.0M/s ETA 915.6 min
  [round 2 · 8192 climbs live · 1435592992 decrypts]    726s   2.0M/s ETA 915.2 min
  [round 3 · 8177 climbs live · 1436346656 decrypts]    726s   2.0M/s ETA 914.9 min
  [round 4 · 7891 climbs live · 1436894515 decrypts]    726s   2.0M/s ETA 914.7 min
  [round 5 · 6390 climbs live · 1437257501 decrypts]    726s   2.0M/s ETA 914.5 min
  [round 6 · 0 climbs live · 1437442811 decrypts]    726s   2.0M/s ETA 914.4 min
  [chunk 351/20025 · 8192 4-plug climbs]
  [round 1 · 8192 climbs live · 1438704379 decrypts]    728s   2.0M/s ETA 915.7 min
  [round 2 · 8192 climbs live · 1439695611 decrypts]    728s   2.0M/s ETA 915.2 min
  [round 3 · 8182 climbs live · 1440449275 decrypts]    728s   2.0M/s ETA 914.9 min
  [round 4 · 7927 climbs live · 1440997469 decrypts]    728s   2.0M/s ETA 914.7 min
  [round 5 · 6416 climbs live · 1441362111 decrypts]    728s   2.0M/s ETA 914.5 min
  [round 6 · 0 climbs live · 1441548175 decrypts]    728s   2.0M/s ETA 914.4 min
  [chunk 352/20025 · 8192 4-plug climbs]
  [round 1 · 8192 climbs live · 1442809743 decrypts]    730s   2.0M/s ETA 915.7 min
  [round 2 · 8192 climbs live · 1443800975 decrypts]    730s   2.0M/s ETA 915.2 min
  [round 3 · 8185 climbs live · 1444554639 decrypts]    730s   2.0M/s ETA 914.9 min
  [round 4 · 7965 climbs live · 1445103034 decrypts]    730s   2.0M/s ETA 914.7 min
  [round 5 · 6581 climbs live · 1445469424 decrypts]    730s   2.0M/s ETA 914.5 min
  [round 6 · 0 climbs live · 1445660273 decrypts]    730s   2.0M/s ETA 914.4 min
  [chunk 353/20025 · 8192 4-plug climbs]
  [round 1 · 8192 climbs live · 1446921841 decrypts]    732s   2.0M/s ETA 915.7 min
  [round 2 · 8192 climbs live · 1447913073 decrypts]    732s   2.0M/s ETA 915.3 min
  [round 3 · 8186 climbs live · 1448666737 decrypts]    732s   2.0M/s ETA 914.9 min
  [round 4 · 7952 climbs live · 1449215199 decrypts]    732s   2.0M/s ETA 914.7 min
  [round 5 · 6482 climbs live · 1449580991 decrypts]    732s   2.0M/s ETA 914.5 min
  [round 6 · 0 climbs live · 1449768969 decrypts]    732s   2.0M/s ETA 914.5 min
  [chunk 354/20025 · 8192 4-plug climbs]
  [round 1 · 8192 climbs live · 1451030537 decrypts]    734s   2.0M/s ETA 915.7 min
  [round 2 · 8192 climbs live · 1452021769 decrypts]    734s   2.0M/s ETA 915.3 min
  [round 3 · 8189 climbs live · 1452775433 decrypts]    734s   2.0M/s ETA 915.0 min
  [round 4 · 8025 climbs live · 1453324096 decrypts]    734s   2.0M/s ETA 914.7 min
  [round 5 · 6785 climbs live · 1453693246 decrypts]    734s   2.0M/s ETA 914.6 min
  [round 6 · 0 climbs live · 1453890011 decrypts]    734s   2.0M/s ETA 914.5 min
  [chunk 355/20025 · 8192 4-plug climbs]
  [round 1 · 8192 climbs live · 1455151579 decrypts]    736s   2.0M/s ETA 916.0 min
  [round 2 · 8192 climbs live · 1456142811 decrypts]    736s   2.0M/s ETA 915.5 min
  [round 3 · 8188 climbs live · 1456896475 decrypts]    737s   2.0M/s ETA 915.2 min
  [round 4 · 8029 climbs live · 1457445071 decrypts]    737s   2.0M/s ETA 915.0 min
  [round 5 · 6457 climbs live · 1457814405 decrypts]    737s   2.0M/s ETA 914.8 min
  [round 6 · 0 climbs live · 1458001658 decrypts]    737s   2.0M/s ETA 914.7 min
  [chunk 356/20025 · 8192 4-plug climbs]
  [round 1 · 8192 climbs live · 1459263226 decrypts]    738s   2.0M/s ETA 915.9 min
  [round 2 · 8192 climbs live · 1460254458 decrypts]    739s   2.0M/s ETA 915.5 min
  [round 3 · 8184 climbs live · 1461008122 decrypts]    739s   2.0M/s ETA 915.2 min
  [round 4 · 7970 climbs live · 1461556450 decrypts]    739s   2.0M/s ETA 914.9 min
  [round 5 · 6402 climbs live · 1461923070 decrypts]    739s   2.0M/s ETA 914.8 min
  [round 6 · 0 climbs live · 1462108728 decrypts]    739s   2.0M/s ETA 914.7 min
  [chunk 357/20025 · 8192 4-plug climbs]
  [round 1 · 8192 climbs live · 1463370296 decrypts]    740s   2.0M/s ETA 915.9 min
  [round 2 · 8192 climbs live · 1464361528 decrypts]    741s   2.0M/s ETA 915.5 min
  [round 3 · 8188 climbs live · 1465115192 decrypts]    741s   2.0M/s ETA 915.1 min
  [round 4 · 7932 climbs live · 1465663788 decrypts]    741s   2.0M/s ETA 914.9 min
  [round 5 · 6415 climbs live · 1466028660 decrypts]    741s   2.0M/s ETA 914.8 min
  [round 6 · 0 climbs live · 1466214695 decrypts]    741s   2.0M/s ETA 914.7 min
  [chunk 358/20025 · 8192 4-plug climbs]
  [round 1 · 8192 climbs live · 1467476263 decrypts]    742s   2.0M/s ETA 915.8 min
  [round 2 · 8192 climbs live · 1468467495 decrypts]    743s   2.0M/s ETA 915.4 min
  [round 3 · 8190 climbs live · 1469221159 decrypts]    743s   2.0M/s ETA 915.1 min
  [round 4 · 7972 climbs live · 1469769889 decrypts]    743s   2.0M/s ETA 914.8 min
  [round 5 · 6457 climbs live · 1470136601 decrypts]    743s   2.0M/s ETA 914.7 min
  [round 6 · 0 climbs live · 1470323854 decrypts]    743s   2.0M/s ETA 914.6 min
  [chunk 359/20025 · 8192 4-plug climbs]
  [round 1 · 8192 climbs live · 1471585422 decrypts]    745s   2.0M/s ETA 915.7 min
  [round 2 · 8192 climbs live · 1472576654 decrypts]    745s   2.0M/s ETA 915.3 min
  [round 3 · 8191 climbs live · 1473330318 decrypts]    745s   2.0M/s ETA 915.0 min
  [round 4 · 8040 climbs live · 1473879115 decrypts]    745s   2.0M/s ETA 914.7 min
  [round 5 · 6881 climbs live · 1474248955 decrypts]    745s   2.0M/s ETA 914.6 min
  [round 6 · 0 climbs live · 1474448504 decrypts]    745s   2.0M/s ETA 914.5 min
  [chunk 360/20025 · 8192 4-plug climbs]
  [round 1 · 8192 climbs live · 1475710072 decrypts]    747s   2.0M/s ETA 915.6 min
  [round 2 · 8192 climbs live · 1476701304 decrypts]    747s   2.0M/s ETA 915.1 min
  [round 3 · 8188 climbs live · 1477454968 decrypts]    747s   2.0M/s ETA 914.8 min
  [round 4 · 8037 climbs live · 1478003564 decrypts]    747s   2.0M/s ETA 914.6 min
  [round 5 · 6640 climbs live · 1478373266 decrypts]    747s   2.0M/s ETA 914.4 min
  [round 6 · 0 climbs live · 1478565826 decrypts]    747s   2.0M/s ETA 914.4 min
  [chunk 361/20025 · 8192 4-plug climbs]
  [round 1 · 8192 climbs live · 1479827394 decrypts]    749s   2.0M/s ETA 915.4 min
  [round 2 · 8192 climbs live · 1480818626 decrypts]    749s   2.0M/s ETA 915.0 min
  [round 3 · 8184 climbs live · 1481572290 decrypts]    749s   2.0M/s ETA 914.7 min
  [round 4 · 7971 climbs live · 1482120618 decrypts]    749s   2.0M/s ETA 914.5 min
  [round 5 · 6599 climbs live · 1482487284 decrypts]    749s   2.0M/s ETA 914.3 min
  [round 6 · 0 climbs live · 1482678655 decrypts]    749s   2.0M/s ETA 914.2 min
  [chunk 362/20025 · 8192 4-plug climbs]
  [round 1 · 8192 climbs live · 1483940223 decrypts]    751s   2.0M/s ETA 915.3 min
  [round 2 · 8192 climbs live · 1484931455 decrypts]    751s   2.0M/s ETA 914.9 min
  [round 3 · 8186 climbs live · 1485685119 decrypts]    751s   2.0M/s ETA 914.6 min
  [round 4 · 7965 climbs live · 1486233581 decrypts]    751s   2.0M/s ETA 914.4 min
  [round 5 · 6490 climbs live · 1486599971 decrypts]    751s   2.0M/s ETA 914.2 min
  [round 6 · 0 climbs live · 1486788181 decrypts]    751s   2.0M/s ETA 914.1 min
  [chunk 363/20025 · 8192 4-plug climbs]
  [round 1 · 8192 climbs live · 1488049749 decrypts]    753s   2.0M/s ETA 915.2 min
  [round 2 · 8192 climbs live · 1489040981 decrypts]    753s   2.0M/s ETA 914.8 min
  [round 3 · 8184 climbs live · 1489794645 decrypts]    753s   2.0M/s ETA 914.5 min
  [round 4 · 8025 climbs live · 1490342973 decrypts]    753s   2.0M/s ETA 914.2 min
  [round 5 · 6752 climbs live · 1490712123 decrypts]    753s   2.0M/s ETA 914.1 min
  [round 6 · 0 climbs live · 1490907931 decrypts]    753s   2.0M/s ETA 914.0 min
  [chunk 364/20025 · 8192 4-plug climbs]
  [round 1 · 8192 climbs live · 1492169499 decrypts]    755s   2.0M/s ETA 915.1 min
  [round 2 · 8192 climbs live · 1493160731 decrypts]    755s   2.0M/s ETA 914.6 min
  [round 3 · 8192 climbs live · 1493914395 decrypts]    755s   2.0M/s ETA 914.3 min
  [round 4 · 8036 climbs live · 1494463259 decrypts]    755s   2.0M/s ETA 914.1 min
  [round 5 · 6830 climbs live · 1494832915 decrypts]    755s   2.0M/s ETA 913.9 min
  [round 6 · 0 climbs live · 1495030985 decrypts]    755s   2.0M/s ETA 913.9 min
  [chunk 365/20025 · 8192 4-plug climbs]
  [round 1 · 8192 climbs live · 1496292553 decrypts]    757s   2.0M/s ETA 914.9 min
  [round 2 · 8192 climbs live · 1497283785 decrypts]    757s   2.0M/s ETA 914.5 min
  [round 3 · 8191 climbs live · 1498037449 decrypts]    757s   2.0M/s ETA 914.2 min
  [round 4 · 8049 climbs live · 1498586246 decrypts]    757s   2.0M/s ETA 913.9 min
  [round 5 · 6862 climbs live · 1498956500 decrypts]    757s   2.0M/s ETA 913.8 min
  [round 6 · 0 climbs live · 1499155498 decrypts]    757s   2.0M/s ETA 913.7 min
  [chunk 366/20025 · 8192 4-plug climbs]
  [round 1 · 8192 climbs live · 1500417066 decrypts]    759s   2.0M/s ETA 914.8 min
  [round 2 · 8192 climbs live · 1501408298 decrypts]    759s   2.0M/s ETA 914.4 min

=== killed 2026-09-24T16:51:17Z — 8,192-chunk / CPU-polish-every-ghost was ~2.0M/s, not a RAM miss ===
restart: fatter Metal waves (524288 jobs), in-place trial pack, polish-top 256, --ostwald-memory-gb 56
=== launch 2026-09-24T16:51:24Z (fatter wave) ===
cmd: ./.build/release/helut --ostwald-all-settings --ostwald-control p1030684 --ostwald-setting-from 385320 --ostwald-setting-count 1 --ostwald-brute-plugs 4 --ostwald-brute-all --ostwald-exhaust 26 --ostwald-memory-gb 56
expect: 164038875 streamed 4-plug starts, ~8.25e10 Metal insert decrypts, waves of 524288, polish-top 256
true P1030684 index: 385320 (VYAA); wrong-setting control is --ostwald-setting-from 0
=== Ostwald all-settings (no IC sieve) ===
shell         : B/gamma/IV-III-VIII/AACU
positions     : 385320..<385321 of 456976
scorer        : staged   beam 1
board         : empty (--ostwald-keep 0)

=== Ostwald escalation of bombe stops ===
manifest      : all-settings B/gamma/IV-III-VIII/AACU
target        : P1030684-control (72 letters)
candidates    : 1
scorer        : staged   trigram model: helut-german-trigram-add-k-0.5-e08a5659-v1 (14947 grams; letters=28508834 ic=0.0747 distinct=14947)
seeding       : all forced plugs UNLOCKED (--ostwald-keep 0); climb from empty extra board
exhaustion    : 4-plug brute on 26 hot letters
break bar     : crib exact ∧ IC ≥ 0.055 ∧ tail > -3.6

exhaustion    : streaming 164038875 4-plug starts in waves of 524288 (not materialised; polish-top 256)
climbs        : 0 materialised + 164038875 streamed (1 candidates)
unified budget: 56.0 GB → 1.88e+09 trials/dispatch (32-byte records)
backend       : Metal-ostwald-score   cores 16
decrypts      : 82511554125
ETA floor (~10M decrypts/s): 137.5 min

  [wave 1/313 · 524288 4-plug climbs]
  [round 1 · 524288 climbs live · 80740352 decrypts]      1s  55.7M/s ETA  24.7 min
  [round 2 · 524283 climbs live · 144179200 decrypts]      3s  55.6M/s ETA  24.7 min
  [round 3 · 523369 climbs live · 192413236 decrypts]      4s  51.8M/s ETA  26.5 min
  [round 4 · 505089 climbs live · 227478959 decrypts]      5s  47.7M/s ETA  28.7 min
  [round 5 · 408072 climbs live · 250713053 decrypts]      6s  43.6M/s ETA  31.4 min
  [round 6 · 0 climbs live · 262547141 decrypts]      7s  40.0M/s ETA  34.3 min
  [wave 2/313 · 524288 4-plug climbs]
  [round 1 · 524288 climbs live · 343287493 decrypts]      9s  39.2M/s ETA  34.9 min
  [round 2 · 524284 climbs live · 406726341 decrypts]     10s  41.3M/s ETA  33.1 min
  [round 3 · 523559 climbs live · 454960469 decrypts]     11s  41.5M/s ETA  32.9 min
  [round 4 · 506075 climbs live · 490038922 decrypts]     12s  40.8M/s ETA  33.5 min
  [round 5 · 407403 climbs live · 513318372 decrypts]     13s  39.4M/s ETA  34.7 min
  [round 6 · 0 climbs live · 525133059 decrypts]     14s  38.0M/s ETA  36.0 min
  [wave 3/313 · 524288 4-plug climbs]
  [round 1 · 524288 climbs live · 605873411 decrypts]     16s  37.8M/s ETA  36.1 min
  [round 2 · 524284 climbs live · 669312259 decrypts]     17s  39.0M/s ETA  34.9 min
  [round 3 · 523622 climbs live · 717546387 decrypts]     18s  39.3M/s ETA  34.7 min
  [round 4 · 506507 climbs live · 752629061 decrypts]     19s  38.9M/s ETA  35.0 min
  [round 5 · 409642 climbs live · 775928383 decrypts]     20s  38.2M/s ETA  35.6 min
  [round 6 · 0 climbs live · 787808001 decrypts]     21s  37.3M/s ETA  36.6 min
  [wave 4/313 · 524288 4-plug climbs]
  [round 1 · 524288 climbs live · 868548353 decrypts]     23s  37.3M/s ETA  36.5 min
  [round 2 · 524285 climbs live · 931987201 decrypts]     24s  38.2M/s ETA  35.6 min
  [round 3 · 523736 climbs live · 980221421 decrypts]     25s  38.5M/s ETA  35.3 min
  [round 4 · 508779 climbs live · 1015311733 decrypts]     27s  38.2M/s ETA  35.5 min
  [round 5 · 419204 climbs live · 1038715567 decrypts]     28s  37.7M/s ETA  36.0 min
  [round 6 · 0 climbs live · 1050872483 decrypts]     28s  37.0M/s ETA  36.7 min
  [wave 5/313 · 524288 4-plug climbs]
  [round 1 · 524288 climbs live · 1131612835 decrypts]     31s  37.1M/s ETA  36.6 min
  [round 2 · 524283 climbs live · 1195051683 decrypts]     32s  37.8M/s ETA  35.9 min
  [round 3 · 523757 climbs live · 1243285719 decrypts]     33s  38.0M/s ETA  35.6 min
  [round 4 · 509854 climbs live · 1278377438 decrypts]     34s  37.8M/s ETA  35.8 min
  [round 5 · 421854 climbs live · 1301830722 decrypts]     35s  37.4M/s ETA  36.2 min
  [round 6 · 0 climbs live · 1314064488 decrypts]     36s  36.9M/s ETA  36.7 min
  [wave 6/313 · 524288 4-plug climbs]
  [round 1 · 524288 climbs live · 1394804840 decrypts]     38s  37.0M/s ETA  36.5 min
  [round 2 · 524286 climbs live · 1458243688 decrypts]     39s  37.6M/s ETA  35.9 min
  [round 3 · 523885 climbs live · 1506478000 decrypts]     40s  37.8M/s ETA  35.7 min
  [round 4 · 510530 climbs live · 1541578295 decrypts]     41s  37.7M/s ETA  35.8 min
  [round 5 · 421546 climbs live · 1565062675 decrypts]     42s  37.4M/s ETA  36.1 min
  [round 6 · 0 climbs live · 1577287509 decrypts]     43s  36.9M/s ETA  36.5 min
  [wave 7/313 · 524288 4-plug climbs]
  [round 1 · 524288 climbs live · 1658027861 decrypts]     45s  37.0M/s ETA  36.4 min
  [round 2 · 524285 climbs live · 1721466709 decrypts]     46s  37.5M/s ETA  35.9 min
  [round 3 · 523595 climbs live · 1769700929 decrypts]     47s  37.7M/s ETA  35.7 min
  [round 4 · 505574 climbs live · 1804781794 decrypts]     48s  37.5M/s ETA  35.8 min
  [round 5 · 407681 climbs live · 1828038198 decrypts]     49s  37.3M/s ETA  36.1 min
  [round 6 · 0 climbs live · 1839860947 decrypts]     50s  36.9M/s ETA  36.4 min
  [wave 8/313 · 524288 4-plug climbs]
  [round 1 · 524288 climbs live · 1920601299 decrypts]     52s  37.0M/s ETA  36.3 min
  [round 2 · 524284 climbs live · 1984040147 decrypts]     53s  37.4M/s ETA  35.9 min
  [round 3 · 523733 climbs live · 2032274275 decrypts]     54s  37.5M/s ETA  35.7 min
  [round 4 · 509354 climbs live · 2067364386 decrypts]     55s  37.5M/s ETA  35.8 min
  [round 5 · 419695 climbs live · 2090794670 decrypts]     56s  37.2M/s ETA  36.0 min
  [round 6 · 0 climbs live · 2102965825 decrypts]     57s  36.9M/s ETA  36.3 min
  [wave 9/313 · 524288 4-plug climbs]
  [round 1 · 524288 climbs live · -2111261119 decrypts]     59s  36.9M/s ETA  36.3 min
  [round 2 · 524284 climbs live · -2047822271 decrypts]     60s  37.3M/s ETA  35.8 min
  [round 3 · 523739 climbs live · -1999588143 decrypts]     61s  37.4M/s ETA  35.7 min
  [round 4 · 510238 climbs live · -1964497630 decrypts]     62s  37.4M/s ETA  35.8 min
  [round 5 · 423206 climbs live · -1941026682 decrypts]     63s  37.2M/s ETA  36.0 min
  [round 6 · 0 climbs live · -1928753708 decrypts]     64s  36.8M/s ETA  36.3 min
  [wave 10/313 · 524288 4-plug climbs]
  [round 1 · 524288 climbs live · -1848013356 decrypts]     66s  36.9M/s ETA  36.2 min
  [round 2 · 524288 climbs live · -1784574508 decrypts]     67s  37.2M/s ETA  35.8 min
  [round 3 · 524042 climbs live · -1736340012 decrypts]     69s  37.4M/s ETA  35.7 min
  [round 4 · 514380 climbs live · -1701229198 decrypts]     70s  37.3M/s ETA  35.7 min
  [round 5 · 438233 climbs live · -1677567718 decrypts]     71s  37.1M/s ETA  35.9 min
  [round 6 · 0 climbs live · -1664858961 decrypts]     71s  36.8M/s ETA  36.2 min
  [wave 11/313 · 524288 4-plug climbs]
  [round 1 · 524288 climbs live · -1584118609 decrypts]     74s  36.9M/s ETA  36.1 min
  [round 2 · 524287 climbs live · -1520679761 decrypts]     75s  37.2M/s ETA  35.7 min
  [round 3 · 523991 climbs live · -1472445357 decrypts]     76s  37.3M/s ETA  35.6 min
  [round 4 · 512979 climbs live · -1437337960 decrypts]     77s  37.2M/s ETA  35.7 min
  [round 5 · 430943 climbs live · -1413740926 decrypts]     78s  37.0M/s ETA  35.8 min
  [round 6 · 0 climbs live · -1401243579 decrypts]     79s  36.8M/s ETA  36.1 min
  [wave 12/313 · 524288 4-plug climbs]
  [round 1 · 524288 climbs live · -1320503227 decrypts]     81s  36.8M/s ETA  36.0 min
  [round 2 · 524286 climbs live · -1257064379 decrypts]     82s  37.1M/s ETA  35.7 min
  [round 3 · 523819 climbs live · -1208830067 decrypts]     83s  37.2M/s ETA  35.6 min
  [round 4 · 509920 climbs live · -1173734194 decrypts]     84s  37.2M/s ETA  35.6 min
  [round 5 · 420793 climbs live · -1150277874 decrypts]     85s  37.0M/s ETA  35.7 min
  [round 6 · 0 climbs live · -1138074877 decrypts]     86s  36.8M/s ETA  36.0 min
  [wave 13/313 · 524288 4-plug climbs]
  [round 1 · 524288 climbs live · -1057334525 decrypts]     88s  36.8M/s ETA  35.9 min
  [round 2 · 524287 climbs live · -993895677 decrypts]     89s  37.1M/s ETA  35.6 min
  [round 3 · 523900 climbs live · -945661273 decrypts]     90s  37.1M/s ETA  35.5 min
  [round 4 · 509469 climbs live · -910559973 decrypts]     91s  37.1M/s ETA  35.5 min
  [round 5 · 413867 climbs live · -887124399 decrypts]     92s  37.0M/s ETA  35.7 min
  [round 6 · 0 climbs live · -875122256 decrypts]     93s  36.8M/s ETA  35.9 min
  [wave 14/313 · 524288 4-plug climbs]
  [round 1 · 524288 climbs live · -794381904 decrypts]     95s  36.8M/s ETA  35.8 min
  [round 2 · 524288 climbs live · -730943056 decrypts]     96s  37.0M/s ETA  35.5 min
  [round 3 · 524063 climbs live · -682708560 decrypts]     97s  37.1M/s ETA  35.5 min
  [round 4 · 514465 climbs live · -647596339 decrypts]     98s  37.1M/s ETA  35.5 min
  [round 5 · 436559 climbs live · -623930949 decrypts]     99s  36.9M/s ETA  35.6 min
  [round 6 · 0 climbs live · -611270738 decrypts]    100s  36.7M/s ETA  35.8 min
  [wave 15/313 · 524288 4-plug climbs]
  [round 1 · 524288 climbs live · -530530386 decrypts]    102s  36.8M/s ETA  35.7 min
  [round 2 · 524288 climbs live · -467091538 decrypts]    103s  37.0M/s ETA  35.5 min
  [round 3 · 523960 climbs live · -418857042 decrypts]    105s  37.1M/s ETA  35.4 min
  [round 4 · 512197 climbs live · -383751722 decrypts]    106s  37.0M/s ETA  35.4 min
  [round 5 · 425258 climbs live · -360190660 decrypts]    107s  36.9M/s ETA  35.5 min
  [round 6 · 0 climbs live · -347858178 decrypts]    107s  36.7M/s ETA  35.7 min
  [wave 16/313 · 524288 4-plug climbs]
  [round 1 · 524288 climbs live · -267117826 decrypts]    110s  36.8M/s ETA  35.6 min
  [round 2 · 524287 climbs live · -203678978 decrypts]    111s  37.0M/s ETA  35.4 min
  [round 3 · 523897 climbs live · -155444574 decrypts]    112s  37.0M/s ETA  35.3 min
  [round 4 · 511181 climbs live · -120343475 decrypts]    113s  37.0M/s ETA  35.3 min
  [round 5 · 421246 climbs live · -96829149 decrypts]    114s  36.9M/s ETA  35.4 min
  [round 6 · 0 climbs live · -84613015 decrypts]    115s  36.7M/s ETA  35.6 min
  [wave 17/313 · 524288 4-plug climbs]
  [round 1 · 524288 climbs live · -3872663 decrypts]    117s  36.7M/s ETA  35.5 min
  [round 2 · 524288 climbs live · 59566185 decrypts]    118s  36.9M/s ETA  35.3 min
  [round 3 · 524044 climbs live · 107800681 decrypts]    119s  37.0M/s ETA  35.2 min
  [round 4 · 513910 climbs live · 142911629 decrypts]    120s  37.0M/s ETA  35.2 min
  [round 5 · 435387 climbs live · 166551489 decrypts]    121s  36.9M/s ETA  35.3 min
  [round 6 · 0 climbs live · 179177712 decrypts]    122s  36.7M/s ETA  35.4 min
  [wave 18/313 · 524288 4-plug climbs]
  [round 1 · 524288 climbs live · 259918064 decrypts]    124s  36.7M/s ETA  35.4 min
  [round 2 · 524287 climbs live · 323356912 decrypts]    125s  36.9M/s ETA  35.2 min
  [round 3 · 523954 climbs live · 371591316 decrypts]    126s  37.0M/s ETA  35.1 min
  [round 4 · 512263 climbs live · 406696234 decrypts]    127s  36.9M/s ETA  35.1 min
  [round 5 · 427140 climbs live · 430260332 decrypts]    128s  36.8M/s ETA  35.2 min
  [round 6 · 0 climbs live · 442647392 decrypts]    129s  36.7M/s ETA  35.3 min
  [wave 19/313 · 524288 4-plug climbs]
  [round 1 · 524288 climbs live · 523387744 decrypts]    131s  36.7M/s ETA  35.3 min
  [round 2 · 524285 climbs live · 586826592 decrypts]    132s  36.9M/s ETA  35.1 min
  [round 3 · 523711 climbs live · 635060812 decrypts]    133s  37.0M/s ETA  35.0 min
  [round 4 · 508828 climbs live · 670149449 decrypts]    134s  36.9M/s ETA  35.0 min
  [round 5 · 415412 climbs live · 693555537 decrypts]    135s  36.8M/s ETA  35.1 min
  [round 6 · 0 climbs live · 705602485 decrypts]    136s  36.7M/s ETA  35.2 min
  [wave 20/313 · 524288 4-plug climbs]
  [round 1 · 524288 climbs live · 786342837 decrypts]    138s  36.7M/s ETA  35.2 min
  [round 2 · 524278 climbs live · 849781685 decrypts]    140s  36.9M/s ETA  35.0 min
  [round 3 · 523951 climbs live · 898015261 decrypts]    141s  36.9M/s ETA  34.9 min
  [round 4 · 513936 climbs live · 933119978 decrypts]    142s  36.9M/s ETA  34.9 min
  [round 5 · 438730 climbs live · 956761034 decrypts]    143s  36.8M/s ETA  35.0 min
  [round 6 · 0 climbs live · 969484204 decrypts]    144s  36.7M/s ETA  35.1 min
  [wave 21/313 · 524288 4-plug climbs]
  [round 1 · 524288 climbs live · 1050224556 decrypts]    146s  36.7M/s ETA  35.1 min
  [round 2 · 524288 climbs live · 1113663404 decrypts]    147s  36.8M/s ETA  34.9 min
  [round 3 · 524140 climbs live · 1161897900 decrypts]    148s  36.9M/s ETA  34.8 min
  [round 4 · 516479 climbs live · 1197015280 decrypts]    149s  36.9M/s ETA  34.8 min
  [round 5 · 445685 climbs live · 1220773314 decrypts]    150s  36.8M/s ETA  34.9 min
  [round 6 · 0 climbs live · 1233698179 decrypts]    151s  36.6M/s ETA  35.0 min
  [wave 22/313 · 524288 4-plug climbs]
  [round 1 · 524288 climbs live · 1314438531 decrypts]    153s  36.7M/s ETA  35.0 min
  [round 2 · 524287 climbs live · 1377877379 decrypts]    154s  36.8M/s ETA  34.8 min
  [round 3 · 523989 climbs live · 1426111783 decrypts]    155s  36.9M/s ETA  34.7 min
  [round 4 · 512877 climbs live · 1461219046 decrypts]    156s  36.8M/s ETA  34.7 min
  [round 5 · 433140 climbs live · 1484811388 decrypts]    157s  36.8M/s ETA  34.8 min
  [round 6 · 0 climbs live · 1497372448 decrypts]    158s  36.6M/s ETA  34.9 min
  [wave 23/313 · 524288 4-plug climbs]
  [round 1 · 524288 climbs live · 1578112800 decrypts]    160s  36.6M/s ETA  34.9 min
  [round 2 · 524288 climbs live · 1641551648 decrypts]    161s  36.8M/s ETA  34.7 min
  [round 3 · 524069 climbs live · 1689786144 decrypts]    162s  36.8M/s ETA  34.6 min
  [round 4 · 514341 climbs live · 1724898767 decrypts]    164s  36.8M/s ETA  34.6 min
  [round 5 · 435565 climbs live · 1748558453 decrypts]    165s  36.7M/s ETA  34.7 min
  [round 6 · 0 climbs live · 1761189838 decrypts]    165s  36.6M/s ETA  34.8 min
  [wave 24/313 · 524288 4-plug climbs]
  [round 1 · 524288 climbs live · 1841930190 decrypts]    168s  36.6M/s ETA  34.7 min
  [round 2 · 524288 climbs live · 1905369038 decrypts]    169s  36.8M/s ETA  34.6 min
  [round 3 · 524033 climbs live · 1953603534 decrypts]    170s  36.8M/s ETA  34.5 min
  [round 4 · 513924 climbs live · 1988713745 decrypts]    171s  36.8M/s ETA  34.5 min
  [round 5 · 433696 climbs live · 2012354249 decrypts]    172s  36.7M/s ETA  34.6 min
  [round 6 · 0 climbs live · 2024931433 decrypts]    173s  36.6M/s ETA  34.7 min
  [wave 25/313 · 524288 4-plug climbs]
  [round 1 · 524288 climbs live · 2105671785 decrypts]    175s  36.6M/s ETA  34.6 min
  [round 2 · 524285 climbs live · -2125856663 decrypts]    176s  36.8M/s ETA  34.5 min
  [round 3 · 523983 climbs live · -2077622443 decrypts]    177s  36.8M/s ETA  34.4 min
  [round 4 · 512827 climbs live · -2042515582 decrypts]    178s  36.8M/s ETA  34.4 min
  [round 5 · 430327 climbs live · -2018925540 decrypts]    179s  36.7M/s ETA  34.5 min
  [round 6 · 0 climbs live · -2006446057 decrypts]    180s  36.6M/s ETA  34.6 min
  [wave 26/313 · 524288 4-plug climbs]
  [round 1 · 524288 climbs live · -1925705705 decrypts]    182s  36.6M/s ETA  34.5 min
  [round 2 · 524288 climbs live · -1862266857 decrypts]    183s  36.8M/s ETA  34.4 min
  [round 3 · 524007 climbs live · -1814032361 decrypts]    184s  36.8M/s ETA  34.3 min
  [round 4 · 512361 climbs live · -1778923892 decrypts]    185s  36.8M/s ETA  34.3 min
  [round 5 · 426213 climbs live · -1755355286 decrypts]    186s  36.7M/s ETA  34.4 min
  [round 6 · 0 climbs live · -1742995109 decrypts]    187s  36.6M/s ETA  34.4 min
  [wave 27/313 · 524288 4-plug climbs]
  [round 1 · 524288 climbs live · -1662254757 decrypts]    189s  36.6M/s ETA  34.4 min
  [round 2 · 524287 climbs live · -1598815909 decrypts]    190s  36.7M/s ETA  34.3 min
  [round 3 · 523763 climbs live · -1550581505 decrypts]    191s  36.8M/s ETA  34.2 min
  [round 4 · 509330 climbs live · -1515489384 decrypts]    192s  36.8M/s ETA  34.2 min
  [round 5 · 418508 climbs live · -1492060204 decrypts]    193s  36.7M/s ETA  34.3 min
  [round 6 · 0 climbs live · -1479923472 decrypts]    194s  36.6M/s ETA  34.3 min
  [wave 28/313 · 524288 4-plug climbs]
  [round 1 · 524288 climbs live · -1399183120 decrypts]    196s  36.6M/s ETA  34.3 min
  [round 2 · 524278 climbs live · -1335744272 decrypts]    198s  36.7M/s ETA  34.2 min
  [round 3 · 523131 climbs live · -1287510696 decrypts]    199s  36.8M/s ETA  34.1 min
  [round 4 · 499786 climbs live · -1252460919 decrypts]    200s  36.8M/s ETA  34.1 min
  [round 5 · 385736 climbs live · -1229470763 decrypts]    201s  36.7M/s ETA  34.1 min
  [round 6 · 0 climbs live · -1218284419 decrypts]    201s  36.6M/s ETA  34.2 min
  [wave 29/313 · 524288 4-plug climbs]
  [round 1 · 524288 climbs live · -1137544067 decrypts]    204s  36.6M/s ETA  34.2 min
  [round 2 · 524281 climbs live · -1074105219 decrypts]    205s  36.7M/s ETA  34.0 min
  [round 3 · 523285 climbs live · -1025871367 decrypts]    206s  36.8M/s ETA  34.0 min
  [round 4 · 502754 climbs live · -990811272 decrypts]    207s  36.7M/s ETA  34.0 min
  [round 5 · 395746 climbs live · -967684588 decrypts]    208s  36.7M/s ETA  34.0 min
  [round 6 · 0 climbs live · -956207954 decrypts]    209s  36.6M/s ETA  34.1 min
  [wave 30/313 · 524288 4-plug climbs]
  [round 1 · 524288 climbs live · -875467602 decrypts]    211s  36.6M/s ETA  34.1 min
  [round 2 · 524277 climbs live · -812028754 decrypts]    212s  36.7M/s ETA  33.9 min
  [round 3 · 523604 climbs live · -763795270 decrypts]    213s  36.8M/s ETA  33.9 min
  [round 4 · 508076 climbs live · -728713802 decrypts]    214s  36.7M/s ETA  33.9 min
  [round 5 · 415710 climbs live · -705342306 decrypts]    215s  36.7M/s ETA  33.9 min
  [round 6 · 0 climbs live · -693286716 decrypts]    216s  36.6M/s ETA  34.0 min
  [wave 31/313 · 524288 4-plug climbs]
  [round 1 · 524288 climbs live · -612546364 decrypts]    218s  36.6M/s ETA  33.9 min
  [round 2 · 524279 climbs live · -549107516 decrypts]    219s  36.7M/s ETA  33.8 min
  [round 3 · 523374 climbs live · -500873848 decrypts]    220s  36.7M/s ETA  33.8 min
  [round 4 · 505142 climbs live · -465807790 decrypts]    221s  36.7M/s ETA  33.8 min
  [round 5 · 402858 climbs live · -442571258 decrypts]    222s  36.7M/s ETA  33.8 min
  [round 6 · 0 climbs live · -430888376 decrypts]    223s  36.6M/s ETA  33.9 min
  [wave 32/313 · 524288 4-plug climbs]
  [round 1 · 524288 climbs live · -350148024 decrypts]    225s  36.6M/s ETA  33.8 min
  [round 2 · 524275 climbs live · -286709176 decrypts]    226s  36.7M/s ETA  33.7 min
  [round 3 · 523304 climbs live · -238475876 decrypts]    227s  36.7M/s ETA  33.6 min
  [round 4 · 503346 climbs live · -203414508 decrypts]    228s  36.7M/s ETA  33.6 min
  [round 5 · 394757 climbs live · -180260592 decrypts]    229s  36.7M/s ETA  33.7 min
  [round 6 · 0 climbs live · -168812639 decrypts]    230s  36.6M/s ETA  33.8 min
  [wave 33/313 · 524288 4-plug climbs]
  [round 1 · 524288 climbs live · -88072287 decrypts]    232s  36.6M/s ETA  33.7 min
  [round 2 · 524278 climbs live · -24633439 decrypts]    233s  36.7M/s ETA  33.6 min
  [round 3 · 523192 climbs live · 23600137 decrypts]    235s  36.7M/s ETA  33.5 min
  [round 4 · 500870 climbs live · 58654001 decrypts]    236s  36.7M/s ETA  33.5 min
  [round 5 · 388087 climbs live · 81694021 decrypts]    237s  36.7M/s ETA  33.6 min
  [round 6 · 0 climbs live · 92948544 decrypts]    237s  36.6M/s ETA  33.6 min
  [wave 34/313 · 524288 4-plug climbs]
  [round 1 · 524288 climbs live · 173688896 decrypts]    239s  36.6M/s ETA  33.6 min
  [round 2 · 524282 climbs live · 237127744 decrypts]    241s  36.7M/s ETA  33.5 min
  [round 3 · 523667 climbs live · 285361688 decrypts]    242s  36.7M/s ETA  33.4 min
  [round 4 · 507615 climbs live · 320447377 decrypts]    243s  36.7M/s ETA  33.4 min
  [round 5 · 410900 climbs live · 343797667 decrypts]    244s  36.7M/s ETA  33.5 min
  [round 6 · 0 climbs live · 355713767 decrypts]    245s  36.6M/s ETA  33.5 min
  [wave 35/313 · 524288 4-plug climbs]
  [round 1 · 524288 climbs live · 436454119 decrypts]    247s  36.6M/s ETA  33.5 min
  [round 2 · 524282 climbs live · 499892967 decrypts]    248s  36.7M/s ETA  33.4 min
  [round 3 · 523398 climbs live · 548126911 decrypts]    249s  36.7M/s ETA  33.3 min
  [round 4 · 502531 climbs live · 583194577 decrypts]    250s  36.7M/s ETA  33.3 min
  [round 5 · 393176 climbs live · 606311003 decrypts]    251s  36.7M/s ETA  33.3 min
  [round 6 · 0 climbs live · 617713107 decrypts]    252s  36.6M/s ETA  33.4 min
  [wave 36/313 · 524288 4-plug climbs]
  [round 1 · 524288 climbs live · 698453459 decrypts]    254s  36.6M/s ETA  33.3 min
  [round 2 · 524282 climbs live · 761892307 decrypts]    255s  36.7M/s ETA  33.2 min
  [round 3 · 523281 climbs live · 810126251 decrypts]    256s  36.7M/s ETA  33.2 min
  [round 4 · 500844 climbs live · 845186078 decrypts]    257s  36.7M/s ETA  33.2 min
  [round 5 · 386622 climbs live · 868224902 decrypts]    258s  36.7M/s ETA  33.2 min
  [round 6 · 0 climbs live · 879436940 decrypts]    259s  36.6M/s ETA  33.3 min
  [wave 37/313 · 524288 4-plug climbs]
  [round 1 · 524288 climbs live · 960177292 decrypts]    261s  36.6M/s ETA  33.2 min
  [round 2 · 524284 climbs live · 1023616140 decrypts]    262s  36.7M/s ETA  33.1 min
  [round 3 · 523700 climbs live · 1071850268 decrypts]    263s  36.7M/s ETA  33.1 min
  [round 4 · 507314 climbs live · 1106938168 decrypts]    264s  36.7M/s ETA  33.1 min
  [round 5 · 412406 climbs live · 1130274612 decrypts]    265s  36.7M/s ETA  33.1 min
  [round 6 · 0 climbs live · 1142234386 decrypts]    266s  36.6M/s ETA  33.2 min
  [wave 38/313 · 524288 4-plug climbs]
  [round 1 · 524288 climbs live · 1222974738 decrypts]    268s  36.6M/s ETA  33.1 min
  [round 2 · 524286 climbs live · 1286413586 decrypts]    269s  36.7M/s ETA  33.0 min
  [round 3 · 523692 climbs live · 1334647898 decrypts]    270s  36.7M/s ETA  33.0 min
  [round 4 · 507349 climbs live · 1369735262 decrypts]    271s  36.7M/s ETA  32.9 min
  [round 5 · 409443 climbs live · 1393073316 decrypts]    272s  36.6M/s ETA  33.0 min
  [round 6 · 0 climbs live · 1404947163 decrypts]    273s  36.6M/s ETA  33.0 min
  [wave 39/313 · 524288 4-plug climbs]
  [round 1 · 524288 climbs live · 1485687515 decrypts]    275s  36.6M/s ETA  33.0 min
  [round 2 · 524284 climbs live · 1549126363 decrypts]    276s  36.7M/s ETA  32.9 min
  [round 3 · 523408 climbs live · 1597360491 decrypts]    278s  36.7M/s ETA  32.8 min
  [round 4 · 502981 climbs live · 1632428827 decrypts]    279s  36.7M/s ETA  32.8 min
  [round 5 · 395054 climbs live · 1655565953 decrypts]    280s  36.6M/s ETA  32.9 min
  [round 6 · 0 climbs live · 1667022519 decrypts]    280s  36.6M/s ETA  32.9 min
  [wave 40/313 · 524288 4-plug climbs]
  [round 1 · 524288 climbs live · 1747762871 decrypts]    282s  36.6M/s ETA  32.9 min
  [round 2 · 524284 climbs live · 1811201719 decrypts]    284s  36.7M/s ETA  32.8 min
  [round 3 · 523395 climbs live · 1859435847 decrypts]    285s  36.7M/s ETA  32.7 min
  [round 4 · 505335 climbs live · 1894503312 decrypts]    286s  36.7M/s ETA  32.7 min
  [round 5 · 408019 climbs live · 1917748722 decrypts]    287s  36.6M/s ETA  32.8 min
  [round 6 · 0 climbs live · 1929581273 decrypts]    288s  36.6M/s ETA  32.8 min
  [wave 41/313 · 524288 4-plug climbs]
  [round 1 · 524288 climbs live · 2010321625 decrypts]    290s  36.6M/s ETA  32.8 min
  [round 2 · 524288 climbs live · 2073760473 decrypts]    291s  36.7M/s ETA  32.7 min
  [round 3 · 524085 climbs live · 2121994969 decrypts]    292s  36.7M/s ETA  32.6 min
  [round 4 · 514787 climbs live · -2137858632 decrypts]    293s  36.7M/s ETA  32.6 min
  [round 5 · 437483 climbs live · -2114178430 decrypts]    294s  36.6M/s ETA  32.6 min
  [round 6 · 0 climbs live · -2101491423 decrypts]    295s  36.6M/s ETA  32.7 min
  [wave 42/313 · 524288 4-plug climbs]
  [round 1 · 524288 climbs live · -2020751071 decrypts]    297s  36.6M/s ETA  32.6 min
  [round 2 · 524288 climbs live · -1957312223 decrypts]    298s  36.7M/s ETA  32.5 min
  [round 3 · 523793 climbs live · -1909077727 decrypts]    299s  36.7M/s ETA  32.5 min
  [round 4 · 509443 climbs live · -1873983596 decrypts]    300s  36.7M/s ETA  32.5 min
  [round 5 · 418395 climbs live · -1850549218 decrypts]    301s  36.6M/s ETA  32.5 min
  [round 6 · 0 climbs live · -1838415763 decrypts]    302s  36.6M/s ETA  32.6 min
  [wave 43/313 · 524288 4-plug climbs]
  [round 1 · 524288 climbs live · -1757675411 decrypts]    304s  36.6M/s ETA  32.5 min
  [round 2 · 524287 climbs live · -1694236563 decrypts]    305s  36.7M/s ETA  32.4 min
  [round 3 · 523753 climbs live · -1646002159 decrypts]    306s  36.7M/s ETA  32.4 min
  [round 4 · 507791 climbs live · -1610910708 decrypts]    308s  36.7M/s ETA  32.4 min
  [round 5 · 408376 climbs live · -1587552322 decrypts]    309s  36.6M/s ETA  32.4 min
  [round 6 · 0 climbs live · -1575709418 decrypts]    309s  36.6M/s ETA  32.5 min
  [wave 44/313 · 524288 4-plug climbs]
  [round 1 · 524288 climbs live · -1494969066 decrypts]    312s  36.6M/s ETA  32.4 min
  [round 2 · 524284 climbs live · -1431530218 decrypts]    313s  36.6M/s ETA  32.3 min
  [round 3 · 523681 climbs live · -1383296090 decrypts]    314s  36.7M/s ETA  32.3 min
  [round 4 · 507544 climbs live · -1348209463 decrypts]    315s  36.6M/s ETA  32.3 min
  [round 5 · 411326 climbs live · -1324862439 decrypts]    316s  36.6M/s ETA  32.3 min
  [round 6 · 0 climbs live · -1312933985 decrypts]    317s  36.5M/s ETA  32.4 min
  [wave 45/313 · 524288 4-plug climbs]
  [round 1 · 524288 climbs live · -1232193633 decrypts]    319s  36.6M/s ETA  32.3 min
  [round 2 · 524285 climbs live · -1168754785 decrypts]    320s  36.6M/s ETA  32.2 min
  [round 3 · 523628 climbs live · -1120520565 decrypts]    321s  36.7M/s ETA  32.2 min
  [round 4 · 506563 climbs live · -1085437489 decrypts]    322s  36.6M/s ETA  32.2 min
  [round 5 · 409007 climbs live · -1062135591 decrypts]    323s  36.6M/s ETA  32.2 min
  [round 6 · 0 climbs live · -1050274388 decrypts]    324s  36.5M/s ETA  32.2 min
  [wave 46/313 · 524288 4-plug climbs]
  [round 1 · 524288 climbs live · -969534036 decrypts]    326s  36.6M/s ETA  32.2 min
  [round 2 · 524287 climbs live · -906095188 decrypts]    327s  36.6M/s ETA  32.1 min
  [round 3 · 523789 climbs live · -857860784 decrypts]    328s  36.7M/s ETA  32.0 min
  [round 4 · 507124 climbs live · -822766921 decrypts]    329s  36.6M/s ETA  32.0 min
  [round 5 · 404021 climbs live · -799439217 decrypts]    330s  36.6M/s ETA  32.1 min
  [round 6 · 0 climbs live · -787722608 decrypts]    331s  36.6M/s ETA  32.1 min
  [wave 47/313 · 524288 4-plug climbs]
  [round 1 · 524288 climbs live · -706982256 decrypts]    333s  36.6M/s ETA  32.1 min
  [round 2 · 524283 climbs live · -643543408 decrypts]    334s  36.6M/s ETA  32.0 min
  [round 3 · 523384 climbs live · -595309372 decrypts]    335s  36.7M/s ETA  31.9 min
  [round 4 · 503303 climbs live · -560242644 decrypts]    336s  36.6M/s ETA  31.9 min
  [round 5 · 399353 climbs live · -537090706 decrypts]    337s  36.6M/s ETA  31.9 min
  [round 6 · 0 climbs live · -525509469 decrypts]    338s  36.6M/s ETA  32.0 min
  [wave 48/313 · 524288 4-plug climbs]
  [round 1 · 524288 climbs live · -444769117 decrypts]    340s  36.6M/s ETA  31.9 min
  [round 2 · 524283 climbs live · -381330269 decrypts]    341s  36.6M/s ETA  31.9 min
  [round 3 · 523385 climbs live · -333096233 decrypts]    342s  36.7M/s ETA  31.8 min
  [round 4 · 501971 climbs live · -298029438 decrypts]    343s  36.6M/s ETA  31.8 min
  [round 5 · 390465 climbs live · -274938772 decrypts]    344s  36.6M/s ETA  31.8 min
  [round 6 · 0 climbs live · -263615287 decrypts]    345s  36.6M/s ETA  31.9 min
  [wave 49/313 · 524288 4-plug climbs]
  [round 1 · 524288 climbs live · -182874935 decrypts]    347s  36.6M/s ETA  31.8 min
  [round 2 · 524283 climbs live · -119436087 decrypts]    348s  36.6M/s ETA  31.7 min
  [round 3 · 523639 climbs live · -71202051 decrypts]    350s  36.7M/s ETA  31.7 min
  [round 4 · 508478 climbs live · -36118238 decrypts]    351s  36.6M/s ETA  31.7 min
  [round 5 · 415950 climbs live · -12728250 decrypts]    352s  36.6M/s ETA  31.7 min
  [round 6 · 0 climbs live · -665700 decrypts]    353s  36.6M/s ETA  31.7 min
  [wave 50/313 · 524288 4-plug climbs]
  [round 1 · 524288 climbs live · 80074652 decrypts]    355s  36.6M/s ETA  31.7 min
  [round 2 · 524283 climbs live · 143513500 decrypts]    356s  36.6M/s ETA  31.6 min
  [round 3 · 523614 climbs live · 191747536 decrypts]    357s  36.6M/s ETA  31.6 min
  [round 4 · 505653 climbs live · 226829674 decrypts]    358s  36.6M/s ETA  31.6 min
  [round 5 · 402331 climbs live · 250089712 decrypts]    359s  36.6M/s ETA  31.6 min
  [round 6 · 0 climbs live · 261757311 decrypts]    360s  36.5M/s ETA  31.6 min
  [wave 51/313 · 524288 4-plug climbs]
  [round 1 · 524288 climbs live · 342497663 decrypts]    362s  36.6M/s ETA  31.6 min
  [round 2 · 524282 climbs live · 405936511 decrypts]    363s  36.6M/s ETA  31.5 min
  [round 3 · 523445 climbs live · 454170455 decrypts]    364s  36.6M/s ETA  31.5 min
  [round 4 · 503988 climbs live · 489241270 decrypts]    365s  36.6M/s ETA  31.5 min
  [round 5 · 396623 climbs live · 512424718 decrypts]    366s  36.6M/s ETA  31.5 min
  [round 6 · 0 climbs live · 523926785 decrypts]    367s  36.6M/s ETA  31.5 min
  [wave 52/313 · 524288 4-plug climbs]
  [round 1 · 524288 climbs live · 604667137 decrypts]    369s  36.6M/s ETA  31.5 min
  [round 2 · 524287 climbs live · 668105985 decrypts]    370s  36.6M/s ETA  31.4 min
  [round 3 · 523739 climbs live · 716340389 decrypts]    371s  36.6M/s ETA  31.3 min
  [round 4 · 509982 climbs live · 751430902 decrypts]    372s  36.6M/s ETA  31.3 min
  [round 5 · 420593 climbs live · 774890074 decrypts]    373s  36.6M/s ETA  31.4 min
  [round 6 · 0 climbs live · 787087271 decrypts]    374s  36.5M/s ETA  31.4 min
  [wave 53/313 · 524288 4-plug climbs]
  [round 1 · 524288 climbs live · 867827623 decrypts]    376s  36.6M/s ETA  31.3 min
  [round 2 · 524287 climbs live · 931266471 decrypts]    377s  36.6M/s ETA  31.3 min
  [round 3 · 523727 climbs live · 979500875 decrypts]    378s  36.6M/s ETA  31.2 min
  [round 4 · 508572 climbs live · 1014590584 decrypts]    379s  36.6M/s ETA  31.2 min
  [round 5 · 410269 climbs live · 1037984896 decrypts]    380s  36.6M/s ETA  31.2 min
  [round 6 · 0 climbs live · 1049882697 decrypts]    381s  36.5M/s ETA  31.3 min
