ASIC datapath backend: Metal-cleartext-KPA (B=17576 cleartext lanes/Greek)
Stochastic templates: 1 (constrained 20…20)
Shell evolution: ON freeRings=false WO=6 ringSeeds=2 subspace=potsdam-neighbourhood
Block B Greeks (fixed): (none) — fitness higher=better (KPA letter-match)
Hybrid gen 1/16 pop=16 blockB_greeks=0
  gen-best  9/20 (45%) tmpl=keyboard:pad:ASDFGHJK+QWERTZUI@g2@1 IC=0.0305 pos=JLEY | UKWC beta IV-VIII-III rings=AACU stecker=AJ IT OS PX RU YZ
  all-time  9/20 tmpl=keyboard:pad:ASDFGHJK+QWERTZUI@g2@1 pos=JLEY | UKWC beta IV-VIII-III rings=AACU stecker=AJ IT OS PX RU YZ
Hybrid gen 2/16 pop=16 blockB_greeks=0
  gen-best  9/20 (45%) tmpl=keyboard:pad:ASDFGHJK+QWERTZUI@g2@1 IC=0.0305 pos=JLEY | UKWC beta IV-VIII-III rings=AACU stecker=AJ IT OS PX RU YZ
  all-time  9/20 tmpl=keyboard:pad:ASDFGHJK+QWERTZUI@g2@1 pos=JLEY | UKWC beta IV-VIII-III rings=AACU stecker=AJ IT OS PX RU YZ
Hybrid gen 3/16 pop=16 blockB_greeks=0
  gen-best  10/20 (50%) tmpl=keyboard:pad:ASDFGHJK+QWERTZUI@g2@1 IC=0.0372 pos=POLC | UKWC gamma III-VIII-IV rings=AACU stecker=AJ CN FZ HO IX KQ LU PT RS
  all-time  10/20 tmpl=keyboard:pad:ASDFGHJK+QWERTZUI@g2@1 pos=POLC | UKWC gamma III-VIII-IV rings=AACU stecker=AJ CN FZ HO IX KQ LU PT RS
Hybrid gen 4/16 pop=16 blockB_greeks=0
  gen-best  10/20 (50%) tmpl=keyboard:pad:ASDFGHJK+QWERTZUI@g2@1 IC=0.0372 pos=POLC | UKWC gamma III-VIII-IV rings=AACU stecker=AJ CN FZ HO IX KQ LU PT RS
  all-time  10/20 tmpl=keyboard:pad:ASDFGHJK+QWERTZUI@g2@1 pos=POLC | UKWC gamma III-VIII-IV rings=AACU stecker=AJ CN FZ HO IX KQ LU PT RS
Hybrid gen 5/16 pop=16 blockB_greeks=0
  gen-best  10/20 (50%) tmpl=keyboard:pad:ASDFGHJK+QWERTZUI@g2@1 IC=0.0372 pos=POLC | UKWC gamma III-VIII-IV rings=AACU stecker=AJ CN FZ HO IX KQ LU PT RS
  all-time  10/20 tmpl=keyboard:pad:ASDFGHJK+QWERTZUI@g2@1 pos=POLC | UKWC gamma III-VIII-IV rings=AACU stecker=AJ CN FZ HO IX KQ LU PT RS
Hybrid gen 6/16 pop=16 blockB_greeks=0
  gen-best  10/20 (50%) tmpl=keyboard:pad:ASDFGHJK+QWERTZUI@g2@1 IC=0.0372 pos=POLC | UKWC gamma III-VIII-IV rings=AACU stecker=AJ CN FZ HO IX KQ LU PT RS
  all-time  10/20 tmpl=keyboard:pad:ASDFGHJK+QWERTZUI@g2@1 pos=POLC | UKWC gamma III-VIII-IV rings=AACU stecker=AJ CN FZ HO IX KQ LU PT RS
Hybrid gen 7/16 pop=16 blockB_greeks=0
  gen-best  10/20 (50%) tmpl=keyboard:pad:ASDFGHJK+QWERTZUI@g2@1 IC=0.0372 pos=POLC | UKWC gamma III-VIII-IV rings=AACU stecker=AJ CN FZ HO IX KQ LU PT RS
  all-time  10/20 tmpl=keyboard:pad:ASDFGHJK+QWERTZUI@g2@1 pos=POLC | UKWC gamma III-VIII-IV rings=AACU stecker=AJ CN FZ HO IX KQ LU PT RS
Hybrid gen 8/16 pop=16 blockB_greeks=0
  gen-best  11/20 (55%) tmpl=keyboard:pad:ASDFGHJK+QWERTZUI@g2@1 IC=0.0383 pos=POLC | UKWC gamma III-VIII-IV rings=AACU stecker=AJ CN FZ HO IX KQ LU MV PT RS
  all-time  11/20 tmpl=keyboard:pad:ASDFGHJK+QWERTZUI@g2@1 pos=POLC | UKWC gamma III-VIII-IV rings=AACU stecker=AJ CN FZ HO IX KQ LU MV PT RS
Hybrid gen 9/16 pop=16 blockB_greeks=0
  gen-best  11/20 (55%) tmpl=keyboard:pad:ASDFGHJK+QWERTZUI@g2@1 IC=0.0383 pos=POLC | UKWC gamma III-VIII-IV rings=AACU stecker=AJ CN FZ HO IX KQ LU MV PT RS
  all-time  11/20 tmpl=keyboard:pad:ASDFGHJK+QWERTZUI@g2@1 pos=POLC | UKWC gamma III-VIII-IV rings=AACU stecker=AJ CN FZ HO IX KQ LU MV PT RS
Hybrid gen 10/16 pop=16 blockB_greeks=0
  gen-best  11/20 (55%) tmpl=keyboard:pad:ASDFGHJK+QWERTZUI@g2@1 IC=0.0383 pos=POLC | UKWC gamma III-VIII-IV rings=AACU stecker=AJ CN FZ HO IX KQ LU MV PT RS
  all-time  11/20 tmpl=keyboard:pad:ASDFGHJK+QWERTZUI@g2@1 pos=POLC | UKWC gamma III-VIII-IV rings=AACU stecker=AJ CN FZ HO IX KQ LU MV PT RS
Hybrid gen 11/16 pop=16 blockB_greeks=0
  gen-best  12/20 (60%) tmpl=keyboard:pad:ASDFGHJK+QWERTZUI@g2@1 IC=0.0383 pos=POLC | UKWC gamma III-VIII-IV rings=AACU stecker=AJ CY FZ HO IX KQ LU MV PT RS
  all-time  12/20 tmpl=keyboard:pad:ASDFGHJK+QWERTZUI@g2@1 pos=POLC | UKWC gamma III-VIII-IV rings=AACU stecker=AJ CY FZ HO IX KQ LU MV PT RS
Hybrid gen 12/16 pop=16 blockB_greeks=0
  gen-best  12/20 (60%) tmpl=keyboard:pad:ASDFGHJK+QWERTZUI@g2@1 IC=0.0383 pos=POLC | UKWC gamma III-VIII-IV rings=AACU stecker=AJ CY FZ HO IX KQ LU MV PT RS
  all-time  12/20 tmpl=keyboard:pad:ASDFGHJK+QWERTZUI@g2@1 pos=POLC | UKWC gamma III-VIII-IV rings=AACU stecker=AJ CY FZ HO IX KQ LU MV PT RS
Hybrid gen 13/16 pop=16 blockB_greeks=0
  gen-best  12/20 (60%) tmpl=keyboard:pad:ASDFGHJK+QWERTZUI@g2@1 IC=0.0383 pos=POLC | UKWC gamma III-VIII-IV rings=AACU stecker=AJ CY FZ HO IX KQ LU MV PT RS
  all-time  12/20 tmpl=keyboard:pad:ASDFGHJK+QWERTZUI@g2@1 pos=POLC | UKWC gamma III-VIII-IV rings=AACU stecker=AJ CY FZ HO IX KQ LU MV PT RS
Hybrid gen 14/16 pop=16 blockB_greeks=0
  gen-best  12/20 (60%) tmpl=keyboard:pad:ASDFGHJK+QWERTZUI@g2@1 IC=0.0383 pos=POLC | UKWC gamma III-VIII-IV rings=AACU stecker=AJ CY FZ HO IX KQ LU MV PT RS
  all-time  12/20 tmpl=keyboard:pad:ASDFGHJK+QWERTZUI@g2@1 pos=POLC | UKWC gamma III-VIII-IV rings=AACU stecker=AJ CY FZ HO IX KQ LU MV PT RS
Hybrid gen 15/16 pop=16 blockB_greeks=0
  gen-best  12/20 (60%) tmpl=keyboard:pad:ASDFGHJK+QWERTZUI@g2@1 IC=0.0383 pos=POLC | UKWC gamma III-VIII-IV rings=AACU stecker=AJ CY FZ HO IX KQ LU MV PT RS
  all-time  12/20 tmpl=keyboard:pad:ASDFGHJK+QWERTZUI@g2@1 pos=POLC | UKWC gamma III-VIII-IV rings=AACU stecker=AJ CY FZ HO IX KQ LU MV PT RS
Hybrid gen 16/16 pop=16 blockB_greeks=0
  gen-best  12/20 (60%) tmpl=keyboard:pad:ASDFGHJK+QWERTZUI@g2@1 IC=0.0383 pos=POLC | UKWC gamma III-VIII-IV rings=AACU stecker=AJ CY FZ HO IX KQ LU MV PT RS
  all-time  12/20 tmpl=keyboard:pad:ASDFGHJK+QWERTZUI@g2@1 pos=POLC | UKWC gamma III-VIII-IV rings=AACU stecker=AJ CY FZ HO IX KQ LU MV PT RS
ASIC datapath backend: Metal-cleartext-KPA (B=17576 cleartext lanes/Greek)
Stochastic templates: 1 (constrained 20…20)
Shell evolution: ON freeRings=false WO=6 ringSeeds=2 subspace=potsdam-neighbourhood
Block B Greeks (fixed): (none) — fitness higher=better (KPA letter-match)
Hybrid gen 1/16 pop=16 blockB_greeks=0
  gen-best  8/20 (40%) tmpl=keyboard:pad:QWERTZUI+ABCDEFGH@g2@0 IC=0.0387 pos=REIS | UKWB gamma IV-III-VIII rings=AAAA stecker=(none)
  all-time  8/20 tmpl=keyboard:pad:QWERTZUI+ABCDEFGH@g2@0 pos=REIS | UKWB gamma IV-III-VIII rings=AAAA stecker=(none)
Hybrid gen 2/16 pop=16 blockB_greeks=0
  gen-best  9/20 (45%) tmpl=keyboard:pad:QWERTZUI+ABCDEFGH@g2@0 IC=0.0376 pos=WRFG | UKWB gamma VIII-III-IV rings=AACU stecker=AX FI JZ LR NT QS VW
  all-time  9/20 tmpl=keyboard:pad:QWERTZUI+ABCDEFGH@g2@0 pos=WRFG | UKWB gamma VIII-III-IV rings=AACU stecker=AX FI JZ LR NT QS VW
Hybrid gen 3/16 pop=16 blockB_greeks=0
  gen-best  9/20 (45%) tmpl=keyboard:pad:QWERTZUI+ABCDEFGH@g2@0 IC=0.0376 pos=WRFG | UKWB gamma VIII-III-IV rings=AACU stecker=AX FI JZ LR NT QS VW
  all-time  9/20 tmpl=keyboard:pad:QWERTZUI+ABCDEFGH@g2@0 pos=WRFG | UKWB gamma VIII-III-IV rings=AACU stecker=AX FI JZ LR NT QS VW
Hybrid gen 4/16 pop=16 blockB_greeks=0
  gen-best  10/20 (50%) tmpl=keyboard:pad:QWERTZUI+ABCDEFGH@g2@0 IC=0.0423 pos=LOGD | UKWB gamma III-IV-VIII rings=AACU stecker=AB CN GW HM IV LQ OR TY
  all-time  10/20 tmpl=keyboard:pad:QWERTZUI+ABCDEFGH@g2@0 pos=LOGD | UKWB gamma III-IV-VIII rings=AACU stecker=AB CN GW HM IV LQ OR TY
Hybrid gen 5/16 pop=16 blockB_greeks=0
  gen-best  11/20 (55%) tmpl=keyboard:pad:QWERTZUI+ABCDEFGH@g2@0 IC=0.0442 pos=LOGD | UKWB gamma III-IV-VIII rings=AACU stecker=AB CZ GW HM IV LQ OR TY
  all-time  11/20 tmpl=keyboard:pad:QWERTZUI+ABCDEFGH@g2@0 pos=LOGD | UKWB gamma III-IV-VIII rings=AACU stecker=AB CZ GW HM IV LQ OR TY
Hybrid gen 6/16 pop=16 blockB_greeks=0
  gen-best  11/20 (55%) tmpl=keyboard:pad:QWERTZUI+ABCDEFGH@g2@0 IC=0.0442 pos=LOGD | UKWB gamma III-IV-VIII rings=AACU stecker=AB CZ GW HM IV LQ OR TY
  all-time  11/20 tmpl=keyboard:pad:QWERTZUI+ABCDEFGH@g2@0 pos=LOGD | UKWB gamma III-IV-VIII rings=AACU stecker=AB CZ GW HM IV LQ OR TY
Hybrid gen 7/16 pop=16 blockB_greeks=0
  gen-best  11/20 (55%) tmpl=keyboard:pad:QWERTZUI+ABCDEFGH@g2@0 IC=0.0442 pos=LOGD | UKWB gamma III-IV-VIII rings=AACU stecker=AB CZ GW HM IV LQ OR TY
  all-time  11/20 tmpl=keyboard:pad:QWERTZUI+ABCDEFGH@g2@0 pos=LOGD | UKWB gamma III-IV-VIII rings=AACU stecker=AB CZ GW HM IV LQ OR TY
Hybrid gen 8/16 pop=16 blockB_greeks=0
  gen-best  11/20 (55%) tmpl=keyboard:pad:QWERTZUI+ABCDEFGH@g2@0 IC=0.0442 pos=LOGD | UKWB gamma III-IV-VIII rings=AACU stecker=AB CZ GW HM IV LQ OR TY
  all-time  11/20 tmpl=keyboard:pad:QWERTZUI+ABCDEFGH@g2@0 pos=LOGD | UKWB gamma III-IV-VIII rings=AACU stecker=AB CZ GW HM IV LQ OR TY
Hybrid gen 9/16 pop=16 blockB_greeks=0
  gen-best  11/20 (55%) tmpl=keyboard:pad:QWERTZUI+ABCDEFGH@g2@0 IC=0.0442 pos=LOGD | UKWB gamma III-IV-VIII rings=AACU stecker=AB CZ GW HM IV LQ OR TY
  all-time  11/20 tmpl=keyboard:pad:QWERTZUI+ABCDEFGH@g2@0 pos=LOGD | UKWB gamma III-IV-VIII rings=AACU stecker=AB CZ GW HM IV LQ OR TY
Hybrid gen 10/16 pop=16 blockB_greeks=0
  gen-best  11/20 (55%) tmpl=keyboard:pad:QWERTZUI+ABCDEFGH@g2@0 IC=0.0442 pos=LOGD | UKWB gamma III-IV-VIII rings=AACU stecker=AB CZ GW HM IV LQ OR TY
  all-time  11/20 tmpl=keyboard:pad:QWERTZUI+ABCDEFGH@g2@0 pos=LOGD | UKWB gamma III-IV-VIII rings=AACU stecker=AB CZ GW HM IV LQ OR TY
Hybrid gen 11/16 pop=16 blockB_greeks=0
  gen-best  11/20 (55%) tmpl=keyboard:pad:QWERTZUI+ABCDEFGH@g2@0 IC=0.0442 pos=LOGD | UKWB gamma III-IV-VIII rings=AACU stecker=AB CZ GW HM IV LQ OR TY
  all-time  11/20 tmpl=keyboard:pad:QWERTZUI+ABCDEFGH@g2@0 pos=LOGD | UKWB gamma III-IV-VIII rings=AACU stecker=AB CZ GW HM IV LQ OR TY
Hybrid gen 12/16 pop=16 blockB_greeks=0
  gen-best  11/20 (55%) tmpl=keyboard:pad:QWERTZUI+ABCDEFGH@g2@0 IC=0.0442 pos=LOGD | UKWB gamma III-IV-VIII rings=AACU stecker=AB CZ GW HM IV LQ OR TY
  all-time  11/20 tmpl=keyboard:pad:QWERTZUI+ABCDEFGH@g2@0 pos=LOGD | UKWB gamma III-IV-VIII rings=AACU stecker=AB CZ GW HM IV LQ OR TY
Hybrid gen 13/16 pop=16 blockB_greeks=0
  gen-best  11/20 (55%) tmpl=keyboard:pad:QWERTZUI+ABCDEFGH@g2@0 IC=0.0442 pos=LOGD | UKWB gamma III-IV-VIII rings=AACU stecker=AB CZ GW HM IV LQ OR TY
  all-time  11/20 tmpl=keyboard:pad:QWERTZUI+ABCDEFGH@g2@0 pos=LOGD | UKWB gamma III-IV-VIII rings=AACU stecker=AB CZ GW HM IV LQ OR TY
Hybrid gen 14/16 pop=16 blockB_greeks=0
  gen-best  11/20 (55%) tmpl=keyboard:pad:QWERTZUI+ABCDEFGH@g2@0 IC=0.0442 pos=LOGD | UKWB gamma III-IV-VIII rings=AACU stecker=AB CZ GW HM IV LQ OR TY
  all-time  11/20 tmpl=keyboard:pad:QWERTZUI+ABCDEFGH@g2@0 pos=LOGD | UKWB gamma III-IV-VIII rings=AACU stecker=AB CZ GW HM IV LQ OR TY
Hybrid gen 15/16 pop=16 blockB_greeks=0
  gen-best  11/20 (55%) tmpl=keyboard:pad:QWERTZUI+ABCDEFGH@g2@0 IC=0.0442 pos=LOGD | UKWB gamma III-IV-VIII rings=AACU stecker=AB CZ GW HM IV LQ OR TY
  all-time  11/20 tmpl=keyboard:pad:QWERTZUI+ABCDEFGH@g2@0 pos=LOGD | UKWB gamma III-IV-VIII rings=AACU stecker=AB CZ GW HM IV LQ OR TY
Hybrid gen 16/16 pop=16 blockB_greeks=0
  gen-best  11/20 (55%) tmpl=keyboard:pad:QWERTZUI+ABCDEFGH@g2@0 IC=0.0442 pos=LOGD | UKWB gamma III-IV-VIII rings=AACU stecker=AB CZ GW HM IV LQ OR TY
  all-time  11/20 tmpl=keyboard:pad:QWERTZUI+ABCDEFGH@g2@0 pos=LOGD | UKWB gamma III-IV-VIII rings=AACU stecker=AB CZ GW HM IV LQ OR TY
ASIC datapath backend: Metal-cleartext-KPA (B=17576 cleartext lanes/Greek)
Stochastic templates: 1 (constrained 20…20)
Shell evolution: ON freeRings=false WO=6 ringSeeds=2 subspace=potsdam-neighbourhood
Block B Greeks (fixed): (none) — fitness higher=better (KPA letter-match)
Hybrid gen 1/16 pop=16 blockB_greeks=0
  gen-best  8/20 (40%) tmpl=keyboard:pad:QWERTZUI+ABCDEFGH@g2@1 IC=0.0364 pos=OHMF | UKWB gamma III-VIII-IV rings=AACU stecker=CD EW KR SZ
  all-time  8/20 tmpl=keyboard:pad:QWERTZUI+ABCDEFGH@g2@1 pos=OHMF | UKWB gamma III-VIII-IV rings=AACU stecker=CD EW KR SZ
Hybrid gen 2/16 pop=16 blockB_greeks=0
  gen-best  11/20 (55%) tmpl=keyboard:pad:QWERTZUI+ABCDEFGH@g2@1 IC=0.0415 pos=AIYP | UKWC gamma III-VIII-IV rings=AAAA stecker=AS CR FU IK OX TV
  all-time  11/20 tmpl=keyboard:pad:QWERTZUI+ABCDEFGH@g2@1 pos=AIYP | UKWC gamma III-VIII-IV rings=AAAA stecker=AS CR FU IK OX TV
Hybrid gen 3/16 pop=16 blockB_greeks=0
  gen-best  11/20 (55%) tmpl=keyboard:pad:QWERTZUI+ABCDEFGH@g2@1 IC=0.0415 pos=AIYP | UKWC gamma III-VIII-IV rings=AAAA stecker=AS CR FU IK OX TV
  all-time  11/20 tmpl=keyboard:pad:QWERTZUI+ABCDEFGH@g2@1 pos=AIYP | UKWC gamma III-VIII-IV rings=AAAA stecker=AS CR FU IK OX TV
Hybrid gen 4/16 pop=16 blockB_greeks=0
  gen-best  11/20 (55%) tmpl=keyboard:pad:QWERTZUI+ABCDEFGH@g2@1 IC=0.0415 pos=AIYP | UKWC gamma III-VIII-IV rings=AAAA stecker=AS CR FU IK OX TV
  all-time  11/20 tmpl=keyboard:pad:QWERTZUI+ABCDEFGH@g2@1 pos=AIYP | UKWC gamma III-VIII-IV rings=AAAA stecker=AS CR FU IK OX TV
Hybrid gen 5/16 pop=16 blockB_greeks=0
  gen-best  11/20 (55%) tmpl=keyboard:pad:QWERTZUI+ABCDEFGH@g2@1 IC=0.0415 pos=AIYP | UKWC gamma III-VIII-IV rings=AAAA stecker=AS CR FU IK OX TV
  all-time  11/20 tmpl=keyboard:pad:QWERTZUI+ABCDEFGH@g2@1 pos=AIYP | UKWC gamma III-VIII-IV rings=AAAA stecker=AS CR FU IK OX TV
Hybrid gen 6/16 pop=16 blockB_greeks=0
  gen-best  11/20 (55%) tmpl=keyboard:pad:QWERTZUI+ABCDEFGH@g2@1 IC=0.0415 pos=AIYP | UKWC gamma III-VIII-IV rings=AAAA stecker=AS CR FU IK OX TV
  all-time  11/20 tmpl=keyboard:pad:QWERTZUI+ABCDEFGH@g2@1 pos=AIYP | UKWC gamma III-VIII-IV rings=AAAA stecker=AS CR FU IK OX TV
Hybrid gen 7/16 pop=16 blockB_greeks=0
  gen-best  12/20 (60%) tmpl=keyboard:pad:QWERTZUI+ABCDEFGH@g2@1 IC=0.0407 pos=AIYP | UKWC gamma III-VIII-IV rings=AAAA stecker=AS BN CR FU IK OX TV
  all-time  12/20 tmpl=keyboard:pad:QWERTZUI+ABCDEFGH@g2@1 pos=AIYP | UKWC gamma III-VIII-IV rings=AAAA stecker=AS BN CR FU IK OX TV
Hybrid gen 8/16 pop=16 blockB_greeks=0
  gen-best  12/20 (60%) tmpl=keyboard:pad:QWERTZUI+ABCDEFGH@g2@1 IC=0.0407 pos=AIYP | UKWC gamma III-VIII-IV rings=AAAA stecker=AS BN CR FU IK OX TV
  all-time  12/20 tmpl=keyboard:pad:QWERTZUI+ABCDEFGH@g2@1 pos=AIYP | UKWC gamma III-VIII-IV rings=AAAA stecker=AS BN CR FU IK OX TV
Hybrid gen 9/16 pop=16 blockB_greeks=0
  gen-best  12/20 (60%) tmpl=keyboard:pad:QWERTZUI+ABCDEFGH@g2@1 IC=0.0407 pos=AIYP | UKWC gamma III-VIII-IV rings=AAAA stecker=AS BN CR FU IK OX TV
  all-time  12/20 tmpl=keyboard:pad:QWERTZUI+ABCDEFGH@g2@1 pos=AIYP | UKWC gamma III-VIII-IV rings=AAAA stecker=AS BN CR FU IK OX TV
Hybrid gen 10/16 pop=16 blockB_greeks=0
  gen-best  12/20 (60%) tmpl=keyboard:pad:QWERTZUI+ABCDEFGH@g2@1 IC=0.0407 pos=AIYP | UKWC gamma III-VIII-IV rings=AAAA stecker=AS BN CR FU IK OX TV
  all-time  12/20 tmpl=keyboard:pad:QWERTZUI+ABCDEFGH@g2@1 pos=AIYP | UKWC gamma III-VIII-IV rings=AAAA stecker=AS BN CR FU IK OX TV
Hybrid gen 11/16 pop=16 blockB_greeks=0
  gen-best  13/20 (65%) tmpl=keyboard:pad:QWERTZUI+ABCDEFGH@g2@1 IC=0.0407 pos=AIYP | UKWC gamma III-VIII-IV rings=AAAA stecker=AS BN CR DY FU IK OX TV
  all-time  13/20 tmpl=keyboard:pad:QWERTZUI+ABCDEFGH@g2@1 pos=AIYP | UKWC gamma III-VIII-IV rings=AAAA stecker=AS BN CR DY FU IK OX TV
Hybrid gen 12/16 pop=16 blockB_greeks=0
  gen-best  13/20 (65%) tmpl=keyboard:pad:QWERTZUI+ABCDEFGH@g2@1 IC=0.0407 pos=AIYP | UKWC gamma III-VIII-IV rings=AAAA stecker=AS BN CR DY FU IK OX TV
  all-time  13/20 tmpl=keyboard:pad:QWERTZUI+ABCDEFGH@g2@1 pos=AIYP | UKWC gamma III-VIII-IV rings=AAAA stecker=AS BN CR DY FU IK OX TV
Hybrid gen 13/16 pop=16 blockB_greeks=0
  gen-best  13/20 (65%) tmpl=keyboard:pad:QWERTZUI+ABCDEFGH@g2@1 IC=0.0407 pos=AIYP | UKWC gamma III-VIII-IV rings=AAAA stecker=AS BN CR DY FU IK OX TV
  all-time  13/20 tmpl=keyboard:pad:QWERTZUI+ABCDEFGH@g2@1 pos=AIYP | UKWC gamma III-VIII-IV rings=AAAA stecker=AS BN CR DY FU IK OX TV
Hybrid gen 14/16 pop=16 blockB_greeks=0
  gen-best  13/20 (65%) tmpl=keyboard:pad:QWERTZUI+ABCDEFGH@g2@1 IC=0.0407 pos=AIYP | UKWC gamma III-VIII-IV rings=AAAA stecker=AS BN CR DY FU IK OX TV
  all-time  13/20 tmpl=keyboard:pad:QWERTZUI+ABCDEFGH@g2@1 pos=AIYP | UKWC gamma III-VIII-IV rings=AAAA stecker=AS BN CR DY FU IK OX TV
Hybrid gen 15/16 pop=16 blockB_greeks=0
  gen-best  13/20 (65%) tmpl=keyboard:pad:QWERTZUI+ABCDEFGH@g2@1 IC=0.0407 pos=AIYP | UKWC gamma III-VIII-IV rings=AAAA stecker=AS BN CR DY FU IK OX TV
  all-time  13/20 tmpl=keyboard:pad:QWERTZUI+ABCDEFGH@g2@1 pos=AIYP | UKWC gamma III-VIII-IV rings=AAAA stecker=AS BN CR DY FU IK OX TV
Hybrid gen 16/16 pop=16 blockB_greeks=0
  gen-best  13/20 (65%) tmpl=keyboard:pad:QWERTZUI+ABCDEFGH@g2@1 IC=0.0407 pos=AIYP | UKWC gamma III-VIII-IV rings=AAAA stecker=AS BN CR DY FU IK OX TV
  all-time  13/20 tmpl=keyboard:pad:QWERTZUI+ABCDEFGH@g2@1 pos=AIYP | UKWC gamma III-VIII-IV rings=AAAA stecker=AS BN CR DY FU IK OX TV
ASIC datapath backend: Metal-cleartext-KPA (B=17576 cleartext lanes/Greek)
Stochastic templates: 1 (constrained 20…20)
Shell evolution: ON freeRings=false WO=6 ringSeeds=2 subspace=potsdam-neighbourhood
Block B Greeks (fixed): (none) — fitness higher=better (KPA letter-match)
Hybrid gen 1/16 pop=16 blockB_greeks=0
  gen-best  8/20 (40%) tmpl=keyboard:pad:QWERTZUI+ABCDEFGH@g4@0 IC=0.0395 pos=XAPW | UKWC gamma VIII-III-IV rings=AACU stecker=DQ HI JY KP RT VW
  all-time  8/20 tmpl=keyboard:pad:QWERTZUI+ABCDEFGH@g4@0 pos=XAPW | UKWC gamma VIII-III-IV rings=AACU stecker=DQ HI JY KP RT VW
Hybrid gen 2/16 pop=16 blockB_greeks=0
  gen-best  10/20 (50%) tmpl=keyboard:pad:QWERTZUI+ABCDEFGH@g4@0 IC=0.0325 pos=RDIK | UKWC beta IV-III-VIII rings=AACU stecker=AF BP DY EL GR HJ NX OU VZ
  all-time  10/20 tmpl=keyboard:pad:QWERTZUI+ABCDEFGH@g4@0 pos=RDIK | UKWC beta IV-III-VIII rings=AACU stecker=AF BP DY EL GR HJ NX OU VZ
Hybrid gen 3/16 pop=16 blockB_greeks=0
  gen-best  10/20 (50%) tmpl=keyboard:pad:QWERTZUI+ABCDEFGH@g4@0 IC=0.0325 pos=RDIK | UKWC beta IV-III-VIII rings=AACU stecker=AF BP DY EL GR HJ NX OU VZ
  all-time  10/20 tmpl=keyboard:pad:QWERTZUI+ABCDEFGH@g4@0 pos=RDIK | UKWC beta IV-III-VIII rings=AACU stecker=AF BP DY EL GR HJ NX OU VZ
Hybrid gen 4/16 pop=16 blockB_greeks=0
  gen-best  10/20 (50%) tmpl=keyboard:pad:QWERTZUI+ABCDEFGH@g4@0 IC=0.0325 pos=RDIK | UKWC beta IV-III-VIII rings=AACU stecker=AF BP DY EL GR HJ NX OU VZ
  all-time  10/20 tmpl=keyboard:pad:QWERTZUI+ABCDEFGH@g4@0 pos=RDIK | UKWC beta IV-III-VIII rings=AACU stecker=AF BP DY EL GR HJ NX OU VZ
Hybrid gen 5/16 pop=16 blockB_greeks=0
  gen-best  10/20 (50%) tmpl=keyboard:pad:QWERTZUI+ABCDEFGH@g4@0 IC=0.0325 pos=RDIK | UKWC beta IV-III-VIII rings=AACU stecker=AF BP DY EL GR HJ NX OU VZ
  all-time  10/20 tmpl=keyboard:pad:QWERTZUI+ABCDEFGH@g4@0 pos=RDIK | UKWC beta IV-III-VIII rings=AACU stecker=AF BP DY EL GR HJ NX OU VZ
Hybrid gen 6/16 pop=16 blockB_greeks=0
  gen-best  10/20 (50%) tmpl=keyboard:pad:QWERTZUI+ABCDEFGH@g4@0 IC=0.0325 pos=RDIK | UKWC beta IV-III-VIII rings=AACU stecker=AF BP DY EL GR HJ NX OU VZ
  all-time  10/20 tmpl=keyboard:pad:QWERTZUI+ABCDEFGH@g4@0 pos=RDIK | UKWC beta IV-III-VIII rings=AACU stecker=AF BP DY EL GR HJ NX OU VZ
Hybrid gen 7/16 pop=16 blockB_greeks=0
  gen-best  10/20 (50%) tmpl=keyboard:pad:QWERTZUI+ABCDEFGH@g4@0 IC=0.0325 pos=RDIK | UKWC beta IV-III-VIII rings=AACU stecker=AF BP DY EL GR HJ NX OU VZ
  all-time  10/20 tmpl=keyboard:pad:QWERTZUI+ABCDEFGH@g4@0 pos=RDIK | UKWC beta IV-III-VIII rings=AACU stecker=AF BP DY EL GR HJ NX OU VZ
Hybrid gen 8/16 pop=16 blockB_greeks=0
  gen-best  10/20 (50%) tmpl=keyboard:pad:QWERTZUI+ABCDEFGH@g4@0 IC=0.0325 pos=RDIK | UKWC beta IV-III-VIII rings=AACU stecker=AF BP DY EL GR HJ NX OU VZ
  all-time  10/20 tmpl=keyboard:pad:QWERTZUI+ABCDEFGH@g4@0 pos=RDIK | UKWC beta IV-III-VIII rings=AACU stecker=AF BP DY EL GR HJ NX OU VZ
Hybrid gen 9/16 pop=16 blockB_greeks=0
  gen-best  10/20 (50%) tmpl=keyboard:pad:QWERTZUI+ABCDEFGH@g4@0 IC=0.0325 pos=RDIK | UKWC beta IV-III-VIII rings=AACU stecker=AF BP DY EL GR HJ NX OU VZ
  all-time  10/20 tmpl=keyboard:pad:QWERTZUI+ABCDEFGH@g4@0 pos=RDIK | UKWC beta IV-III-VIII rings=AACU stecker=AF BP DY EL GR HJ NX OU VZ
Hybrid gen 10/16 pop=16 blockB_greeks=0
  gen-best  10/20 (50%) tmpl=keyboard:pad:QWERTZUI+ABCDEFGH@g4@0 IC=0.0325 pos=RDIK | UKWC beta IV-III-VIII rings=AACU stecker=AF BP DY EL GR HJ NX OU VZ
  all-time  10/20 tmpl=keyboard:pad:QWERTZUI+ABCDEFGH@g4@0 pos=RDIK | UKWC beta IV-III-VIII rings=AACU stecker=AF BP DY EL GR HJ NX OU VZ
Hybrid gen 11/16 pop=16 blockB_greeks=0
  gen-best  10/20 (50%) tmpl=keyboard:pad:QWERTZUI+ABCDEFGH@g4@0 IC=0.0325 pos=RDIK | UKWC beta IV-III-VIII rings=AACU stecker=AF BP DY EL GR HJ NX OU VZ
  all-time  10/20 tmpl=keyboard:pad:QWERTZUI+ABCDEFGH@g4@0 pos=RDIK | UKWC beta IV-III-VIII rings=AACU stecker=AF BP DY EL GR HJ NX OU VZ
Hybrid gen 12/16 pop=16 blockB_greeks=0
  gen-best  10/20 (50%) tmpl=keyboard:pad:QWERTZUI+ABCDEFGH@g4@0 IC=0.0325 pos=RDIK | UKWC beta IV-III-VIII rings=AACU stecker=AF BP DY EL GR HJ NX OU VZ
  all-time  10/20 tmpl=keyboard:pad:QWERTZUI+ABCDEFGH@g4@0 pos=RDIK | UKWC beta IV-III-VIII rings=AACU stecker=AF BP DY EL GR HJ NX OU VZ
Hybrid gen 13/16 pop=16 blockB_greeks=0
  gen-best  10/20 (50%) tmpl=keyboard:pad:QWERTZUI+ABCDEFGH@g4@0 IC=0.0325 pos=RDIK | UKWC beta IV-III-VIII rings=AACU stecker=AF BP DY EL GR HJ NX OU VZ
  all-time  10/20 tmpl=keyboard:pad:QWERTZUI+ABCDEFGH@g4@0 pos=RDIK | UKWC beta IV-III-VIII rings=AACU stecker=AF BP DY EL GR HJ NX OU VZ
Hybrid gen 14/16 pop=16 blockB_greeks=0
  gen-best  10/20 (50%) tmpl=keyboard:pad:QWERTZUI+ABCDEFGH@g4@0 IC=0.0325 pos=RDIK | UKWC beta IV-III-VIII rings=AACU stecker=AF BP DY EL GR HJ NX OU VZ
  all-time  10/20 tmpl=keyboard:pad:QWERTZUI+ABCDEFGH@g4@0 pos=RDIK | UKWC beta IV-III-VIII rings=AACU stecker=AF BP DY EL GR HJ NX OU VZ
Hybrid gen 15/16 pop=16 blockB_greeks=0
  gen-best  10/20 (50%) tmpl=keyboard:pad:QWERTZUI+ABCDEFGH@g4@0 IC=0.0325 pos=RDIK | UKWC beta IV-III-VIII rings=AACU stecker=AF BP DY EL GR HJ NX OU VZ
  all-time  10/20 tmpl=keyboard:pad:QWERTZUI+ABCDEFGH@g4@0 pos=RDIK | UKWC beta IV-III-VIII rings=AACU stecker=AF BP DY EL GR HJ NX OU VZ
Hybrid gen 16/16 pop=16 blockB_greeks=0
  gen-best  10/20 (50%) tmpl=keyboard:pad:QWERTZUI+ABCDEFGH@g4@0 IC=0.0325 pos=RDIK | UKWC beta IV-III-VIII rings=AACU stecker=AF BP DY EL GR HJ NX OU VZ
  all-time  10/20 tmpl=keyboard:pad:QWERTZUI+ABCDEFGH@g4@0 pos=RDIK | UKWC beta IV-III-VIII rings=AACU stecker=AF BP DY EL GR HJ NX OU VZ
ASIC datapath backend: Metal-cleartext-KPA (B=17576 cleartext lanes/Greek)
Stochastic templates: 1 (constrained 20…20)
Shell evolution: ON freeRings=false WO=6 ringSeeds=2 subspace=potsdam-neighbourhood
Block B Greeks (fixed): (none) — fitness higher=better (KPA letter-match)
Hybrid gen 1/16 pop=16 blockB_greeks=0
  gen-best  8/20 (40%) tmpl=keyboard:pad:QWERTZUI+POIUZTRE@g2@0 IC=0.0442 pos=THMJ | UKWC gamma IV-VIII-III rings=AACU stecker=GT HQ JZ RV
  all-time  8/20 tmpl=keyboard:pad:QWERTZUI+POIUZTRE@g2@0 pos=THMJ | UKWC gamma IV-VIII-III rings=AACU stecker=GT HQ JZ RV
Hybrid gen 2/16 pop=16 blockB_greeks=0
  gen-best  8/20 (40%) tmpl=keyboard:pad:QWERTZUI+POIUZTRE@g2@0 IC=0.0442 pos=THMJ | UKWC gamma IV-VIII-III rings=AACU stecker=GT HQ JZ RV
  all-time  8/20 tmpl=keyboard:pad:QWERTZUI+POIUZTRE@g2@0 pos=THMJ | UKWC gamma IV-VIII-III rings=AACU stecker=GT HQ JZ RV
Hybrid gen 3/16 pop=16 blockB_greeks=0
  gen-best  8/20 (40%) tmpl=keyboard:pad:QWERTZUI+POIUZTRE@g2@0 IC=0.0442 pos=THMJ | UKWC gamma IV-VIII-III rings=AACU stecker=GT HQ JZ RV
  all-time  8/20 tmpl=keyboard:pad:QWERTZUI+POIUZTRE@g2@0 pos=THMJ | UKWC gamma IV-VIII-III rings=AACU stecker=GT HQ JZ RV
Hybrid gen 4/16 pop=16 blockB_greeks=0
  gen-best  9/20 (45%) tmpl=keyboard:pad:QWERTZUI+POIUZTRE@g2@0 IC=0.0352 pos=PYJL | UKWC beta IV-VIII-III rings=AAAA stecker=JX
  all-time  9/20 tmpl=keyboard:pad:QWERTZUI+POIUZTRE@g2@0 pos=PYJL | UKWC beta IV-VIII-III rings=AAAA stecker=JX
Hybrid gen 5/16 pop=16 blockB_greeks=0
  gen-best  9/20 (45%) tmpl=keyboard:pad:QWERTZUI+POIUZTRE@g2@0 IC=0.0352 pos=PYJL | UKWC beta IV-VIII-III rings=AAAA stecker=JX
  all-time  9/20 tmpl=keyboard:pad:QWERTZUI+POIUZTRE@g2@0 pos=PYJL | UKWC beta IV-VIII-III rings=AAAA stecker=JX
Hybrid gen 6/16 pop=16 blockB_greeks=0
  gen-best  9/20 (45%) tmpl=keyboard:pad:QWERTZUI+POIUZTRE@g2@0 IC=0.0352 pos=PYJL | UKWC beta IV-VIII-III rings=AAAA stecker=JX
  all-time  9/20 tmpl=keyboard:pad:QWERTZUI+POIUZTRE@g2@0 pos=PYJL | UKWC beta IV-VIII-III rings=AAAA stecker=JX
Hybrid gen 7/16 pop=16 blockB_greeks=0
  gen-best  10/20 (50%) tmpl=keyboard:pad:QWERTZUI+POIUZTRE@g2@0 IC=0.0446 pos=THMJ | UKWC gamma IV-VIII-III rings=AACU stecker=CF GT HQ JZ RV UX
  all-time  10/20 tmpl=keyboard:pad:QWERTZUI+POIUZTRE@g2@0 pos=THMJ | UKWC gamma IV-VIII-III rings=AACU stecker=CF GT HQ JZ RV UX
Hybrid gen 8/16 pop=16 blockB_greeks=0
  gen-best  10/20 (50%) tmpl=keyboard:pad:QWERTZUI+POIUZTRE@g2@0 IC=0.0446 pos=THMJ | UKWC gamma IV-VIII-III rings=AACU stecker=CF GT HQ JZ RV UX
  all-time  10/20 tmpl=keyboard:pad:QWERTZUI+POIUZTRE@g2@0 pos=THMJ | UKWC gamma IV-VIII-III rings=AACU stecker=CF GT HQ JZ RV UX
Hybrid gen 9/16 pop=16 blockB_greeks=0
  gen-best  10/20 (50%) tmpl=keyboard:pad:QWERTZUI+POIUZTRE@g2@0 IC=0.0446 pos=THMJ | UKWC gamma IV-VIII-III rings=AACU stecker=CF GT HQ JZ RV UX
  all-time  10/20 tmpl=keyboard:pad:QWERTZUI+POIUZTRE@g2@0 pos=THMJ | UKWC gamma IV-VIII-III rings=AACU stecker=CF GT HQ JZ RV UX
Hybrid gen 10/16 pop=16 blockB_greeks=0
  gen-best  10/20 (50%) tmpl=keyboard:pad:QWERTZUI+POIUZTRE@g2@0 IC=0.0446 pos=THMJ | UKWC gamma IV-VIII-III rings=AACU stecker=CF GT HQ JZ RV UX
  all-time  10/20 tmpl=keyboard:pad:QWERTZUI+POIUZTRE@g2@0 pos=THMJ | UKWC gamma IV-VIII-III rings=AACU stecker=CF GT HQ JZ RV UX
Hybrid gen 11/16 pop=16 blockB_greeks=0
  gen-best  10/20 (50%) tmpl=keyboard:pad:QWERTZUI+POIUZTRE@g2@0 IC=0.0446 pos=THMJ | UKWC gamma IV-VIII-III rings=AACU stecker=CF GT HQ JZ RV UX
  all-time  10/20 tmpl=keyboard:pad:QWERTZUI+POIUZTRE@g2@0 pos=THMJ | UKWC gamma IV-VIII-III rings=AACU stecker=CF GT HQ JZ RV UX
Hybrid gen 12/16 pop=16 blockB_greeks=0
  gen-best  10/20 (50%) tmpl=keyboard:pad:QWERTZUI+POIUZTRE@g2@0 IC=0.0446 pos=THMJ | UKWC gamma IV-VIII-III rings=AACU stecker=CF GT HQ JZ RV UX
  all-time  10/20 tmpl=keyboard:pad:QWERTZUI+POIUZTRE@g2@0 pos=THMJ | UKWC gamma IV-VIII-III rings=AACU stecker=CF GT HQ JZ RV UX
Hybrid gen 13/16 pop=16 blockB_greeks=0
  gen-best  10/20 (50%) tmpl=keyboard:pad:QWERTZUI+POIUZTRE@g2@0 IC=0.0446 pos=THMJ | UKWC gamma IV-VIII-III rings=AACU stecker=CF GT HQ JZ RV UX
  all-time  10/20 tmpl=keyboard:pad:QWERTZUI+POIUZTRE@g2@0 pos=THMJ | UKWC gamma IV-VIII-III rings=AACU stecker=CF GT HQ JZ RV UX
Hybrid gen 14/16 pop=16 blockB_greeks=0
  gen-best  11/20 (55%) tmpl=keyboard:pad:QWERTZUI+POIUZTRE@g2@0 IC=0.0419 pos=THMJ | UKWC gamma IV-VIII-III rings=AACU stecker=CF GT JZ MQ RV UX
  all-time  11/20 tmpl=keyboard:pad:QWERTZUI+POIUZTRE@g2@0 pos=THMJ | UKWC gamma IV-VIII-III rings=AACU stecker=CF GT JZ MQ RV UX
Hybrid gen 15/16 pop=16 blockB_greeks=0
  gen-best  11/20 (55%) tmpl=keyboard:pad:QWERTZUI+POIUZTRE@g2@0 IC=0.0419 pos=THMJ | UKWC gamma IV-VIII-III rings=AACU stecker=CF GT JZ MQ RV UX
  all-time  11/20 tmpl=keyboard:pad:QWERTZUI+POIUZTRE@g2@0 pos=THMJ | UKWC gamma IV-VIII-III rings=AACU stecker=CF GT JZ MQ RV UX
Hybrid gen 16/16 pop=16 blockB_greeks=0
  gen-best  12/20 (60%) tmpl=keyboard:pad:QWERTZUI+POIUZTRE@g2@0 IC=0.0426 pos=THMJ | UKWC gamma IV-VIII-III rings=AACU stecker=AO CF GT JZ MQ RV UX
  all-time  12/20 tmpl=keyboard:pad:QWERTZUI+POIUZTRE@g2@0 pos=THMJ | UKWC gamma IV-VIII-III rings=AACU stecker=AO CF GT JZ MQ RV UX
ASIC datapath backend: Metal-cleartext-KPA (B=17576 cleartext lanes/Greek)
Stochastic templates: 1 (constrained 20…20)
Shell evolution: ON freeRings=false WO=6 ringSeeds=2 subspace=potsdam-neighbourhood
Block B Greeks (fixed): (none) — fitness higher=better (KPA letter-match)
Hybrid gen 1/16 pop=16 blockB_greeks=0
  gen-best  8/20 (40%) tmpl=keyboard:pad:QWERTZUI+POIUZTRE@g2@1 IC=0.0348 pos=WYHS | UKWB gamma IV-VIII-III rings=AACU stecker=(none)
  all-time  8/20 tmpl=keyboard:pad:QWERTZUI+POIUZTRE@g2@1 pos=WYHS | UKWB gamma IV-VIII-III rings=AACU stecker=(none)
Hybrid gen 2/16 pop=16 blockB_greeks=0
  gen-best  8/20 (40%) tmpl=keyboard:pad:QWERTZUI+POIUZTRE@g2@1 IC=0.0348 pos=WYHS | UKWB gamma IV-VIII-III rings=AACU stecker=(none)
  all-time  8/20 tmpl=keyboard:pad:QWERTZUI+POIUZTRE@g2@1 pos=WYHS | UKWB gamma IV-VIII-III rings=AACU stecker=(none)
Hybrid gen 3/16 pop=16 blockB_greeks=0
  gen-best  8/20 (40%) tmpl=keyboard:pad:QWERTZUI+POIUZTRE@g2@1 IC=0.0348 pos=WYHS | UKWB gamma IV-VIII-III rings=AACU stecker=(none)
  all-time  8/20 tmpl=keyboard:pad:QWERTZUI+POIUZTRE@g2@1 pos=WYHS | UKWB gamma IV-VIII-III rings=AACU stecker=(none)
Hybrid gen 4/16 pop=16 blockB_greeks=0
  gen-best  9/20 (45%) tmpl=keyboard:pad:QWERTZUI+POIUZTRE@g2@1 IC=0.0344 pos=XWIH | UKWB beta IV-III-VIII rings=AAAU stecker=CP DK EN LZ OR SV UW
  all-time  9/20 tmpl=keyboard:pad:QWERTZUI+POIUZTRE@g2@1 pos=XWIH | UKWB beta IV-III-VIII rings=AAAU stecker=CP DK EN LZ OR SV UW
Hybrid gen 5/16 pop=16 blockB_greeks=0
  gen-best  9/20 (45%) tmpl=keyboard:pad:QWERTZUI+POIUZTRE@g2@1 IC=0.0344 pos=XWIH | UKWB beta IV-III-VIII rings=AAAU stecker=CP DK EN LZ OR SV UW
  all-time  9/20 tmpl=keyboard:pad:QWERTZUI+POIUZTRE@g2@1 pos=XWIH | UKWB beta IV-III-VIII rings=AAAU stecker=CP DK EN LZ OR SV UW
Hybrid gen 6/16 pop=16 blockB_greeks=0
  gen-best  9/20 (45%) tmpl=keyboard:pad:QWERTZUI+POIUZTRE@g2@1 IC=0.0344 pos=XWIH | UKWB beta IV-III-VIII rings=AAAU stecker=CP DK EN LZ OR SV UW
  all-time  9/20 tmpl=keyboard:pad:QWERTZUI+POIUZTRE@g2@1 pos=XWIH | UKWB beta IV-III-VIII rings=AAAU stecker=CP DK EN LZ OR SV UW
Hybrid gen 7/16 pop=16 blockB_greeks=0
  gen-best  9/20 (45%) tmpl=keyboard:pad:QWERTZUI+POIUZTRE@g2@1 IC=0.0344 pos=XWIH | UKWB beta IV-III-VIII rings=AAAU stecker=CP DK EN LZ OR SV UW
  all-time  9/20 tmpl=keyboard:pad:QWERTZUI+POIUZTRE@g2@1 pos=XWIH | UKWB beta IV-III-VIII rings=AAAU stecker=CP DK EN LZ OR SV UW
Hybrid gen 8/16 pop=16 blockB_greeks=0
  gen-best  9/20 (45%) tmpl=keyboard:pad:QWERTZUI+POIUZTRE@g2@1 IC=0.0344 pos=XWIH | UKWB beta IV-III-VIII rings=AAAU stecker=CP DK EN LZ OR SV UW
  all-time  9/20 tmpl=keyboard:pad:QWERTZUI+POIUZTRE@g2@1 pos=XWIH | UKWB beta IV-III-VIII rings=AAAU stecker=CP DK EN LZ OR SV UW
Hybrid gen 9/16 pop=16 blockB_greeks=0
  gen-best  9/20 (45%) tmpl=keyboard:pad:QWERTZUI+POIUZTRE@g2@1 IC=0.0344 pos=XWIH | UKWB beta IV-III-VIII rings=AAAU stecker=CP DK EN LZ OR SV UW
  all-time  9/20 tmpl=keyboard:pad:QWERTZUI+POIUZTRE@g2@1 pos=XWIH | UKWB beta IV-III-VIII rings=AAAU stecker=CP DK EN LZ OR SV UW
Hybrid gen 10/16 pop=16 blockB_greeks=0
  gen-best  9/20 (45%) tmpl=keyboard:pad:QWERTZUI+POIUZTRE@g2@1 IC=0.0344 pos=XWIH | UKWB beta IV-III-VIII rings=AAAU stecker=CP DK EN LZ OR SV UW
  all-time  9/20 tmpl=keyboard:pad:QWERTZUI+POIUZTRE@g2@1 pos=XWIH | UKWB beta IV-III-VIII rings=AAAU stecker=CP DK EN LZ OR SV UW
Hybrid gen 11/16 pop=16 blockB_greeks=0
  gen-best  9/20 (45%) tmpl=keyboard:pad:QWERTZUI+POIUZTRE@g2@1 IC=0.0344 pos=XWIH | UKWB beta IV-III-VIII rings=AAAU stecker=CP DK EN LZ OR SV UW
  all-time  9/20 tmpl=keyboard:pad:QWERTZUI+POIUZTRE@g2@1 pos=XWIH | UKWB beta IV-III-VIII rings=AAAU stecker=CP DK EN LZ OR SV UW
Hybrid gen 12/16 pop=16 blockB_greeks=0
  gen-best  9/20 (45%) tmpl=keyboard:pad:QWERTZUI+POIUZTRE@g2@1 IC=0.0344 pos=XWIH | UKWB beta IV-III-VIII rings=AAAU stecker=CP DK EN LZ OR SV UW
  all-time  9/20 tmpl=keyboard:pad:QWERTZUI+POIUZTRE@g2@1 pos=XWIH | UKWB beta IV-III-VIII rings=AAAU stecker=CP DK EN LZ OR SV UW
Hybrid gen 13/16 pop=16 blockB_greeks=0
  gen-best  9/20 (45%) tmpl=keyboard:pad:QWERTZUI+POIUZTRE@g2@1 IC=0.0344 pos=XWIH | UKWB beta IV-III-VIII rings=AAAU stecker=CP DK EN LZ OR SV UW
  all-time  9/20 tmpl=keyboard:pad:QWERTZUI+POIUZTRE@g2@1 pos=XWIH | UKWB beta IV-III-VIII rings=AAAU stecker=CP DK EN LZ OR SV UW
Hybrid gen 14/16 pop=16 blockB_greeks=0
  gen-best  9/20 (45%) tmpl=keyboard:pad:QWERTZUI+POIUZTRE@g2@1 IC=0.0344 pos=XWIH | UKWB beta IV-III-VIII rings=AAAU stecker=CP DK EN LZ OR SV UW
  all-time  9/20 tmpl=keyboard:pad:QWERTZUI+POIUZTRE@g2@1 pos=XWIH | UKWB beta IV-III-VIII rings=AAAU stecker=CP DK EN LZ OR SV UW
Hybrid gen 15/16 pop=16 blockB_greeks=0
  gen-best  9/20 (45%) tmpl=keyboard:pad:QWERTZUI+POIUZTRE@g2@1 IC=0.0344 pos=XWIH | UKWB beta IV-III-VIII rings=AAAU stecker=CP DK EN LZ OR SV UW
  all-time  9/20 tmpl=keyboard:pad:QWERTZUI+POIUZTRE@g2@1 pos=XWIH | UKWB beta IV-III-VIII rings=AAAU stecker=CP DK EN LZ OR SV UW
Hybrid gen 16/16 pop=16 blockB_greeks=0
  gen-best  9/20 (45%) tmpl=keyboard:pad:QWERTZUI+POIUZTRE@g2@1 IC=0.0344 pos=XWIH | UKWB beta IV-III-VIII rings=AAAU stecker=CP DK EN LZ OR SV UW
  all-time  9/20 tmpl=keyboard:pad:QWERTZUI+POIUZTRE@g2@1 pos=XWIH | UKWB beta IV-III-VIII rings=AAAU stecker=CP DK EN LZ OR SV UW
ASIC datapath backend: Metal-cleartext-KPA (B=17576 cleartext lanes/Greek)
Stochastic templates: 1 (constrained 20…20)
Shell evolution: ON freeRings=false WO=6 ringSeeds=2 subspace=potsdam-neighbourhood
Block B Greeks (fixed): (none) — fitness higher=better (KPA letter-match)
Hybrid gen 1/16 pop=16 blockB_greeks=0
  gen-best  8/20 (40%) tmpl=keyboard:pad:QWERTZUI+POIUZTRE@g4@0 IC=0.0391 pos=DMZV | UKWC gamma III-IV-VIII rings=AACU stecker=CW DU FJ HM IY NQ
  all-time  8/20 tmpl=keyboard:pad:QWERTZUI+POIUZTRE@g4@0 pos=DMZV | UKWC gamma III-IV-VIII rings=AACU stecker=CW DU FJ HM IY NQ
Hybrid gen 2/16 pop=16 blockB_greeks=0
  gen-best  8/20 (40%) tmpl=keyboard:pad:QWERTZUI+POIUZTRE@g4@0 IC=0.0391 pos=DMZV | UKWC gamma III-IV-VIII rings=AACU stecker=CW DU FJ HM IY NQ
  all-time  8/20 tmpl=keyboard:pad:QWERTZUI+POIUZTRE@g4@0 pos=DMZV | UKWC gamma III-IV-VIII rings=AACU stecker=CW DU FJ HM IY NQ
Hybrid gen 3/16 pop=16 blockB_greeks=0
  gen-best  8/20 (40%) tmpl=keyboard:pad:QWERTZUI+POIUZTRE@g4@0 IC=0.0391 pos=DMZV | UKWC gamma III-IV-VIII rings=AACU stecker=CW DU FJ HM IY NQ
  all-time  8/20 tmpl=keyboard:pad:QWERTZUI+POIUZTRE@g4@0 pos=DMZV | UKWC gamma III-IV-VIII rings=AACU stecker=CW DU FJ HM IY NQ
Hybrid gen 4/16 pop=16 blockB_greeks=0
  gen-best  8/20 (40%) tmpl=keyboard:pad:QWERTZUI+POIUZTRE@g4@0 IC=0.0391 pos=DMZV | UKWC gamma III-IV-VIII rings=AACU stecker=CW DU FJ HM IY NQ
  all-time  8/20 tmpl=keyboard:pad:QWERTZUI+POIUZTRE@g4@0 pos=DMZV | UKWC gamma III-IV-VIII rings=AACU stecker=CW DU FJ HM IY NQ
Hybrid gen 5/16 pop=16 blockB_greeks=0
  gen-best  8/20 (40%) tmpl=keyboard:pad:QWERTZUI+POIUZTRE@g4@0 IC=0.0391 pos=DMZV | UKWC gamma III-IV-VIII rings=AACU stecker=CW DU FJ HM IY NQ
  all-time  8/20 tmpl=keyboard:pad:QWERTZUI+POIUZTRE@g4@0 pos=DMZV | UKWC gamma III-IV-VIII rings=AACU stecker=CW DU FJ HM IY NQ
Hybrid gen 6/16 pop=16 blockB_greeks=0
  gen-best  9/20 (45%) tmpl=keyboard:pad:QWERTZUI+POIUZTRE@g4@0 IC=0.0391 pos=OPHZ | UKWC beta VIII-IV-III rings=AACU stecker=BX CK EF HV IL JM NT QW RS UZ
  all-time  9/20 tmpl=keyboard:pad:QWERTZUI+POIUZTRE@g4@0 pos=OPHZ | UKWC beta VIII-IV-III rings=AACU stecker=BX CK EF HV IL JM NT QW RS UZ
Hybrid gen 7/16 pop=16 blockB_greeks=0
  gen-best  9/20 (45%) tmpl=keyboard:pad:QWERTZUI+POIUZTRE@g4@0 IC=0.0391 pos=OPHZ | UKWC beta VIII-IV-III rings=AACU stecker=BX CK EF HV IL JM NT QW RS UZ
  all-time  9/20 tmpl=keyboard:pad:QWERTZUI+POIUZTRE@g4@0 pos=OPHZ | UKWC beta VIII-IV-III rings=AACU stecker=BX CK EF HV IL JM NT QW RS UZ
Hybrid gen 8/16 pop=16 blockB_greeks=0
  gen-best  10/20 (50%) tmpl=keyboard:pad:QWERTZUI+POIUZTRE@g4@0 IC=0.0387 pos=UZKX | UKWC gamma VIII-III-IV rings=AACU stecker=AO CW DU FJ HM IS KX NQ
  all-time  10/20 tmpl=keyboard:pad:QWERTZUI+POIUZTRE@g4@0 pos=UZKX | UKWC gamma VIII-III-IV rings=AACU stecker=AO CW DU FJ HM IS KX NQ
Hybrid gen 9/16 pop=16 blockB_greeks=0
  gen-best  10/20 (50%) tmpl=keyboard:pad:QWERTZUI+POIUZTRE@g4@0 IC=0.0387 pos=UZKX | UKWC gamma VIII-III-IV rings=AACU stecker=AO CW DU FJ HM IS KX NQ
  all-time  10/20 tmpl=keyboard:pad:QWERTZUI+POIUZTRE@g4@0 pos=UZKX | UKWC gamma VIII-III-IV rings=AACU stecker=AO CW DU FJ HM IS KX NQ
Hybrid gen 10/16 pop=16 blockB_greeks=0
  gen-best  10/20 (50%) tmpl=keyboard:pad:QWERTZUI+POIUZTRE@g4@0 IC=0.0387 pos=UZKX | UKWC gamma VIII-III-IV rings=AACU stecker=AO CW DU FJ HM IS KX NQ
  all-time  10/20 tmpl=keyboard:pad:QWERTZUI+POIUZTRE@g4@0 pos=UZKX | UKWC gamma VIII-III-IV rings=AACU stecker=AO CW DU FJ HM IS KX NQ
Hybrid gen 11/16 pop=16 blockB_greeks=0
  gen-best  10/20 (50%) tmpl=keyboard:pad:QWERTZUI+POIUZTRE@g4@0 IC=0.0387 pos=UZKX | UKWC gamma VIII-III-IV rings=AACU stecker=AO CW DU FJ HM IS KX NQ
  all-time  10/20 tmpl=keyboard:pad:QWERTZUI+POIUZTRE@g4@0 pos=UZKX | UKWC gamma VIII-III-IV rings=AACU stecker=AO CW DU FJ HM IS KX NQ
Hybrid gen 12/16 pop=16 blockB_greeks=0
  gen-best  10/20 (50%) tmpl=keyboard:pad:QWERTZUI+POIUZTRE@g4@0 IC=0.0387 pos=UZKX | UKWC gamma VIII-III-IV rings=AACU stecker=AO CW DU FJ HM IS KX NQ
  all-time  10/20 tmpl=keyboard:pad:QWERTZUI+POIUZTRE@g4@0 pos=UZKX | UKWC gamma VIII-III-IV rings=AACU stecker=AO CW DU FJ HM IS KX NQ
Hybrid gen 13/16 pop=16 blockB_greeks=0
  gen-best  10/20 (50%) tmpl=keyboard:pad:QWERTZUI+POIUZTRE@g4@0 IC=0.0387 pos=UZKX | UKWC gamma VIII-III-IV rings=AACU stecker=AO CW DU FJ HM IS KX NQ
  all-time  10/20 tmpl=keyboard:pad:QWERTZUI+POIUZTRE@g4@0 pos=UZKX | UKWC gamma VIII-III-IV rings=AACU stecker=AO CW DU FJ HM IS KX NQ
Hybrid gen 14/16 pop=16 blockB_greeks=0
  gen-best  10/20 (50%) tmpl=keyboard:pad:QWERTZUI+POIUZTRE@g4@0 IC=0.0387 pos=UZKX | UKWC gamma VIII-III-IV rings=AACU stecker=AO CW DU FJ HM IS KX NQ
  all-time  10/20 tmpl=keyboard:pad:QWERTZUI+POIUZTRE@g4@0 pos=UZKX | UKWC gamma VIII-III-IV rings=AACU stecker=AO CW DU FJ HM IS KX NQ
Hybrid gen 15/16 pop=16 blockB_greeks=0
  gen-best  10/20 (50%) tmpl=keyboard:pad:QWERTZUI+POIUZTRE@g4@0 IC=0.0387 pos=UZKX | UKWC gamma VIII-III-IV rings=AACU stecker=AO CW DU FJ HM IS KX NQ
  all-time  10/20 tmpl=keyboard:pad:QWERTZUI+POIUZTRE@g4@0 pos=UZKX | UKWC gamma VIII-III-IV rings=AACU stecker=AO CW DU FJ HM IS KX NQ
Hybrid gen 16/16 pop=16 blockB_greeks=0
  gen-best  10/20 (50%) tmpl=keyboard:pad:QWERTZUI+POIUZTRE@g4@0 IC=0.0387 pos=UZKX | UKWC gamma VIII-III-IV rings=AACU stecker=AO CW DU FJ HM IS KX NQ
  all-time  10/20 tmpl=keyboard:pad:QWERTZUI+POIUZTRE@g4@0 pos=UZKX | UKWC gamma VIII-III-IV rings=AACU stecker=AO CW DU FJ HM IS KX NQ
ASIC datapath backend: Metal-cleartext-KPA (B=17576 cleartext lanes/Greek)
Stochastic templates: 1 (constrained 20…20)
Shell evolution: ON freeRings=false WO=6 ringSeeds=2 subspace=potsdam-neighbourhood
Block B Greeks (fixed): (none) — fitness higher=better (KPA letter-match)
Hybrid gen 1/16 pop=16 blockB_greeks=0
  gen-best  8/20 (40%) tmpl=keyboard:pad:QWERTZUI+QWERTZUI@g2@1 IC=0.0387 pos=RUTO | UKWB beta VIII-III-IV rings=AACU stecker=EG FI JT KR LY PZ UW
  all-time  8/20 tmpl=keyboard:pad:QWERTZUI+QWERTZUI@g2@1 pos=RUTO | UKWB beta VIII-III-IV rings=AACU stecker=EG FI JT KR LY PZ UW
Hybrid gen 2/16 pop=16 blockB_greeks=0
  gen-best  9/20 (45%) tmpl=keyboard:pad:QWERTZUI+QWERTZUI@g2@1 IC=0.0391 pos=QFAS | UKWB gamma IV-III-VIII rings=AAAA stecker=EM
  all-time  9/20 tmpl=keyboard:pad:QWERTZUI+QWERTZUI@g2@1 pos=QFAS | UKWB gamma IV-III-VIII rings=AAAA stecker=EM
Hybrid gen 3/16 pop=16 blockB_greeks=0
  gen-best  9/20 (45%) tmpl=keyboard:pad:QWERTZUI+QWERTZUI@g2@1 IC=0.0391 pos=QFAS | UKWB gamma IV-III-VIII rings=AAAA stecker=EM
  all-time  9/20 tmpl=keyboard:pad:QWERTZUI+QWERTZUI@g2@1 pos=QFAS | UKWB gamma IV-III-VIII rings=AAAA stecker=EM
Hybrid gen 4/16 pop=16 blockB_greeks=0
  gen-best  9/20 (45%) tmpl=keyboard:pad:QWERTZUI+QWERTZUI@g2@1 IC=0.0391 pos=QFAS | UKWB gamma IV-III-VIII rings=AAAA stecker=EM
  all-time  9/20 tmpl=keyboard:pad:QWERTZUI+QWERTZUI@g2@1 pos=QFAS | UKWB gamma IV-III-VIII rings=AAAA stecker=EM
Hybrid gen 5/16 pop=16 blockB_greeks=0
  gen-best  9/20 (45%) tmpl=keyboard:pad:QWERTZUI+QWERTZUI@g2@1 IC=0.0391 pos=QFAS | UKWB gamma IV-III-VIII rings=AAAA stecker=EM
  all-time  9/20 tmpl=keyboard:pad:QWERTZUI+QWERTZUI@g2@1 pos=QFAS | UKWB gamma IV-III-VIII rings=AAAA stecker=EM
Hybrid gen 6/16 pop=16 blockB_greeks=0
  gen-best  9/20 (45%) tmpl=keyboard:pad:QWERTZUI+QWERTZUI@g2@1 IC=0.0391 pos=QFAS | UKWB gamma IV-III-VIII rings=AAAA stecker=EM
  all-time  9/20 tmpl=keyboard:pad:QWERTZUI+QWERTZUI@g2@1 pos=QFAS | UKWB gamma IV-III-VIII rings=AAAA stecker=EM
Hybrid gen 7/16 pop=16 blockB_greeks=0
  gen-best  9/20 (45%) tmpl=keyboard:pad:QWERTZUI+QWERTZUI@g2@1 IC=0.0391 pos=QFAS | UKWB gamma IV-III-VIII rings=AAAA stecker=EM
  all-time  9/20 tmpl=keyboard:pad:QWERTZUI+QWERTZUI@g2@1 pos=QFAS | UKWB gamma IV-III-VIII rings=AAAA stecker=EM
Hybrid gen 8/16 pop=16 blockB_greeks=0
  gen-best  10/20 (50%) tmpl=keyboard:pad:QWERTZUI+QWERTZUI@g2@1 IC=0.0352 pos=ONTD | UKWC gamma III-VIII-IV rings=AACU stecker=BU CK DL FY GV HT IJ PZ QR
  all-time  10/20 tmpl=keyboard:pad:QWERTZUI+QWERTZUI@g2@1 pos=ONTD | UKWC gamma III-VIII-IV rings=AACU stecker=BU CK DL FY GV HT IJ PZ QR
Hybrid gen 9/16 pop=16 blockB_greeks=0
  gen-best  10/20 (50%) tmpl=keyboard:pad:QWERTZUI+QWERTZUI@g2@1 IC=0.0352 pos=ONTD | UKWC gamma III-VIII-IV rings=AACU stecker=BU CK DL FY GV HT IJ PZ QR
  all-time  10/20 tmpl=keyboard:pad:QWERTZUI+QWERTZUI@g2@1 pos=ONTD | UKWC gamma III-VIII-IV rings=AACU stecker=BU CK DL FY GV HT IJ PZ QR
Hybrid gen 10/16 pop=16 blockB_greeks=0
  gen-best  10/20 (50%) tmpl=keyboard:pad:QWERTZUI+QWERTZUI@g2@1 IC=0.0352 pos=ONTD | UKWC gamma III-VIII-IV rings=AACU stecker=BU CK DL FY GV HT IJ PZ QR
  all-time  10/20 tmpl=keyboard:pad:QWERTZUI+QWERTZUI@g2@1 pos=ONTD | UKWC gamma III-VIII-IV rings=AACU stecker=BU CK DL FY GV HT IJ PZ QR
Hybrid gen 11/16 pop=16 blockB_greeks=0
  gen-best  10/20 (50%) tmpl=keyboard:pad:QWERTZUI+QWERTZUI@g2@1 IC=0.0352 pos=ONTD | UKWC gamma III-VIII-IV rings=AACU stecker=BU CK DL FY GV HT IJ PZ QR
  all-time  10/20 tmpl=keyboard:pad:QWERTZUI+QWERTZUI@g2@1 pos=ONTD | UKWC gamma III-VIII-IV rings=AACU stecker=BU CK DL FY GV HT IJ PZ QR
Hybrid gen 12/16 pop=16 blockB_greeks=0
  gen-best  10/20 (50%) tmpl=keyboard:pad:QWERTZUI+QWERTZUI@g2@1 IC=0.0352 pos=ONTD | UKWC gamma III-VIII-IV rings=AACU stecker=BU CK DL FY GV HT IJ PZ QR
  all-time  10/20 tmpl=keyboard:pad:QWERTZUI+QWERTZUI@g2@1 pos=ONTD | UKWC gamma III-VIII-IV rings=AACU stecker=BU CK DL FY GV HT IJ PZ QR
Hybrid gen 13/16 pop=16 blockB_greeks=0
  gen-best  10/20 (50%) tmpl=keyboard:pad:QWERTZUI+QWERTZUI@g2@1 IC=0.0352 pos=ONTD | UKWC gamma III-VIII-IV rings=AACU stecker=BU CK DL FY GV HT IJ PZ QR
  all-time  10/20 tmpl=keyboard:pad:QWERTZUI+QWERTZUI@g2@1 pos=ONTD | UKWC gamma III-VIII-IV rings=AACU stecker=BU CK DL FY GV HT IJ PZ QR
Hybrid gen 14/16 pop=16 blockB_greeks=0
  gen-best  10/20 (50%) tmpl=keyboard:pad:QWERTZUI+QWERTZUI@g2@1 IC=0.0352 pos=ONTD | UKWC gamma III-VIII-IV rings=AACU stecker=BU CK DL FY GV HT IJ PZ QR
  all-time  10/20 tmpl=keyboard:pad:QWERTZUI+QWERTZUI@g2@1 pos=ONTD | UKWC gamma III-VIII-IV rings=AACU stecker=BU CK DL FY GV HT IJ PZ QR
Hybrid gen 15/16 pop=16 blockB_greeks=0
  gen-best  10/20 (50%) tmpl=keyboard:pad:QWERTZUI+QWERTZUI@g2@1 IC=0.0352 pos=ONTD | UKWC gamma III-VIII-IV rings=AACU stecker=BU CK DL FY GV HT IJ PZ QR
  all-time  10/20 tmpl=keyboard:pad:QWERTZUI+QWERTZUI@g2@1 pos=ONTD | UKWC gamma III-VIII-IV rings=AACU stecker=BU CK DL FY GV HT IJ PZ QR
Hybrid gen 16/16 pop=16 blockB_greeks=0
  gen-best  10/20 (50%) tmpl=keyboard:pad:QWERTZUI+QWERTZUI@g2@1 IC=0.0352 pos=ONTD | UKWC gamma III-VIII-IV rings=AACU stecker=BU CK DL FY GV HT IJ PZ QR
  all-time  10/20 tmpl=keyboard:pad:QWERTZUI+QWERTZUI@g2@1 pos=ONTD | UKWC gamma III-VIII-IV rings=AACU stecker=BU CK DL FY GV HT IJ PZ QR
ASIC datapath backend: Metal-cleartext-KPA (B=17576 cleartext lanes/Greek)
Stochastic templates: 1 (constrained 19…19)
Shell evolution: ON freeRings=false WO=6 ringSeeds=2 subspace=potsdam-neighbourhood
Block B Greeks (fixed): (none) — fitness higher=better (KPA letter-match)
Hybrid gen 1/16 pop=16 blockB_greeks=0
  gen-best  8/19 (42%) tmpl=keyboard:pad:ASDFGHJK+ASDFGHJK@g2@0 IC=0.0356 pos=UOCP | UKWC beta VIII-III-IV rings=AAAA stecker=DV EM PU
  all-time  8/19 tmpl=keyboard:pad:ASDFGHJK+ASDFGHJK@g2@0 pos=UOCP | UKWC beta VIII-III-IV rings=AAAA stecker=DV EM PU
Hybrid gen 2/16 pop=16 blockB_greeks=0
  gen-best  9/19 (47%) tmpl=keyboard:pad:ASDFGHJK+ASDFGHJK@g2@0 IC=0.0430 pos=TMGF | UKWB gamma VIII-IV-III rings=AAAA stecker=AE BK FV IX UW
  all-time  9/19 tmpl=keyboard:pad:ASDFGHJK+ASDFGHJK@g2@0 pos=TMGF | UKWB gamma VIII-IV-III rings=AAAA stecker=AE BK FV IX UW
Hybrid gen 3/16 pop=16 blockB_greeks=0
  gen-best  11/19 (58%) tmpl=keyboard:pad:ASDFGHJK+ASDFGHJK@g2@0 IC=0.0399 pos=SXIR | UKWB gamma IV-III-VIII rings=AAAA stecker=BG DZ EQ FV IX OP TU WY
  all-time  11/19 tmpl=keyboard:pad:ASDFGHJK+ASDFGHJK@g2@0 pos=SXIR | UKWB gamma IV-III-VIII rings=AAAA stecker=BG DZ EQ FV IX OP TU WY
Hybrid gen 4/16 pop=16 blockB_greeks=0
  gen-best  11/19 (58%) tmpl=keyboard:pad:ASDFGHJK+ASDFGHJK@g2@0 IC=0.0399 pos=SXIR | UKWB gamma IV-III-VIII rings=AAAA stecker=BG DZ EQ FV IX OP TU WY
  all-time  11/19 tmpl=keyboard:pad:ASDFGHJK+ASDFGHJK@g2@0 pos=SXIR | UKWB gamma IV-III-VIII rings=AAAA stecker=BG DZ EQ FV IX OP TU WY
Hybrid gen 5/16 pop=16 blockB_greeks=0
  gen-best  11/19 (58%) tmpl=keyboard:pad:ASDFGHJK+ASDFGHJK@g2@0 IC=0.0399 pos=SXIR | UKWB gamma IV-III-VIII rings=AAAA stecker=BG DZ EQ FV IX OP TU WY
  all-time  11/19 tmpl=keyboard:pad:ASDFGHJK+ASDFGHJK@g2@0 pos=SXIR | UKWB gamma IV-III-VIII rings=AAAA stecker=BG DZ EQ FV IX OP TU WY
Hybrid gen 6/16 pop=16 blockB_greeks=0
  gen-best  11/19 (58%) tmpl=keyboard:pad:ASDFGHJK+ASDFGHJK@g2@0 IC=0.0399 pos=SXIR | UKWB gamma IV-III-VIII rings=AAAA stecker=BG DZ EQ FV IX OP TU WY
  all-time  11/19 tmpl=keyboard:pad:ASDFGHJK+ASDFGHJK@g2@0 pos=SXIR | UKWB gamma IV-III-VIII rings=AAAA stecker=BG DZ EQ FV IX OP TU WY
Hybrid gen 7/16 pop=16 blockB_greeks=0
  gen-best  11/19 (58%) tmpl=keyboard:pad:ASDFGHJK+ASDFGHJK@g2@0 IC=0.0399 pos=SXIR | UKWB gamma IV-III-VIII rings=AAAA stecker=BG DZ EQ FV IX OP TU WY
  all-time  11/19 tmpl=keyboard:pad:ASDFGHJK+ASDFGHJK@g2@0 pos=SXIR | UKWB gamma IV-III-VIII rings=AAAA stecker=BG DZ EQ FV IX OP TU WY
Hybrid gen 8/16 pop=16 blockB_greeks=0
  gen-best  11/19 (58%) tmpl=keyboard:pad:ASDFGHJK+ASDFGHJK@g2@0 IC=0.0399 pos=SXIR | UKWB gamma IV-III-VIII rings=AAAA stecker=BG DZ EQ FV IX OP TU WY
  all-time  11/19 tmpl=keyboard:pad:ASDFGHJK+ASDFGHJK@g2@0 pos=SXIR | UKWB gamma IV-III-VIII rings=AAAA stecker=BG DZ EQ FV IX OP TU WY
Hybrid gen 9/16 pop=16 blockB_greeks=0
  gen-best  11/19 (58%) tmpl=keyboard:pad:ASDFGHJK+ASDFGHJK@g2@0 IC=0.0399 pos=SXIR | UKWB gamma IV-III-VIII rings=AAAA stecker=BG DZ EQ FV IX OP TU WY
  all-time  11/19 tmpl=keyboard:pad:ASDFGHJK+ASDFGHJK@g2@0 pos=SXIR | UKWB gamma IV-III-VIII rings=AAAA stecker=BG DZ EQ FV IX OP TU WY
Hybrid gen 10/16 pop=16 blockB_greeks=0
  gen-best  11/19 (58%) tmpl=keyboard:pad:ASDFGHJK+ASDFGHJK@g2@0 IC=0.0399 pos=SXIR | UKWB gamma IV-III-VIII rings=AAAA stecker=BG DZ EQ FV IX OP TU WY
  all-time  11/19 tmpl=keyboard:pad:ASDFGHJK+ASDFGHJK@g2@0 pos=SXIR | UKWB gamma IV-III-VIII rings=AAAA stecker=BG DZ EQ FV IX OP TU WY
Hybrid gen 11/16 pop=16 blockB_greeks=0
  gen-best  11/19 (58%) tmpl=keyboard:pad:ASDFGHJK+ASDFGHJK@g2@0 IC=0.0399 pos=SXIR | UKWB gamma IV-III-VIII rings=AAAA stecker=BG DZ EQ FV IX OP TU WY
  all-time  11/19 tmpl=keyboard:pad:ASDFGHJK+ASDFGHJK@g2@0 pos=SXIR | UKWB gamma IV-III-VIII rings=AAAA stecker=BG DZ EQ FV IX OP TU WY
Hybrid gen 12/16 pop=16 blockB_greeks=0
  gen-best  11/19 (58%) tmpl=keyboard:pad:ASDFGHJK+ASDFGHJK@g2@0 IC=0.0399 pos=SXIR | UKWB gamma IV-III-VIII rings=AAAA stecker=BG DZ EQ FV IX OP TU WY
  all-time  11/19 tmpl=keyboard:pad:ASDFGHJK+ASDFGHJK@g2@0 pos=SXIR | UKWB gamma IV-III-VIII rings=AAAA stecker=BG DZ EQ FV IX OP TU WY
Hybrid gen 13/16 pop=16 blockB_greeks=0
  gen-best  11/19 (58%) tmpl=keyboard:pad:ASDFGHJK+ASDFGHJK@g2@0 IC=0.0399 pos=SXIR | UKWB gamma IV-III-VIII rings=AAAA stecker=BG DZ EQ FV IX OP TU WY
  all-time  11/19 tmpl=keyboard:pad:ASDFGHJK+ASDFGHJK@g2@0 pos=SXIR | UKWB gamma IV-III-VIII rings=AAAA stecker=BG DZ EQ FV IX OP TU WY
Hybrid gen 14/16 pop=16 blockB_greeks=0
  gen-best  11/19 (58%) tmpl=keyboard:pad:ASDFGHJK+ASDFGHJK@g2@0 IC=0.0399 pos=SXIR | UKWB gamma IV-III-VIII rings=AAAA stecker=BG DZ EQ FV IX OP TU WY
  all-time  11/19 tmpl=keyboard:pad:ASDFGHJK+ASDFGHJK@g2@0 pos=SXIR | UKWB gamma IV-III-VIII rings=AAAA stecker=BG DZ EQ FV IX OP TU WY
Hybrid gen 15/16 pop=16 blockB_greeks=0
  gen-best  11/19 (58%) tmpl=keyboard:pad:ASDFGHJK+ASDFGHJK@g2@0 IC=0.0399 pos=SXIR | UKWB gamma IV-III-VIII rings=AAAA stecker=BG DZ EQ FV IX OP TU WY
  all-time  11/19 tmpl=keyboard:pad:ASDFGHJK+ASDFGHJK@g2@0 pos=SXIR | UKWB gamma IV-III-VIII rings=AAAA stecker=BG DZ EQ FV IX OP TU WY
Hybrid gen 16/16 pop=16 blockB_greeks=0
  gen-best  11/19 (58%) tmpl=keyboard:pad:ASDFGHJK+ASDFGHJK@g2@0 IC=0.0399 pos=SXIR | UKWB gamma IV-III-VIII rings=AAAA stecker=BG DZ EQ FV IX OP TU WY
  all-time  11/19 tmpl=keyboard:pad:ASDFGHJK+ASDFGHJK@g2@0 pos=SXIR | UKWB gamma IV-III-VIII rings=AAAA stecker=BG DZ EQ FV IX OP TU WY
ASIC datapath backend: Metal-cleartext-KPA (B=17576 cleartext lanes/Greek)
Stochastic templates: 1 (constrained 19…19)
Shell evolution: ON freeRings=false WO=6 ringSeeds=2 subspace=potsdam-neighbourhood
Block B Greeks (fixed): (none) — fitness higher=better (KPA letter-match)
Hybrid gen 1/16 pop=16 blockB_greeks=0
  gen-best  8/19 (42%) tmpl=keyboard:pad:ASDFGHJK+ASDFGHJK@g2@1 IC=0.0399 pos=NGVG | UKWB beta VIII-IV-III rings=AAAA stecker=EP
  all-time  8/19 tmpl=keyboard:pad:ASDFGHJK+ASDFGHJK@g2@1 pos=NGVG | UKWB beta VIII-IV-III rings=AAAA stecker=EP
Hybrid gen 2/16 pop=16 blockB_greeks=0
  gen-best  8/19 (42%) tmpl=keyboard:pad:ASDFGHJK+ASDFGHJK@g2@1 IC=0.0399 pos=NGVG | UKWB beta VIII-IV-III rings=AAAA stecker=EP
  all-time  8/19 tmpl=keyboard:pad:ASDFGHJK+ASDFGHJK@g2@1 pos=NGVG | UKWB beta VIII-IV-III rings=AAAA stecker=EP
Hybrid gen 3/16 pop=16 blockB_greeks=0
  gen-best  9/19 (47%) tmpl=keyboard:pad:ASDFGHJK+ASDFGHJK@g2@1 IC=0.0423 pos=KFKH | UKWC beta III-VIII-IV rings=AACU stecker=AV BX CN DE FM IP JW KR QZ
  all-time  9/19 tmpl=keyboard:pad:ASDFGHJK+ASDFGHJK@g2@1 pos=KFKH | UKWC beta III-VIII-IV rings=AACU stecker=AV BX CN DE FM IP JW KR QZ
Hybrid gen 4/16 pop=16 blockB_greeks=0
  gen-best  9/19 (47%) tmpl=keyboard:pad:ASDFGHJK+ASDFGHJK@g2@1 IC=0.0423 pos=KFKH | UKWC beta III-VIII-IV rings=AACU stecker=AV BX CN DE FM IP JW KR QZ
  all-time  9/19 tmpl=keyboard:pad:ASDFGHJK+ASDFGHJK@g2@1 pos=KFKH | UKWC beta III-VIII-IV rings=AACU stecker=AV BX CN DE FM IP JW KR QZ
Hybrid gen 5/16 pop=16 blockB_greeks=0
  gen-best  9/19 (47%) tmpl=keyboard:pad:ASDFGHJK+ASDFGHJK@g2@1 IC=0.0423 pos=KFKH | UKWC beta III-VIII-IV rings=AACU stecker=AV BX CN DE FM IP JW KR QZ
  all-time  9/19 tmpl=keyboard:pad:ASDFGHJK+ASDFGHJK@g2@1 pos=KFKH | UKWC beta III-VIII-IV rings=AACU stecker=AV BX CN DE FM IP JW KR QZ
Hybrid gen 6/16 pop=16 blockB_greeks=0
  gen-best  9/19 (47%) tmpl=keyboard:pad:ASDFGHJK+ASDFGHJK@g2@1 IC=0.0423 pos=KFKH | UKWC beta III-VIII-IV rings=AACU stecker=AV BX CN DE FM IP JW KR QZ
  all-time  9/19 tmpl=keyboard:pad:ASDFGHJK+ASDFGHJK@g2@1 pos=KFKH | UKWC beta III-VIII-IV rings=AACU stecker=AV BX CN DE FM IP JW KR QZ
Hybrid gen 7/16 pop=16 blockB_greeks=0
  gen-best  10/19 (53%) tmpl=keyboard:pad:ASDFGHJK+ASDFGHJK@g2@1 IC=0.0379 pos=CTDT | UKWC gamma VIII-III-IV rings=AACU stecker=FX HY IP LR
  all-time  10/19 tmpl=keyboard:pad:ASDFGHJK+ASDFGHJK@g2@1 pos=CTDT | UKWC gamma VIII-III-IV rings=AACU stecker=FX HY IP LR
Hybrid gen 8/16 pop=16 blockB_greeks=0
  gen-best  10/19 (53%) tmpl=keyboard:pad:ASDFGHJK+ASDFGHJK@g2@1 IC=0.0379 pos=CTDT | UKWC gamma VIII-III-IV rings=AACU stecker=FX HY IP LR
  all-time  10/19 tmpl=keyboard:pad:ASDFGHJK+ASDFGHJK@g2@1 pos=CTDT | UKWC gamma VIII-III-IV rings=AACU stecker=FX HY IP LR
Hybrid gen 9/16 pop=16 blockB_greeks=0
  gen-best  10/19 (53%) tmpl=keyboard:pad:ASDFGHJK+ASDFGHJK@g2@1 IC=0.0379 pos=CTDT | UKWC gamma VIII-III-IV rings=AACU stecker=FX HY IP LR
  all-time  10/19 tmpl=keyboard:pad:ASDFGHJK+ASDFGHJK@g2@1 pos=CTDT | UKWC gamma VIII-III-IV rings=AACU stecker=FX HY IP LR
Hybrid gen 10/16 pop=16 blockB_greeks=0
  gen-best  10/19 (53%) tmpl=keyboard:pad:ASDFGHJK+ASDFGHJK@g2@1 IC=0.0379 pos=CTDT | UKWC gamma VIII-III-IV rings=AACU stecker=FX HY IP LR
  all-time  10/19 tmpl=keyboard:pad:ASDFGHJK+ASDFGHJK@g2@1 pos=CTDT | UKWC gamma VIII-III-IV rings=AACU stecker=FX HY IP LR
Hybrid gen 11/16 pop=16 blockB_greeks=0
  gen-best  10/19 (53%) tmpl=keyboard:pad:ASDFGHJK+ASDFGHJK@g2@1 IC=0.0379 pos=CTDT | UKWC gamma VIII-III-IV rings=AACU stecker=FX HY IP LR
  all-time  10/19 tmpl=keyboard:pad:ASDFGHJK+ASDFGHJK@g2@1 pos=CTDT | UKWC gamma VIII-III-IV rings=AACU stecker=FX HY IP LR
Hybrid gen 12/16 pop=16 blockB_greeks=0
  gen-best  10/19 (53%) tmpl=keyboard:pad:ASDFGHJK+ASDFGHJK@g2@1 IC=0.0379 pos=CTDT | UKWC gamma VIII-III-IV rings=AACU stecker=FX HY IP LR
  all-time  10/19 tmpl=keyboard:pad:ASDFGHJK+ASDFGHJK@g2@1 pos=CTDT | UKWC gamma VIII-III-IV rings=AACU stecker=FX HY IP LR
Hybrid gen 13/16 pop=16 blockB_greeks=0
  gen-best  10/19 (53%) tmpl=keyboard:pad:ASDFGHJK+ASDFGHJK@g2@1 IC=0.0379 pos=CTDT | UKWC gamma VIII-III-IV rings=AACU stecker=FX HY IP LR
  all-time  10/19 tmpl=keyboard:pad:ASDFGHJK+ASDFGHJK@g2@1 pos=CTDT | UKWC gamma VIII-III-IV rings=AACU stecker=FX HY IP LR
Hybrid gen 14/16 pop=16 blockB_greeks=0
  gen-best  10/19 (53%) tmpl=keyboard:pad:ASDFGHJK+ASDFGHJK@g2@1 IC=0.0379 pos=CTDT | UKWC gamma VIII-III-IV rings=AACU stecker=FX HY IP LR
  all-time  10/19 tmpl=keyboard:pad:ASDFGHJK+ASDFGHJK@g2@1 pos=CTDT | UKWC gamma VIII-III-IV rings=AACU stecker=FX HY IP LR
Hybrid gen 15/16 pop=16 blockB_greeks=0
  gen-best  10/19 (53%) tmpl=keyboard:pad:ASDFGHJK+ASDFGHJK@g2@1 IC=0.0379 pos=CTDT | UKWC gamma VIII-III-IV rings=AACU stecker=FX HY IP LR
  all-time  10/19 tmpl=keyboard:pad:ASDFGHJK+ASDFGHJK@g2@1 pos=CTDT | UKWC gamma VIII-III-IV rings=AACU stecker=FX HY IP LR
Hybrid gen 16/16 pop=16 blockB_greeks=0
  gen-best  10/19 (53%) tmpl=keyboard:pad:ASDFGHJK+ASDFGHJK@g2@1 IC=0.0379 pos=CTDT | UKWC gamma VIII-III-IV rings=AACU stecker=FX HY IP LR
  all-time  10/19 tmpl=keyboard:pad:ASDFGHJK+ASDFGHJK@g2@1 pos=CTDT | UKWC gamma VIII-III-IV rings=AACU stecker=FX HY IP LR
ASIC datapath backend: Metal-cleartext-KPA (B=17576 cleartext lanes/Greek)
Stochastic templates: 1 (constrained 19…19)
Shell evolution: ON freeRings=false WO=6 ringSeeds=2 subspace=potsdam-neighbourhood
Block B Greeks (fixed): (none) — fitness higher=better (KPA letter-match)
Hybrid gen 1/16 pop=16 blockB_greeks=0
  gen-best  8/19 (42%) tmpl=keyboard:pad:ASDFGHJK+ASDFGHJK@g4@0 IC=0.0344 pos=HSZZ | UKWC beta VIII-IV-III rings=AACU stecker=AO BE CN HM JX LZ RS
  all-time  8/19 tmpl=keyboard:pad:ASDFGHJK+ASDFGHJK@g4@0 pos=HSZZ | UKWC beta VIII-IV-III rings=AACU stecker=AO BE CN HM JX LZ RS
Hybrid gen 2/16 pop=16 blockB_greeks=0
  gen-best  8/19 (42%) tmpl=keyboard:pad:ASDFGHJK+ASDFGHJK@g4@0 IC=0.0344 pos=HSZZ | UKWC beta VIII-IV-III rings=AACU stecker=AO BE CN HM JX LZ RS
  all-time  8/19 tmpl=keyboard:pad:ASDFGHJK+ASDFGHJK@g4@0 pos=HSZZ | UKWC beta VIII-IV-III rings=AACU stecker=AO BE CN HM JX LZ RS
Hybrid gen 3/16 pop=16 blockB_greeks=0
  gen-best  8/19 (42%) tmpl=keyboard:pad:ASDFGHJK+ASDFGHJK@g4@0 IC=0.0344 pos=HSZZ | UKWC beta VIII-IV-III rings=AACU stecker=AO BE CN HM JX LZ RS
  all-time  8/19 tmpl=keyboard:pad:ASDFGHJK+ASDFGHJK@g4@0 pos=HSZZ | UKWC beta VIII-IV-III rings=AACU stecker=AO BE CN HM JX LZ RS
Hybrid gen 4/16 pop=16 blockB_greeks=0
  gen-best  9/19 (47%) tmpl=keyboard:pad:ASDFGHJK+ASDFGHJK@g4@0 IC=0.0352 pos=TWNF | UKWB beta III-IV-VIII rings=AACU stecker=AC BS DQ FP GV HO IM KT
  all-time  9/19 tmpl=keyboard:pad:ASDFGHJK+ASDFGHJK@g4@0 pos=TWNF | UKWB beta III-IV-VIII rings=AACU stecker=AC BS DQ FP GV HO IM KT
Hybrid gen 5/16 pop=16 blockB_greeks=0
  gen-best  9/19 (47%) tmpl=keyboard:pad:ASDFGHJK+ASDFGHJK@g4@0 IC=0.0352 pos=TWNF | UKWB beta III-IV-VIII rings=AACU stecker=AC BS DQ FP GV HO IM KT
  all-time  9/19 tmpl=keyboard:pad:ASDFGHJK+ASDFGHJK@g4@0 pos=TWNF | UKWB beta III-IV-VIII rings=AACU stecker=AC BS DQ FP GV HO IM KT
Hybrid gen 6/16 pop=16 blockB_greeks=0
  gen-best  10/19 (53%) tmpl=keyboard:pad:ASDFGHJK+ASDFGHJK@g4@0 IC=0.0415 pos=TWNF | UKWB beta III-IV-VIII rings=AACU stecker=AC BS DQ FP GV HO IM KT RY
  all-time  10/19 tmpl=keyboard:pad:ASDFGHJK+ASDFGHJK@g4@0 pos=TWNF | UKWB beta III-IV-VIII rings=AACU stecker=AC BS DQ FP GV HO IM KT RY
Hybrid gen 7/16 pop=16 blockB_greeks=0
  gen-best  10/19 (53%) tmpl=keyboard:pad:ASDFGHJK+ASDFGHJK@g4@0 IC=0.0415 pos=TWNF | UKWB beta III-IV-VIII rings=AACU stecker=AC BS DQ FP GV HO IM KT RY
  all-time  10/19 tmpl=keyboard:pad:ASDFGHJK+ASDFGHJK@g4@0 pos=TWNF | UKWB beta III-IV-VIII rings=AACU stecker=AC BS DQ FP GV HO IM KT RY
Hybrid gen 8/16 pop=16 blockB_greeks=0
  gen-best  10/19 (53%) tmpl=keyboard:pad:ASDFGHJK+ASDFGHJK@g4@0 IC=0.0415 pos=TWNF | UKWB beta III-IV-VIII rings=AACU stecker=AC BS DQ FP GV HO IM KT RY
  all-time  10/19 tmpl=keyboard:pad:ASDFGHJK+ASDFGHJK@g4@0 pos=TWNF | UKWB beta III-IV-VIII rings=AACU stecker=AC BS DQ FP GV HO IM KT RY
Hybrid gen 9/16 pop=16 blockB_greeks=0
  gen-best  10/19 (53%) tmpl=keyboard:pad:ASDFGHJK+ASDFGHJK@g4@0 IC=0.0415 pos=TWNF | UKWB beta III-IV-VIII rings=AACU stecker=AC BS DQ FP GV HO IM KT RY
  all-time  10/19 tmpl=keyboard:pad:ASDFGHJK+ASDFGHJK@g4@0 pos=TWNF | UKWB beta III-IV-VIII rings=AACU stecker=AC BS DQ FP GV HO IM KT RY
Hybrid gen 10/16 pop=16 blockB_greeks=0
  gen-best  10/19 (53%) tmpl=keyboard:pad:ASDFGHJK+ASDFGHJK@g4@0 IC=0.0415 pos=TWNF | UKWB beta III-IV-VIII rings=AACU stecker=AC BS DQ FP GV HO IM KT RY
  all-time  10/19 tmpl=keyboard:pad:ASDFGHJK+ASDFGHJK@g4@0 pos=TWNF | UKWB beta III-IV-VIII rings=AACU stecker=AC BS DQ FP GV HO IM KT RY
Hybrid gen 11/16 pop=16 blockB_greeks=0
  gen-best  10/19 (53%) tmpl=keyboard:pad:ASDFGHJK+ASDFGHJK@g4@0 IC=0.0415 pos=TWNF | UKWB beta III-IV-VIII rings=AACU stecker=AC BS DQ FP GV HO IM KT RY
  all-time  10/19 tmpl=keyboard:pad:ASDFGHJK+ASDFGHJK@g4@0 pos=TWNF | UKWB beta III-IV-VIII rings=AACU stecker=AC BS DQ FP GV HO IM KT RY
Hybrid gen 12/16 pop=16 blockB_greeks=0
  gen-best  10/19 (53%) tmpl=keyboard:pad:ASDFGHJK+ASDFGHJK@g4@0 IC=0.0415 pos=TWNF | UKWB beta III-IV-VIII rings=AACU stecker=AC BS DQ FP GV HO IM KT RY
  all-time  10/19 tmpl=keyboard:pad:ASDFGHJK+ASDFGHJK@g4@0 pos=TWNF | UKWB beta III-IV-VIII rings=AACU stecker=AC BS DQ FP GV HO IM KT RY
Hybrid gen 13/16 pop=16 blockB_greeks=0
  gen-best  10/19 (53%) tmpl=keyboard:pad:ASDFGHJK+ASDFGHJK@g4@0 IC=0.0415 pos=TWNF | UKWB beta III-IV-VIII rings=AACU stecker=AC BS DQ FP GV HO IM KT RY
  all-time  10/19 tmpl=keyboard:pad:ASDFGHJK+ASDFGHJK@g4@0 pos=TWNF | UKWB beta III-IV-VIII rings=AACU stecker=AC BS DQ FP GV HO IM KT RY
Hybrid gen 14/16 pop=16 blockB_greeks=0
  gen-best  10/19 (53%) tmpl=keyboard:pad:ASDFGHJK+ASDFGHJK@g4@0 IC=0.0415 pos=TWNF | UKWB beta III-IV-VIII rings=AACU stecker=AC BS DQ FP GV HO IM KT RY
  all-time  10/19 tmpl=keyboard:pad:ASDFGHJK+ASDFGHJK@g4@0 pos=TWNF | UKWB beta III-IV-VIII rings=AACU stecker=AC BS DQ FP GV HO IM KT RY
Hybrid gen 15/16 pop=16 blockB_greeks=0
  gen-best  10/19 (53%) tmpl=keyboard:pad:ASDFGHJK+ASDFGHJK@g4@0 IC=0.0415 pos=TWNF | UKWB beta III-IV-VIII rings=AACU stecker=AC BS DQ FP GV HO IM KT RY
  all-time  10/19 tmpl=keyboard:pad:ASDFGHJK+ASDFGHJK@g4@0 pos=TWNF | UKWB beta III-IV-VIII rings=AACU stecker=AC BS DQ FP GV HO IM KT RY
Hybrid gen 16/16 pop=16 blockB_greeks=0
  gen-best  10/19 (53%) tmpl=keyboard:pad:ASDFGHJK+ASDFGHJK@g4@0 IC=0.0415 pos=TWNF | UKWB beta III-IV-VIII rings=AACU stecker=AC BS DQ FP GV HO IM KT RY
  all-time  10/19 tmpl=keyboard:pad:ASDFGHJK+ASDFGHJK@g4@0 pos=TWNF | UKWB beta III-IV-VIII rings=AACU stecker=AC BS DQ FP GV HO IM KT RY
ASIC datapath backend: Metal-cleartext-KPA (B=17576 cleartext lanes/Greek)
Stochastic templates: 1 (constrained 19…19)
Shell evolution: ON freeRings=false WO=6 ringSeeds=2 subspace=potsdam-neighbourhood
Block B Greeks (fixed): (none) — fitness higher=better (KPA letter-match)
Hybrid gen 1/16 pop=16 blockB_greeks=0
  gen-best  8/19 (42%) tmpl=keyboard:pad:QWERTZUI+ASDFGHJK@g2@0 IC=0.0399 pos=FAHE | UKWC beta VIII-IV-III rings=AAAA stecker=AG BO CU FR IN JL KT MX PV WZ
  all-time  8/19 tmpl=keyboard:pad:QWERTZUI+ASDFGHJK@g2@0 pos=FAHE | UKWC beta VIII-IV-III rings=AAAA stecker=AG BO CU FR IN JL KT MX PV WZ
Hybrid gen 2/16 pop=16 blockB_greeks=0
  gen-best  9/19 (47%) tmpl=keyboard:pad:QWERTZUI+ASDFGHJK@g2@0 IC=0.0395 pos=FAHE | UKWC beta VIII-IV-III rings=AAAA stecker=AG BO CU FR HM IN JL KT PV WZ
  all-time  9/19 tmpl=keyboard:pad:QWERTZUI+ASDFGHJK@g2@0 pos=FAHE | UKWC beta VIII-IV-III rings=AAAA stecker=AG BO CU FR HM IN JL KT PV WZ
Hybrid gen 3/16 pop=16 blockB_greeks=0
  gen-best  9/19 (47%) tmpl=keyboard:pad:QWERTZUI+ASDFGHJK@g2@0 IC=0.0395 pos=FAHE | UKWC beta VIII-IV-III rings=AAAA stecker=AG BO CU FR HM IN JL KT PV WZ
  all-time  9/19 tmpl=keyboard:pad:QWERTZUI+ASDFGHJK@g2@0 pos=FAHE | UKWC beta VIII-IV-III rings=AAAA stecker=AG BO CU FR HM IN JL KT PV WZ
Hybrid gen 4/16 pop=16 blockB_greeks=0
  gen-best  9/19 (47%) tmpl=keyboard:pad:QWERTZUI+ASDFGHJK@g2@0 IC=0.0395 pos=FAHE | UKWC beta VIII-IV-III rings=AAAA stecker=AG BO CU FR HM IN JL KT PV WZ
  all-time  9/19 tmpl=keyboard:pad:QWERTZUI+ASDFGHJK@g2@0 pos=FAHE | UKWC beta VIII-IV-III rings=AAAA stecker=AG BO CU FR HM IN JL KT PV WZ
Hybrid gen 5/16 pop=16 blockB_greeks=0
  gen-best  9/19 (47%) tmpl=keyboard:pad:QWERTZUI+ASDFGHJK@g2@0 IC=0.0395 pos=FAHE | UKWC beta VIII-IV-III rings=AAAA stecker=AG BO CU FR HM IN JL KT PV WZ
  all-time  9/19 tmpl=keyboard:pad:QWERTZUI+ASDFGHJK@g2@0 pos=FAHE | UKWC beta VIII-IV-III rings=AAAA stecker=AG BO CU FR HM IN JL KT PV WZ
Hybrid gen 6/16 pop=16 blockB_greeks=0
  gen-best  9/19 (47%) tmpl=keyboard:pad:QWERTZUI+ASDFGHJK@g2@0 IC=0.0395 pos=FAHE | UKWC beta VIII-IV-III rings=AAAA stecker=AG BO CU FR HM IN JL KT PV WZ
  all-time  9/19 tmpl=keyboard:pad:QWERTZUI+ASDFGHJK@g2@0 pos=FAHE | UKWC beta VIII-IV-III rings=AAAA stecker=AG BO CU FR HM IN JL KT PV WZ
Hybrid gen 7/16 pop=16 blockB_greeks=0
  gen-best  10/19 (53%) tmpl=keyboard:pad:QWERTZUI+ASDFGHJK@g2@0 IC=0.0395 pos=FAHE | UKWC beta VIII-IV-III rings=AAAA stecker=AG CU FR HM IN JL KT OS PV WZ
  all-time  10/19 tmpl=keyboard:pad:QWERTZUI+ASDFGHJK@g2@0 pos=FAHE | UKWC beta VIII-IV-III rings=AAAA stecker=AG CU FR HM IN JL KT OS PV WZ
Hybrid gen 8/16 pop=16 blockB_greeks=0
  gen-best  10/19 (53%) tmpl=keyboard:pad:QWERTZUI+ASDFGHJK@g2@0 IC=0.0395 pos=FAHE | UKWC beta VIII-IV-III rings=AAAA stecker=AG CU FR HM IN JL KT OS PV WZ
  all-time  10/19 tmpl=keyboard:pad:QWERTZUI+ASDFGHJK@g2@0 pos=FAHE | UKWC beta VIII-IV-III rings=AAAA stecker=AG CU FR HM IN JL KT OS PV WZ
Hybrid gen 9/16 pop=16 blockB_greeks=0
  gen-best  10/19 (53%) tmpl=keyboard:pad:QWERTZUI+ASDFGHJK@g2@0 IC=0.0395 pos=FAHE | UKWC beta VIII-IV-III rings=AAAA stecker=AG CU FR HM IN JL KT OS PV WZ
  all-time  10/19 tmpl=keyboard:pad:QWERTZUI+ASDFGHJK@g2@0 pos=FAHE | UKWC beta VIII-IV-III rings=AAAA stecker=AG CU FR HM IN JL KT OS PV WZ
Hybrid gen 10/16 pop=16 blockB_greeks=0
  gen-best  10/19 (53%) tmpl=keyboard:pad:QWERTZUI+ASDFGHJK@g2@0 IC=0.0395 pos=FAHE | UKWC beta VIII-IV-III rings=AAAA stecker=AG CU FR HM IN JL KT OS PV WZ
  all-time  10/19 tmpl=keyboard:pad:QWERTZUI+ASDFGHJK@g2@0 pos=FAHE | UKWC beta VIII-IV-III rings=AAAA stecker=AG CU FR HM IN JL KT OS PV WZ
Hybrid gen 11/16 pop=16 blockB_greeks=0
  gen-best  10/19 (53%) tmpl=keyboard:pad:QWERTZUI+ASDFGHJK@g2@0 IC=0.0395 pos=FAHE | UKWC beta VIII-IV-III rings=AAAA stecker=AG CU FR HM IN JL KT OS PV WZ
  all-time  10/19 tmpl=keyboard:pad:QWERTZUI+ASDFGHJK@g2@0 pos=FAHE | UKWC beta VIII-IV-III rings=AAAA stecker=AG CU FR HM IN JL KT OS PV WZ
Hybrid gen 12/16 pop=16 blockB_greeks=0
  gen-best  10/19 (53%) tmpl=keyboard:pad:QWERTZUI+ASDFGHJK@g2@0 IC=0.0395 pos=FAHE | UKWC beta VIII-IV-III rings=AAAA stecker=AG CU FR HM IN JL KT OS PV WZ
  all-time  10/19 tmpl=keyboard:pad:QWERTZUI+ASDFGHJK@g2@0 pos=FAHE | UKWC beta VIII-IV-III rings=AAAA stecker=AG CU FR HM IN JL KT OS PV WZ
Hybrid gen 13/16 pop=16 blockB_greeks=0
  gen-best  10/19 (53%) tmpl=keyboard:pad:QWERTZUI+ASDFGHJK@g2@0 IC=0.0395 pos=FAHE | UKWC beta VIII-IV-III rings=AAAA stecker=AG CU FR HM IN JL KT OS PV WZ
  all-time  10/19 tmpl=keyboard:pad:QWERTZUI+ASDFGHJK@g2@0 pos=FAHE | UKWC beta VIII-IV-III rings=AAAA stecker=AG CU FR HM IN JL KT OS PV WZ
Hybrid gen 14/16 pop=16 blockB_greeks=0
  gen-best  10/19 (53%) tmpl=keyboard:pad:QWERTZUI+ASDFGHJK@g2@0 IC=0.0395 pos=FAHE | UKWC beta VIII-IV-III rings=AAAA stecker=AG CU FR HM IN JL KT OS PV WZ
  all-time  10/19 tmpl=keyboard:pad:QWERTZUI+ASDFGHJK@g2@0 pos=FAHE | UKWC beta VIII-IV-III rings=AAAA stecker=AG CU FR HM IN JL KT OS PV WZ
Hybrid gen 15/16 pop=16 blockB_greeks=0
  gen-best  10/19 (53%) tmpl=keyboard:pad:QWERTZUI+ASDFGHJK@g2@0 IC=0.0395 pos=FAHE | UKWC beta VIII-IV-III rings=AAAA stecker=AG CU FR HM IN JL KT OS PV WZ
  all-time  10/19 tmpl=keyboard:pad:QWERTZUI+ASDFGHJK@g2@0 pos=FAHE | UKWC beta VIII-IV-III rings=AAAA stecker=AG CU FR HM IN JL KT OS PV WZ
Hybrid gen 16/16 pop=16 blockB_greeks=0
  gen-best  10/19 (53%) tmpl=keyboard:pad:QWERTZUI+ASDFGHJK@g2@0 IC=0.0395 pos=FAHE | UKWC beta VIII-IV-III rings=AAAA stecker=AG CU FR HM IN JL KT OS PV WZ
  all-time  10/19 tmpl=keyboard:pad:QWERTZUI+ASDFGHJK@g2@0 pos=FAHE | UKWC beta VIII-IV-III rings=AAAA stecker=AG CU FR HM IN JL KT OS PV WZ
ASIC datapath backend: Metal-cleartext-KPA (B=17576 cleartext lanes/Greek)
Stochastic templates: 1 (constrained 19…19)
Shell evolution: ON freeRings=false WO=6 ringSeeds=2 subspace=potsdam-neighbourhood
Block B Greeks (fixed): (none) — fitness higher=better (KPA letter-match)
Hybrid gen 1/16 pop=16 blockB_greeks=0
  gen-best  8/19 (42%) tmpl=keyboard:pad:QWERTZUI+ASDFGHJK@g2@1 IC=0.0344 pos=GPNJ | UKWB gamma IV-III-VIII rings=AAAA stecker=(none)
  all-time  8/19 tmpl=keyboard:pad:QWERTZUI+ASDFGHJK@g2@1 pos=GPNJ | UKWB gamma IV-III-VIII rings=AAAA stecker=(none)
Hybrid gen 2/16 pop=16 blockB_greeks=0
  gen-best  9/19 (47%) tmpl=keyboard:pad:QWERTZUI+ASDFGHJK@g2@1 IC=0.0446 pos=OAYA | UKWC gamma III-VIII-IV rings=AACU stecker=AS CY DI EN FH KM LO PU QX
  all-time  9/19 tmpl=keyboard:pad:QWERTZUI+ASDFGHJK@g2@1 pos=OAYA | UKWC gamma III-VIII-IV rings=AACU stecker=AS CY DI EN FH KM LO PU QX
Hybrid gen 3/16 pop=16 blockB_greeks=0
  gen-best  9/19 (47%) tmpl=keyboard:pad:QWERTZUI+ASDFGHJK@g2@1 IC=0.0446 pos=OAYA | UKWC gamma III-VIII-IV rings=AACU stecker=AS CY DI EN FH KM LO PU QX
  all-time  9/19 tmpl=keyboard:pad:QWERTZUI+ASDFGHJK@g2@1 pos=OAYA | UKWC gamma III-VIII-IV rings=AACU stecker=AS CY DI EN FH KM LO PU QX
Hybrid gen 4/16 pop=16 blockB_greeks=0
  gen-best  9/19 (47%) tmpl=keyboard:pad:QWERTZUI+ASDFGHJK@g2@1 IC=0.0446 pos=OAYA | UKWC gamma III-VIII-IV rings=AACU stecker=AS CY DI EN FH KM LO PU QX
  all-time  9/19 tmpl=keyboard:pad:QWERTZUI+ASDFGHJK@g2@1 pos=OAYA | UKWC gamma III-VIII-IV rings=AACU stecker=AS CY DI EN FH KM LO PU QX
Hybrid gen 5/16 pop=16 blockB_greeks=0
  gen-best  9/19 (47%) tmpl=keyboard:pad:QWERTZUI+ASDFGHJK@g2@1 IC=0.0446 pos=OAYA | UKWC gamma III-VIII-IV rings=AACU stecker=AS CY DI EN FH KM LO PU QX
  all-time  9/19 tmpl=keyboard:pad:QWERTZUI+ASDFGHJK@g2@1 pos=OAYA | UKWC gamma III-VIII-IV rings=AACU stecker=AS CY DI EN FH KM LO PU QX
Hybrid gen 6/16 pop=16 blockB_greeks=0
  gen-best  9/19 (47%) tmpl=keyboard:pad:QWERTZUI+ASDFGHJK@g2@1 IC=0.0446 pos=OAYA | UKWC gamma III-VIII-IV rings=AACU stecker=AS CY DI EN FH KM LO PU QX
  all-time  9/19 tmpl=keyboard:pad:QWERTZUI+ASDFGHJK@g2@1 pos=OAYA | UKWC gamma III-VIII-IV rings=AACU stecker=AS CY DI EN FH KM LO PU QX
Hybrid gen 7/16 pop=16 blockB_greeks=0
  gen-best  9/19 (47%) tmpl=keyboard:pad:QWERTZUI+ASDFGHJK@g2@1 IC=0.0446 pos=OAYA | UKWC gamma III-VIII-IV rings=AACU stecker=AS CY DI EN FH KM LO PU QX
  all-time  9/19 tmpl=keyboard:pad:QWERTZUI+ASDFGHJK@g2@1 pos=OAYA | UKWC gamma III-VIII-IV rings=AACU stecker=AS CY DI EN FH KM LO PU QX
Hybrid gen 8/16 pop=16 blockB_greeks=0
  gen-best  9/19 (47%) tmpl=keyboard:pad:QWERTZUI+ASDFGHJK@g2@1 IC=0.0446 pos=OAYA | UKWC gamma III-VIII-IV rings=AACU stecker=AS CY DI EN FH KM LO PU QX
  all-time  9/19 tmpl=keyboard:pad:QWERTZUI+ASDFGHJK@g2@1 pos=OAYA | UKWC gamma III-VIII-IV rings=AACU stecker=AS CY DI EN FH KM LO PU QX
Hybrid gen 9/16 pop=16 blockB_greeks=0
  gen-best  9/19 (47%) tmpl=keyboard:pad:QWERTZUI+ASDFGHJK@g2@1 IC=0.0446 pos=OAYA | UKWC gamma III-VIII-IV rings=AACU stecker=AS CY DI EN FH KM LO PU QX
  all-time  9/19 tmpl=keyboard:pad:QWERTZUI+ASDFGHJK@g2@1 pos=OAYA | UKWC gamma III-VIII-IV rings=AACU stecker=AS CY DI EN FH KM LO PU QX
Hybrid gen 10/16 pop=16 blockB_greeks=0
  gen-best  10/19 (53%) tmpl=keyboard:pad:QWERTZUI+ASDFGHJK@g2@1 IC=0.0368 pos=STKV | UKWC beta VIII-IV-III rings=AAAU stecker=AS BN CY DI FH KM LO PU QX TZ
  all-time  10/19 tmpl=keyboard:pad:QWERTZUI+ASDFGHJK@g2@1 pos=STKV | UKWC beta VIII-IV-III rings=AAAU stecker=AS BN CY DI FH KM LO PU QX TZ
Hybrid gen 11/16 pop=16 blockB_greeks=0
  gen-best  11/19 (58%) tmpl=keyboard:pad:QWERTZUI+ASDFGHJK@g2@1 IC=0.0329 pos=STKV | UKWC beta VIII-IV-III rings=AAAU stecker=AS BN CY DI FH KM LO PU RX TZ
  all-time  11/19 tmpl=keyboard:pad:QWERTZUI+ASDFGHJK@g2@1 pos=STKV | UKWC beta VIII-IV-III rings=AAAU stecker=AS BN CY DI FH KM LO PU RX TZ
Hybrid gen 12/16 pop=16 blockB_greeks=0
  gen-best  11/19 (58%) tmpl=keyboard:pad:QWERTZUI+ASDFGHJK@g2@1 IC=0.0329 pos=STKV | UKWC beta VIII-IV-III rings=AAAU stecker=AS BN CY DI FH KM LO PU RX TZ
  all-time  11/19 tmpl=keyboard:pad:QWERTZUI+ASDFGHJK@g2@1 pos=STKV | UKWC beta VIII-IV-III rings=AAAU stecker=AS BN CY DI FH KM LO PU RX TZ
Hybrid gen 13/16 pop=16 blockB_greeks=0
  gen-best  11/19 (58%) tmpl=keyboard:pad:QWERTZUI+ASDFGHJK@g2@1 IC=0.0329 pos=STKV | UKWC beta VIII-IV-III rings=AAAU stecker=AS BN CY DI FH KM LO PU RX TZ
  all-time  11/19 tmpl=keyboard:pad:QWERTZUI+ASDFGHJK@g2@1 pos=STKV | UKWC beta VIII-IV-III rings=AAAU stecker=AS BN CY DI FH KM LO PU RX TZ
Hybrid gen 14/16 pop=16 blockB_greeks=0
  gen-best  11/19 (58%) tmpl=keyboard:pad:QWERTZUI+ASDFGHJK@g2@1 IC=0.0329 pos=STKV | UKWC beta VIII-IV-III rings=AAAU stecker=AS BN CY DI FH KM LO PU RX TZ
  all-time  11/19 tmpl=keyboard:pad:QWERTZUI+ASDFGHJK@g2@1 pos=STKV | UKWC beta VIII-IV-III rings=AAAU stecker=AS BN CY DI FH KM LO PU RX TZ
Hybrid gen 15/16 pop=16 blockB_greeks=0
  gen-best  11/19 (58%) tmpl=keyboard:pad:QWERTZUI+ASDFGHJK@g2@1 IC=0.0329 pos=STKV | UKWC beta VIII-IV-III rings=AAAU stecker=AS BN CY DI FH KM LO PU RX TZ
  all-time  11/19 tmpl=keyboard:pad:QWERTZUI+ASDFGHJK@g2@1 pos=STKV | UKWC beta VIII-IV-III rings=AAAU stecker=AS BN CY DI FH KM LO PU RX TZ
Hybrid gen 16/16 pop=16 blockB_greeks=0
  gen-best  11/19 (58%) tmpl=keyboard:pad:QWERTZUI+ASDFGHJK@g2@1 IC=0.0329 pos=STKV | UKWC beta VIII-IV-III rings=AAAU stecker=AS BN CY DI FH KM LO PU RX TZ
  all-time  11/19 tmpl=keyboard:pad:QWERTZUI+ASDFGHJK@g2@1 pos=STKV | UKWC beta VIII-IV-III rings=AAAU stecker=AS BN CY DI FH KM LO PU RX TZ
ASIC datapath backend: Metal-cleartext-KPA (B=17576 cleartext lanes/Greek)
Stochastic templates: 1 (constrained 19…19)
Shell evolution: ON freeRings=false WO=6 ringSeeds=2 subspace=potsdam-neighbourhood
Block B Greeks (fixed): (none) — fitness higher=better (KPA letter-match)
Hybrid gen 1/16 pop=16 blockB_greeks=0
  gen-best  8/19 (42%) tmpl=keyboard:pad:QWERTZUI+ASDFGHJK@g4@0 IC=0.0407 pos=SHXT | UKWC beta III-IV-VIII rings=AACU stecker=GS LZ OP TY
  all-time  8/19 tmpl=keyboard:pad:QWERTZUI+ASDFGHJK@g4@0 pos=SHXT | UKWC beta III-IV-VIII rings=AACU stecker=GS LZ OP TY
Hybrid gen 2/16 pop=16 blockB_greeks=0
  gen-best  9/19 (47%) tmpl=keyboard:pad:QWERTZUI+ASDFGHJK@g4@0 IC=0.0403 pos=TMVE | UKWB beta IV-VIII-III rings=AACU stecker=AW BL DF GZ HN SU
  all-time  9/19 tmpl=keyboard:pad:QWERTZUI+ASDFGHJK@g4@0 pos=TMVE | UKWB beta IV-VIII-III rings=AACU stecker=AW BL DF GZ HN SU
Hybrid gen 3/16 pop=16 blockB_greeks=0
  gen-best  9/19 (47%) tmpl=keyboard:pad:QWERTZUI+ASDFGHJK@g4@0 IC=0.0403 pos=TMVE | UKWB beta IV-VIII-III rings=AACU stecker=AW BL DF GZ HN SU
  all-time  9/19 tmpl=keyboard:pad:QWERTZUI+ASDFGHJK@g4@0 pos=TMVE | UKWB beta IV-VIII-III rings=AACU stecker=AW BL DF GZ HN SU
Hybrid gen 4/16 pop=16 blockB_greeks=0
  gen-best  9/19 (47%) tmpl=keyboard:pad:QWERTZUI+ASDFGHJK@g4@0 IC=0.0403 pos=TMVE | UKWB beta IV-VIII-III rings=AACU stecker=AW BL DF GZ HN SU
  all-time  9/19 tmpl=keyboard:pad:QWERTZUI+ASDFGHJK@g4@0 pos=TMVE | UKWB beta IV-VIII-III rings=AACU stecker=AW BL DF GZ HN SU
Hybrid gen 5/16 pop=16 blockB_greeks=0
  gen-best  9/19 (47%) tmpl=keyboard:pad:QWERTZUI+ASDFGHJK@g4@0 IC=0.0403 pos=TMVE | UKWB beta IV-VIII-III rings=AACU stecker=AW BL DF GZ HN SU
  all-time  9/19 tmpl=keyboard:pad:QWERTZUI+ASDFGHJK@g4@0 pos=TMVE | UKWB beta IV-VIII-III rings=AACU stecker=AW BL DF GZ HN SU
Hybrid gen 6/16 pop=16 blockB_greeks=0
  gen-best  10/19 (53%) tmpl=keyboard:pad:QWERTZUI+ASDFGHJK@g4@0 IC=0.0403 pos=TMVE | UKWB beta IV-VIII-III rings=AACU stecker=AW BL DF GZ HN SU TX
  all-time  10/19 tmpl=keyboard:pad:QWERTZUI+ASDFGHJK@g4@0 pos=TMVE | UKWB beta IV-VIII-III rings=AACU stecker=AW BL DF GZ HN SU TX
Hybrid gen 7/16 pop=16 blockB_greeks=0
  gen-best  10/19 (53%) tmpl=keyboard:pad:QWERTZUI+ASDFGHJK@g4@0 IC=0.0403 pos=TMVE | UKWB beta IV-VIII-III rings=AACU stecker=AW BL DF GZ HN SU TX
  all-time  10/19 tmpl=keyboard:pad:QWERTZUI+ASDFGHJK@g4@0 pos=TMVE | UKWB beta IV-VIII-III rings=AACU stecker=AW BL DF GZ HN SU TX
Hybrid gen 8/16 pop=16 blockB_greeks=0
  gen-best  11/19 (58%) tmpl=keyboard:pad:QWERTZUI+ASDFGHJK@g4@0 IC=0.0423 pos=TMVE | UKWB beta IV-VIII-III rings=AACU stecker=AW BL GZ HN MO SU TX
  all-time  11/19 tmpl=keyboard:pad:QWERTZUI+ASDFGHJK@g4@0 pos=TMVE | UKWB beta IV-VIII-III rings=AACU stecker=AW BL GZ HN MO SU TX
Hybrid gen 9/16 pop=16 blockB_greeks=0
  gen-best  11/19 (58%) tmpl=keyboard:pad:QWERTZUI+ASDFGHJK@g4@0 IC=0.0423 pos=TMVE | UKWB beta IV-VIII-III rings=AACU stecker=AW BL GZ HN MO SU TX
  all-time  11/19 tmpl=keyboard:pad:QWERTZUI+ASDFGHJK@g4@0 pos=TMVE | UKWB beta IV-VIII-III rings=AACU stecker=AW BL GZ HN MO SU TX
Hybrid gen 10/16 pop=16 blockB_greeks=0
  gen-best  11/19 (58%) tmpl=keyboard:pad:QWERTZUI+ASDFGHJK@g4@0 IC=0.0423 pos=TMVE | UKWB beta IV-VIII-III rings=AACU stecker=AW BL GZ HN MO SU TX
  all-time  11/19 tmpl=keyboard:pad:QWERTZUI+ASDFGHJK@g4@0 pos=TMVE | UKWB beta IV-VIII-III rings=AACU stecker=AW BL GZ HN MO SU TX
Hybrid gen 11/16 pop=16 blockB_greeks=0
  gen-best  11/19 (58%) tmpl=keyboard:pad:QWERTZUI+ASDFGHJK@g4@0 IC=0.0423 pos=TMVE | UKWB beta IV-VIII-III rings=AACU stecker=AW BL GZ HN MO SU TX
  all-time  11/19 tmpl=keyboard:pad:QWERTZUI+ASDFGHJK@g4@0 pos=TMVE | UKWB beta IV-VIII-III rings=AACU stecker=AW BL GZ HN MO SU TX
Hybrid gen 12/16 pop=16 blockB_greeks=0
  gen-best  11/19 (58%) tmpl=keyboard:pad:QWERTZUI+ASDFGHJK@g4@0 IC=0.0423 pos=TMVE | UKWB beta IV-VIII-III rings=AACU stecker=AW BL GZ HN MO SU TX
  all-time  11/19 tmpl=keyboard:pad:QWERTZUI+ASDFGHJK@g4@0 pos=TMVE | UKWB beta IV-VIII-III rings=AACU stecker=AW BL GZ HN MO SU TX
Hybrid gen 13/16 pop=16 blockB_greeks=0
  gen-best  11/19 (58%) tmpl=keyboard:pad:QWERTZUI+ASDFGHJK@g4@0 IC=0.0423 pos=TMVE | UKWB beta IV-VIII-III rings=AACU stecker=AW BL GZ HN MO SU TX
  all-time  11/19 tmpl=keyboard:pad:QWERTZUI+ASDFGHJK@g4@0 pos=TMVE | UKWB beta IV-VIII-III rings=AACU stecker=AW BL GZ HN MO SU TX
Hybrid gen 14/16 pop=16 blockB_greeks=0
  gen-best  11/19 (58%) tmpl=keyboard:pad:QWERTZUI+ASDFGHJK@g4@0 IC=0.0423 pos=TMVE | UKWB beta IV-VIII-III rings=AACU stecker=AW BL GZ HN MO SU TX
  all-time  11/19 tmpl=keyboard:pad:QWERTZUI+ASDFGHJK@g4@0 pos=TMVE | UKWB beta IV-VIII-III rings=AACU stecker=AW BL GZ HN MO SU TX
Hybrid gen 15/16 pop=16 blockB_greeks=0
  gen-best  11/19 (58%) tmpl=keyboard:pad:QWERTZUI+ASDFGHJK@g4@0 IC=0.0423 pos=TMVE | UKWB beta IV-VIII-III rings=AACU stecker=AW BL GZ HN MO SU TX
  all-time  11/19 tmpl=keyboard:pad:QWERTZUI+ASDFGHJK@g4@0 pos=TMVE | UKWB beta IV-VIII-III rings=AACU stecker=AW BL GZ HN MO SU TX
Hybrid gen 16/16 pop=16 blockB_greeks=0
  gen-best  11/19 (58%) tmpl=keyboard:pad:QWERTZUI+ASDFGHJK@g4@0 IC=0.0423 pos=TMVE | UKWB beta IV-VIII-III rings=AACU stecker=AW BL GZ HN MO SU TX
  all-time  11/19 tmpl=keyboard:pad:QWERTZUI+ASDFGHJK@g4@0 pos=TMVE | UKWB beta IV-VIII-III rings=AACU stecker=AW BL GZ HN MO SU TX
ASIC datapath backend: Metal-cleartext-KPA (B=17576 cleartext lanes/Greek)
Stochastic templates: 1 (constrained 19…19)
Shell evolution: ON freeRings=false WO=6 ringSeeds=2 subspace=potsdam-neighbourhood
Block B Greeks (fixed): (none) — fitness higher=better (KPA letter-match)
Hybrid gen 1/16 pop=16 blockB_greeks=0
  gen-best  8/19 (42%) tmpl=keyboard:pad:QWERTZUI+YXCVBNML@g4@1 IC=0.0352 pos=JDLW | UKWC beta IV-VIII-III rings=AACU stecker=AX BJ CO DH FZ KM NV UW
  all-time  8/19 tmpl=keyboard:pad:QWERTZUI+YXCVBNML@g4@1 pos=JDLW | UKWC beta IV-VIII-III rings=AACU stecker=AX BJ CO DH FZ KM NV UW
Hybrid gen 2/16 pop=16 blockB_greeks=0
  gen-best  9/19 (47%) tmpl=keyboard:pad:QWERTZUI+YXCVBNML@g4@1 IC=0.0403 pos=NTTQ | UKWB gamma VIII-IV-III rings=AAAA stecker=AO EI HL JN KX MR UV
  all-time  9/19 tmpl=keyboard:pad:QWERTZUI+YXCVBNML@g4@1 pos=NTTQ | UKWB gamma VIII-IV-III rings=AAAA stecker=AO EI HL JN KX MR UV
Hybrid gen 3/16 pop=16 blockB_greeks=0
  gen-best  9/19 (47%) tmpl=keyboard:pad:QWERTZUI+YXCVBNML@g4@1 IC=0.0403 pos=NTTQ | UKWB gamma VIII-IV-III rings=AAAA stecker=AO EI HL JN KX MR UV
  all-time  9/19 tmpl=keyboard:pad:QWERTZUI+YXCVBNML@g4@1 pos=NTTQ | UKWB gamma VIII-IV-III rings=AAAA stecker=AO EI HL JN KX MR UV
Hybrid gen 4/16 pop=16 blockB_greeks=0
  gen-best  9/19 (47%) tmpl=keyboard:pad:QWERTZUI+YXCVBNML@g4@1 IC=0.0403 pos=NTTQ | UKWB gamma VIII-IV-III rings=AAAA stecker=AO EI HL JN KX MR UV
  all-time  9/19 tmpl=keyboard:pad:QWERTZUI+YXCVBNML@g4@1 pos=NTTQ | UKWB gamma VIII-IV-III rings=AAAA stecker=AO EI HL JN KX MR UV
Hybrid gen 5/16 pop=16 blockB_greeks=0
  gen-best  9/19 (47%) tmpl=keyboard:pad:QWERTZUI+YXCVBNML@g4@1 IC=0.0403 pos=NTTQ | UKWB gamma VIII-IV-III rings=AAAA stecker=AO EI HL JN KX MR UV
  all-time  9/19 tmpl=keyboard:pad:QWERTZUI+YXCVBNML@g4@1 pos=NTTQ | UKWB gamma VIII-IV-III rings=AAAA stecker=AO EI HL JN KX MR UV
Hybrid gen 6/16 pop=16 blockB_greeks=0
  gen-best  9/19 (47%) tmpl=keyboard:pad:QWERTZUI+YXCVBNML@g4@1 IC=0.0403 pos=NTTQ | UKWB gamma VIII-IV-III rings=AAAA stecker=AO EI HL JN KX MR UV
  all-time  9/19 tmpl=keyboard:pad:QWERTZUI+YXCVBNML@g4@1 pos=NTTQ | UKWB gamma VIII-IV-III rings=AAAA stecker=AO EI HL JN KX MR UV
Hybrid gen 7/16 pop=16 blockB_greeks=0
  gen-best  9/19 (47%) tmpl=keyboard:pad:QWERTZUI+YXCVBNML@g4@1 IC=0.0403 pos=NTTQ | UKWB gamma VIII-IV-III rings=AAAA stecker=AO EI HL JN KX MR UV
  all-time  9/19 tmpl=keyboard:pad:QWERTZUI+YXCVBNML@g4@1 pos=NTTQ | UKWB gamma VIII-IV-III rings=AAAA stecker=AO EI HL JN KX MR UV
Hybrid gen 8/16 pop=16 blockB_greeks=0
  gen-best  9/19 (47%) tmpl=keyboard:pad:QWERTZUI+YXCVBNML@g4@1 IC=0.0403 pos=NTTQ | UKWB gamma VIII-IV-III rings=AAAA stecker=AO EI HL JN KX MR UV
  all-time  9/19 tmpl=keyboard:pad:QWERTZUI+YXCVBNML@g4@1 pos=NTTQ | UKWB gamma VIII-IV-III rings=AAAA stecker=AO EI HL JN KX MR UV
Hybrid gen 9/16 pop=16 blockB_greeks=0
  gen-best  10/19 (53%) tmpl=keyboard:pad:QWERTZUI+YXCVBNML@g4@1 IC=0.0383 pos=NTTQ | UKWB gamma VIII-IV-III rings=AAAA stecker=AO EI HL JN KX MR VY
  all-time  10/19 tmpl=keyboard:pad:QWERTZUI+YXCVBNML@g4@1 pos=NTTQ | UKWB gamma VIII-IV-III rings=AAAA stecker=AO EI HL JN KX MR VY
Hybrid gen 10/16 pop=16 blockB_greeks=0
  gen-best  10/19 (53%) tmpl=keyboard:pad:QWERTZUI+YXCVBNML@g4@1 IC=0.0383 pos=NTTQ | UKWB gamma VIII-IV-III rings=AAAA stecker=AO EI HL JN KX MR VY
  all-time  10/19 tmpl=keyboard:pad:QWERTZUI+YXCVBNML@g4@1 pos=NTTQ | UKWB gamma VIII-IV-III rings=AAAA stecker=AO EI HL JN KX MR VY
Hybrid gen 11/16 pop=16 blockB_greeks=0
  gen-best  10/19 (53%) tmpl=keyboard:pad:QWERTZUI+YXCVBNML@g4@1 IC=0.0383 pos=NTTQ | UKWB gamma VIII-IV-III rings=AAAA stecker=AO EI HL JN KX MR VY
  all-time  10/19 tmpl=keyboard:pad:QWERTZUI+YXCVBNML@g4@1 pos=NTTQ | UKWB gamma VIII-IV-III rings=AAAA stecker=AO EI HL JN KX MR VY
Hybrid gen 12/16 pop=16 blockB_greeks=0
  gen-best  10/19 (53%) tmpl=keyboard:pad:QWERTZUI+YXCVBNML@g4@1 IC=0.0383 pos=NTTQ | UKWB gamma VIII-IV-III rings=AAAA stecker=AO EI HL JN KX MR VY
  all-time  10/19 tmpl=keyboard:pad:QWERTZUI+YXCVBNML@g4@1 pos=NTTQ | UKWB gamma VIII-IV-III rings=AAAA stecker=AO EI HL JN KX MR VY
Hybrid gen 13/16 pop=16 blockB_greeks=0
  gen-best  10/19 (53%) tmpl=keyboard:pad:QWERTZUI+YXCVBNML@g4@1 IC=0.0383 pos=NTTQ | UKWB gamma VIII-IV-III rings=AAAA stecker=AO EI HL JN KX MR VY
  all-time  10/19 tmpl=keyboard:pad:QWERTZUI+YXCVBNML@g4@1 pos=NTTQ | UKWB gamma VIII-IV-III rings=AAAA stecker=AO EI HL JN KX MR VY
Hybrid gen 14/16 pop=16 blockB_greeks=0
  gen-best  10/19 (53%) tmpl=keyboard:pad:QWERTZUI+YXCVBNML@g4@1 IC=0.0383 pos=NTTQ | UKWB gamma VIII-IV-III rings=AAAA stecker=AO EI HL JN KX MR VY
  all-time  10/19 tmpl=keyboard:pad:QWERTZUI+YXCVBNML@g4@1 pos=NTTQ | UKWB gamma VIII-IV-III rings=AAAA stecker=AO EI HL JN KX MR VY
Hybrid gen 15/16 pop=16 blockB_greeks=0
  gen-best  10/19 (53%) tmpl=keyboard:pad:QWERTZUI+YXCVBNML@g4@1 IC=0.0383 pos=NTTQ | UKWB gamma VIII-IV-III rings=AAAA stecker=AO EI HL JN KX MR VY
  all-time  10/19 tmpl=keyboard:pad:QWERTZUI+YXCVBNML@g4@1 pos=NTTQ | UKWB gamma VIII-IV-III rings=AAAA stecker=AO EI HL JN KX MR VY
Hybrid gen 16/16 pop=16 blockB_greeks=0
  gen-best  10/19 (53%) tmpl=keyboard:pad:QWERTZUI+YXCVBNML@g4@1 IC=0.0383 pos=NTTQ | UKWB gamma VIII-IV-III rings=AAAA stecker=AO EI HL JN KX MR VY
  all-time  10/19 tmpl=keyboard:pad:QWERTZUI+YXCVBNML@g4@1 pos=NTTQ | UKWB gamma VIII-IV-III rings=AAAA stecker=AO EI HL JN KX MR VY
ASIC datapath backend: Metal-cleartext-KPA (B=17576 cleartext lanes/Greek)
Stochastic templates: 1 (constrained 19…19)
Shell evolution: ON freeRings=false WO=6 ringSeeds=2 subspace=potsdam-neighbourhood
Block B Greeks (fixed): (none) — fitness higher=better (KPA letter-match)
Hybrid gen 1/16 pop=16 blockB_greeks=0
  gen-best  8/19 (42%) tmpl=kurzsignal:pad:KURZSIGX+AABBCCDD@g2@2 IC=0.0356 pos=YIAY | UKWB gamma VIII-III-IV rings=AAAA stecker=(none)
  all-time  8/19 tmpl=kurzsignal:pad:KURZSIGX+AABBCCDD@g2@2 pos=YIAY | UKWB gamma VIII-III-IV rings=AAAA stecker=(none)
Hybrid gen 2/16 pop=16 blockB_greeks=0
  gen-best  9/19 (47%) tmpl=kurzsignal:pad:KURZSIGX+AABBCCDD@g2@2 IC=0.0379 pos=XRYP | UKWC gamma IV-III-VIII rings=AACA stecker=AH BT DO EN FV KQ LM PW SY
  all-time  9/19 tmpl=kurzsignal:pad:KURZSIGX+AABBCCDD@g2@2 pos=XRYP | UKWC gamma IV-III-VIII rings=AACA stecker=AH BT DO EN FV KQ LM PW SY
Hybrid gen 3/16 pop=16 blockB_greeks=0
  gen-best  9/19 (47%) tmpl=kurzsignal:pad:KURZSIGX+AABBCCDD@g2@2 IC=0.0379 pos=XRYP | UKWC gamma IV-III-VIII rings=AACA stecker=AH BT DO EN FV KQ LM PW SY
  all-time  9/19 tmpl=kurzsignal:pad:KURZSIGX+AABBCCDD@g2@2 pos=XRYP | UKWC gamma IV-III-VIII rings=AACA stecker=AH BT DO EN FV KQ LM PW SY
Hybrid gen 4/16 pop=16 blockB_greeks=0
  gen-best  10/19 (53%) tmpl=kurzsignal:pad:KURZSIGX+AABBCCDD@g2@2 IC=0.0379 pos=XRYP | UKWC gamma IV-III-VIII rings=AACA stecker=AH BT DO EN FV JX KQ LM SY
  all-time  10/19 tmpl=kurzsignal:pad:KURZSIGX+AABBCCDD@g2@2 pos=XRYP | UKWC gamma IV-III-VIII rings=AACA stecker=AH BT DO EN FV JX KQ LM SY
Hybrid gen 5/16 pop=16 blockB_greeks=0
  gen-best  10/19 (53%) tmpl=kurzsignal:pad:KURZSIGX+AABBCCDD@g2@2 IC=0.0379 pos=XRYP | UKWC gamma IV-III-VIII rings=AACA stecker=AH BT DO EN FV JX KQ LM SY
  all-time  10/19 tmpl=kurzsignal:pad:KURZSIGX+AABBCCDD@g2@2 pos=XRYP | UKWC gamma IV-III-VIII rings=AACA stecker=AH BT DO EN FV JX KQ LM SY
Hybrid gen 6/16 pop=16 blockB_greeks=0
  gen-best  10/19 (53%) tmpl=kurzsignal:pad:KURZSIGX+AABBCCDD@g2@2 IC=0.0379 pos=XRYP | UKWC gamma IV-III-VIII rings=AACA stecker=AH BT DO EN FV JX KQ LM SY
  all-time  10/19 tmpl=kurzsignal:pad:KURZSIGX+AABBCCDD@g2@2 pos=XRYP | UKWC gamma IV-III-VIII rings=AACA stecker=AH BT DO EN FV JX KQ LM SY
Hybrid gen 7/16 pop=16 blockB_greeks=0
  gen-best  10/19 (53%) tmpl=kurzsignal:pad:KURZSIGX+AABBCCDD@g2@2 IC=0.0379 pos=XRYP | UKWC gamma IV-III-VIII rings=AACA stecker=AH BT DO EN FV JX KQ LM SY
  all-time  10/19 tmpl=kurzsignal:pad:KURZSIGX+AABBCCDD@g2@2 pos=XRYP | UKWC gamma IV-III-VIII rings=AACA stecker=AH BT DO EN FV JX KQ LM SY
Hybrid gen 8/16 pop=16 blockB_greeks=0
  gen-best  10/19 (53%) tmpl=kurzsignal:pad:KURZSIGX+AABBCCDD@g2@2 IC=0.0379 pos=XRYP | UKWC gamma IV-III-VIII rings=AACA stecker=AH BT DO EN FV JX KQ LM SY
  all-time  10/19 tmpl=kurzsignal:pad:KURZSIGX+AABBCCDD@g2@2 pos=XRYP | UKWC gamma IV-III-VIII rings=AACA stecker=AH BT DO EN FV JX KQ LM SY
Hybrid gen 9/16 pop=16 blockB_greeks=0
  gen-best  10/19 (53%) tmpl=kurzsignal:pad:KURZSIGX+AABBCCDD@g2@2 IC=0.0379 pos=XRYP | UKWC gamma IV-III-VIII rings=AACA stecker=AH BT DO EN FV JX KQ LM SY
  all-time  10/19 tmpl=kurzsignal:pad:KURZSIGX+AABBCCDD@g2@2 pos=XRYP | UKWC gamma IV-III-VIII rings=AACA stecker=AH BT DO EN FV JX KQ LM SY
Hybrid gen 10/16 pop=16 blockB_greeks=0
  gen-best  10/19 (53%) tmpl=kurzsignal:pad:KURZSIGX+AABBCCDD@g2@2 IC=0.0379 pos=XRYP | UKWC gamma IV-III-VIII rings=AACA stecker=AH BT DO EN FV JX KQ LM SY
  all-time  10/19 tmpl=kurzsignal:pad:KURZSIGX+AABBCCDD@g2@2 pos=XRYP | UKWC gamma IV-III-VIII rings=AACA stecker=AH BT DO EN FV JX KQ LM SY
Hybrid gen 11/16 pop=16 blockB_greeks=0
  gen-best  10/19 (53%) tmpl=kurzsignal:pad:KURZSIGX+AABBCCDD@g2@2 IC=0.0379 pos=XRYP | UKWC gamma IV-III-VIII rings=AACA stecker=AH BT DO EN FV JX KQ LM SY
  all-time  10/19 tmpl=kurzsignal:pad:KURZSIGX+AABBCCDD@g2@2 pos=XRYP | UKWC gamma IV-III-VIII rings=AACA stecker=AH BT DO EN FV JX KQ LM SY
Hybrid gen 12/16 pop=16 blockB_greeks=0
  gen-best  10/19 (53%) tmpl=kurzsignal:pad:KURZSIGX+AABBCCDD@g2@2 IC=0.0379 pos=XRYP | UKWC gamma IV-III-VIII rings=AACA stecker=AH BT DO EN FV JX KQ LM SY
  all-time  10/19 tmpl=kurzsignal:pad:KURZSIGX+AABBCCDD@g2@2 pos=XRYP | UKWC gamma IV-III-VIII rings=AACA stecker=AH BT DO EN FV JX KQ LM SY
Hybrid gen 13/16 pop=16 blockB_greeks=0
  gen-best  10/19 (53%) tmpl=kurzsignal:pad:KURZSIGX+AABBCCDD@g2@2 IC=0.0379 pos=XRYP | UKWC gamma IV-III-VIII rings=AACA stecker=AH BT DO EN FV JX KQ LM SY
  all-time  10/19 tmpl=kurzsignal:pad:KURZSIGX+AABBCCDD@g2@2 pos=XRYP | UKWC gamma IV-III-VIII rings=AACA stecker=AH BT DO EN FV JX KQ LM SY
Hybrid gen 14/16 pop=16 blockB_greeks=0
  gen-best  10/19 (53%) tmpl=kurzsignal:pad:KURZSIGX+AABBCCDD@g2@2 IC=0.0379 pos=XRYP | UKWC gamma IV-III-VIII rings=AACA stecker=AH BT DO EN FV JX KQ LM SY
  all-time  10/19 tmpl=kurzsignal:pad:KURZSIGX+AABBCCDD@g2@2 pos=XRYP | UKWC gamma IV-III-VIII rings=AACA stecker=AH BT DO EN FV JX KQ LM SY
Hybrid gen 15/16 pop=16 blockB_greeks=0
  gen-best  10/19 (53%) tmpl=kurzsignal:pad:KURZSIGX+AABBCCDD@g2@2 IC=0.0379 pos=XRYP | UKWC gamma IV-III-VIII rings=AACA stecker=AH BT DO EN FV JX KQ LM SY
  all-time  10/19 tmpl=kurzsignal:pad:KURZSIGX+AABBCCDD@g2@2 pos=XRYP | UKWC gamma IV-III-VIII rings=AACA stecker=AH BT DO EN FV JX KQ LM SY
Hybrid gen 16/16 pop=16 blockB_greeks=0
  gen-best  10/19 (53%) tmpl=kurzsignal:pad:KURZSIGX+AABBCCDD@g2@2 IC=0.0379 pos=XRYP | UKWC gamma IV-III-VIII rings=AACA stecker=AH BT DO EN FV JX KQ LM SY
  all-time  10/19 tmpl=kurzsignal:pad:KURZSIGX+AABBCCDD@g2@2 pos=XRYP | UKWC gamma IV-III-VIII rings=AACA stecker=AH BT DO EN FV JX KQ LM SY
ASIC datapath backend: Metal-cleartext-KPA (B=17576 cleartext lanes/Greek)
Stochastic templates: 1 (constrained 19…19)
Shell evolution: ON freeRings=false WO=6 ringSeeds=2 subspace=potsdam-neighbourhood
Block B Greeks (fixed): (none) — fitness higher=better (KPA letter-match)
Hybrid gen 1/16 pop=16 blockB_greeks=0
  gen-best  8/19 (42%) tmpl=kurzsignal:pad:KURZSIGX+AABBCCDD@g4@2 IC=0.0403 pos=SXOT | UKWC beta III-IV-VIII rings=AAAA stecker=AN BO EX FJ GR HU IZ LT MS PW
  all-time  8/19 tmpl=kurzsignal:pad:KURZSIGX+AABBCCDD@g4@2 pos=SXOT | UKWC beta III-IV-VIII rings=AAAA stecker=AN BO EX FJ GR HU IZ LT MS PW
Hybrid gen 2/16 pop=16 blockB_greeks=0
  gen-best  9/19 (47%) tmpl=kurzsignal:pad:KURZSIGX+AABBCCDD@g4@2 IC=0.0454 pos=VPRR | UKWC beta VIII-III-IV rings=AAAA stecker=AI BZ CG DT HW JY KP LO MR QV
  all-time  9/19 tmpl=kurzsignal:pad:KURZSIGX+AABBCCDD@g4@2 pos=VPRR | UKWC beta VIII-III-IV rings=AAAA stecker=AI BZ CG DT HW JY KP LO MR QV
Hybrid gen 3/16 pop=16 blockB_greeks=0
  gen-best  9/19 (47%) tmpl=kurzsignal:pad:KURZSIGX+AABBCCDD@g4@2 IC=0.0454 pos=VPRR | UKWC beta VIII-III-IV rings=AAAA stecker=AI BZ CG DT HW JY KP LO MR QV
  all-time  9/19 tmpl=kurzsignal:pad:KURZSIGX+AABBCCDD@g4@2 pos=VPRR | UKWC beta VIII-III-IV rings=AAAA stecker=AI BZ CG DT HW JY KP LO MR QV
Hybrid gen 4/16 pop=16 blockB_greeks=0
  gen-best  9/19 (47%) tmpl=kurzsignal:pad:KURZSIGX+AABBCCDD@g4@2 IC=0.0454 pos=VPRR | UKWC beta VIII-III-IV rings=AAAA stecker=AI BZ CG DT HW JY KP LO MR QV
  all-time  9/19 tmpl=kurzsignal:pad:KURZSIGX+AABBCCDD@g4@2 pos=VPRR | UKWC beta VIII-III-IV rings=AAAA stecker=AI BZ CG DT HW JY KP LO MR QV
Hybrid gen 5/16 pop=16 blockB_greeks=0
  gen-best  9/19 (47%) tmpl=kurzsignal:pad:KURZSIGX+AABBCCDD@g4@2 IC=0.0454 pos=VPRR | UKWC beta VIII-III-IV rings=AAAA stecker=AI BZ CG DT HW JY KP LO MR QV
  all-time  9/19 tmpl=kurzsignal:pad:KURZSIGX+AABBCCDD@g4@2 pos=VPRR | UKWC beta VIII-III-IV rings=AAAA stecker=AI BZ CG DT HW JY KP LO MR QV
Hybrid gen 6/16 pop=16 blockB_greeks=0
  gen-best  10/19 (53%) tmpl=kurzsignal:pad:KURZSIGX+AABBCCDD@g4@2 IC=0.0489 pos=VPRR | UKWC beta VIII-III-IV rings=AAAA stecker=AI BZ CG DT HW JY KP LU MR QV
  all-time  10/19 tmpl=kurzsignal:pad:KURZSIGX+AABBCCDD@g4@2 pos=VPRR | UKWC beta VIII-III-IV rings=AAAA stecker=AI BZ CG DT HW JY KP LU MR QV
Hybrid gen 7/16 pop=16 blockB_greeks=0
  gen-best  10/19 (53%) tmpl=kurzsignal:pad:KURZSIGX+AABBCCDD@g4@2 IC=0.0489 pos=VPRR | UKWC beta VIII-III-IV rings=AAAA stecker=AI BZ CG DT HW JY KP LU MR QV
  all-time  10/19 tmpl=kurzsignal:pad:KURZSIGX+AABBCCDD@g4@2 pos=VPRR | UKWC beta VIII-III-IV rings=AAAA stecker=AI BZ CG DT HW JY KP LU MR QV
Hybrid gen 8/16 pop=16 blockB_greeks=0
  gen-best  10/19 (53%) tmpl=kurzsignal:pad:KURZSIGX+AABBCCDD@g4@2 IC=0.0489 pos=VPRR | UKWC beta VIII-III-IV rings=AAAA stecker=AI BZ CG DT HW JY KP LU MR QV
  all-time  10/19 tmpl=kurzsignal:pad:KURZSIGX+AABBCCDD@g4@2 pos=VPRR | UKWC beta VIII-III-IV rings=AAAA stecker=AI BZ CG DT HW JY KP LU MR QV
Hybrid gen 9/16 pop=16 blockB_greeks=0
  gen-best  11/19 (58%) tmpl=kurzsignal:pad:KURZSIGX+AABBCCDD@g4@2 IC=0.0426 pos=VPRR | UKWC beta VIII-III-IV rings=AAAA stecker=AI BZ CG DT EN HW KP LU MR QV
  all-time  11/19 tmpl=kurzsignal:pad:KURZSIGX+AABBCCDD@g4@2 pos=VPRR | UKWC beta VIII-III-IV rings=AAAA stecker=AI BZ CG DT EN HW KP LU MR QV
Hybrid gen 10/16 pop=16 blockB_greeks=0
  gen-best  11/19 (58%) tmpl=kurzsignal:pad:KURZSIGX+AABBCCDD@g4@2 IC=0.0426 pos=VPRR | UKWC beta VIII-III-IV rings=AAAA stecker=AI BZ CG DT EN HW KP LU MR QV
  all-time  11/19 tmpl=kurzsignal:pad:KURZSIGX+AABBCCDD@g4@2 pos=VPRR | UKWC beta VIII-III-IV rings=AAAA stecker=AI BZ CG DT EN HW KP LU MR QV
Hybrid gen 11/16 pop=16 blockB_greeks=0
  gen-best  11/19 (58%) tmpl=kurzsignal:pad:KURZSIGX+AABBCCDD@g4@2 IC=0.0426 pos=VPRR | UKWC beta VIII-III-IV rings=AAAA stecker=AI BZ CG DT EN HW KP LU MR QV
  all-time  11/19 tmpl=kurzsignal:pad:KURZSIGX+AABBCCDD@g4@2 pos=VPRR | UKWC beta VIII-III-IV rings=AAAA stecker=AI BZ CG DT EN HW KP LU MR QV
Hybrid gen 12/16 pop=16 blockB_greeks=0
  gen-best  11/19 (58%) tmpl=kurzsignal:pad:KURZSIGX+AABBCCDD@g4@2 IC=0.0426 pos=VPRR | UKWC beta VIII-III-IV rings=AAAA stecker=AI BZ CG DT EN HW KP LU MR QV
  all-time  11/19 tmpl=kurzsignal:pad:KURZSIGX+AABBCCDD@g4@2 pos=VPRR | UKWC beta VIII-III-IV rings=AAAA stecker=AI BZ CG DT EN HW KP LU MR QV
Hybrid gen 13/16 pop=16 blockB_greeks=0
  gen-best  11/19 (58%) tmpl=kurzsignal:pad:KURZSIGX+AABBCCDD@g4@2 IC=0.0426 pos=VPRR | UKWC beta VIII-III-IV rings=AAAA stecker=AI BZ CG DT EN HW KP LU MR QV
  all-time  11/19 tmpl=kurzsignal:pad:KURZSIGX+AABBCCDD@g4@2 pos=VPRR | UKWC beta VIII-III-IV rings=AAAA stecker=AI BZ CG DT EN HW KP LU MR QV
Hybrid gen 14/16 pop=16 blockB_greeks=0
  gen-best  11/19 (58%) tmpl=kurzsignal:pad:KURZSIGX+AABBCCDD@g4@2 IC=0.0426 pos=VPRR | UKWC beta VIII-III-IV rings=AAAA stecker=AI BZ CG DT EN HW KP LU MR QV
  all-time  11/19 tmpl=kurzsignal:pad:KURZSIGX+AABBCCDD@g4@2 pos=VPRR | UKWC beta VIII-III-IV rings=AAAA stecker=AI BZ CG DT EN HW KP LU MR QV
Hybrid gen 15/16 pop=16 blockB_greeks=0
  gen-best  11/19 (58%) tmpl=kurzsignal:pad:KURZSIGX+AABBCCDD@g4@2 IC=0.0426 pos=VPRR | UKWC beta VIII-III-IV rings=AAAA stecker=AI BZ CG DT EN HW KP LU MR QV
  all-time  11/19 tmpl=kurzsignal:pad:KURZSIGX+AABBCCDD@g4@2 pos=VPRR | UKWC beta VIII-III-IV rings=AAAA stecker=AI BZ CG DT EN HW KP LU MR QV
Hybrid gen 16/16 pop=16 blockB_greeks=0
  gen-best  11/19 (58%) tmpl=kurzsignal:pad:KURZSIGX+AABBCCDD@g4@2 IC=0.0426 pos=VPRR | UKWC beta VIII-III-IV rings=AAAA stecker=AI BZ CG DT EN HW KP LU MR QV
  all-time  11/19 tmpl=kurzsignal:pad:KURZSIGX+AABBCCDD@g4@2 pos=VPRR | UKWC beta VIII-III-IV rings=AAAA stecker=AI BZ CG DT EN HW KP LU MR QV
ASIC datapath backend: Metal-cleartext-KPA (B=17576 cleartext lanes/Greek)
Stochastic templates: 1 (constrained 19…19)
Shell evolution: ON freeRings=false WO=6 ringSeeds=2 subspace=potsdam-neighbourhood
Block B Greeks (fixed): (none) — fitness higher=better (KPA letter-match)
Hybrid gen 1/16 pop=16 blockB_greeks=0
  gen-best  8/19 (42%) tmpl=kurzsignal:pad:KURZSIGX+KURZSIGN@g2@2 IC=0.0403 pos=JVZA | UKWB beta III-IV-VIII rings=AACU stecker=BS EP GY HK JO NV QT XZ
  all-time  8/19 tmpl=kurzsignal:pad:KURZSIGX+KURZSIGN@g2@2 pos=JVZA | UKWB beta III-IV-VIII rings=AACU stecker=BS EP GY HK JO NV QT XZ
Hybrid gen 2/16 pop=16 blockB_greeks=0
  gen-best  8/19 (42%) tmpl=kurzsignal:pad:KURZSIGX+KURZSIGN@g2@2 IC=0.0403 pos=JVZA | UKWB beta III-IV-VIII rings=AACU stecker=BS EP GY HK JO NV QT XZ
  all-time  8/19 tmpl=kurzsignal:pad:KURZSIGX+KURZSIGN@g2@2 pos=JVZA | UKWB beta III-IV-VIII rings=AACU stecker=BS EP GY HK JO NV QT XZ
Hybrid gen 3/16 pop=16 blockB_greeks=0
  gen-best  9/19 (47%) tmpl=kurzsignal:pad:KURZSIGX+KURZSIGN@g2@2 IC=0.0383 pos=CGMB | UKWB gamma III-VIII-IV rings=AAAA stecker=CQ FX GO IL JT KR
  all-time  9/19 tmpl=kurzsignal:pad:KURZSIGX+KURZSIGN@g2@2 pos=CGMB | UKWB gamma III-VIII-IV rings=AAAA stecker=CQ FX GO IL JT KR
Hybrid gen 4/16 pop=16 blockB_greeks=0
  gen-best  9/19 (47%) tmpl=kurzsignal:pad:KURZSIGX+KURZSIGN@g2@2 IC=0.0383 pos=CGMB | UKWB gamma III-VIII-IV rings=AAAA stecker=CQ FX GO IL JT KR
  all-time  9/19 tmpl=kurzsignal:pad:KURZSIGX+KURZSIGN@g2@2 pos=CGMB | UKWB gamma III-VIII-IV rings=AAAA stecker=CQ FX GO IL JT KR
Hybrid gen 5/16 pop=16 blockB_greeks=0
  gen-best  9/19 (47%) tmpl=kurzsignal:pad:KURZSIGX+KURZSIGN@g2@2 IC=0.0383 pos=CGMB | UKWB gamma III-VIII-IV rings=AAAA stecker=CQ FX GO IL JT KR
  all-time  9/19 tmpl=kurzsignal:pad:KURZSIGX+KURZSIGN@g2@2 pos=CGMB | UKWB gamma III-VIII-IV rings=AAAA stecker=CQ FX GO IL JT KR
Hybrid gen 6/16 pop=16 blockB_greeks=0
  gen-best  9/19 (47%) tmpl=kurzsignal:pad:KURZSIGX+KURZSIGN@g2@2 IC=0.0383 pos=CGMB | UKWB gamma III-VIII-IV rings=AAAA stecker=CQ FX GO IL JT KR
  all-time  9/19 tmpl=kurzsignal:pad:KURZSIGX+KURZSIGN@g2@2 pos=CGMB | UKWB gamma III-VIII-IV rings=AAAA stecker=CQ FX GO IL JT KR
Hybrid gen 7/16 pop=16 blockB_greeks=0
  gen-best  10/19 (53%) tmpl=kurzsignal:pad:KURZSIGX+KURZSIGN@g2@2 IC=0.0407 pos=QEHM | UKWC gamma IV-III-VIII rings=AACU stecker=GI HO LP UW
  all-time  10/19 tmpl=kurzsignal:pad:KURZSIGX+KURZSIGN@g2@2 pos=QEHM | UKWC gamma IV-III-VIII rings=AACU stecker=GI HO LP UW
Hybrid gen 8/16 pop=16 blockB_greeks=0
  gen-best  10/19 (53%) tmpl=kurzsignal:pad:KURZSIGX+KURZSIGN@g2@2 IC=0.0407 pos=QEHM | UKWC gamma IV-III-VIII rings=AACU stecker=GI HO LP UW
  all-time  10/19 tmpl=kurzsignal:pad:KURZSIGX+KURZSIGN@g2@2 pos=QEHM | UKWC gamma IV-III-VIII rings=AACU stecker=GI HO LP UW
Hybrid gen 9/16 pop=16 blockB_greeks=0
  gen-best  10/19 (53%) tmpl=kurzsignal:pad:KURZSIGX+KURZSIGN@g2@2 IC=0.0407 pos=QEHM | UKWC gamma IV-III-VIII rings=AACU stecker=GI HO LP UW
  all-time  10/19 tmpl=kurzsignal:pad:KURZSIGX+KURZSIGN@g2@2 pos=QEHM | UKWC gamma IV-III-VIII rings=AACU stecker=GI HO LP UW
Hybrid gen 10/16 pop=16 blockB_greeks=0
  gen-best  10/19 (53%) tmpl=kurzsignal:pad:KURZSIGX+KURZSIGN@g2@2 IC=0.0407 pos=QEHM | UKWC gamma IV-III-VIII rings=AACU stecker=GI HO LP UW
  all-time  10/19 tmpl=kurzsignal:pad:KURZSIGX+KURZSIGN@g2@2 pos=QEHM | UKWC gamma IV-III-VIII rings=AACU stecker=GI HO LP UW
Hybrid gen 11/16 pop=16 blockB_greeks=0
  gen-best  10/19 (53%) tmpl=kurzsignal:pad:KURZSIGX+KURZSIGN@g2@2 IC=0.0407 pos=QEHM | UKWC gamma IV-III-VIII rings=AACU stecker=GI HO LP UW
  all-time  10/19 tmpl=kurzsignal:pad:KURZSIGX+KURZSIGN@g2@2 pos=QEHM | UKWC gamma IV-III-VIII rings=AACU stecker=GI HO LP UW
Hybrid gen 12/16 pop=16 blockB_greeks=0
  gen-best  10/19 (53%) tmpl=kurzsignal:pad:KURZSIGX+KURZSIGN@g2@2 IC=0.0407 pos=QEHM | UKWC gamma IV-III-VIII rings=AACU stecker=GI HO LP UW
  all-time  10/19 tmpl=kurzsignal:pad:KURZSIGX+KURZSIGN@g2@2 pos=QEHM | UKWC gamma IV-III-VIII rings=AACU stecker=GI HO LP UW
Hybrid gen 13/16 pop=16 blockB_greeks=0
  gen-best  11/19 (58%) tmpl=kurzsignal:pad:KURZSIGX+KURZSIGN@g2@2 IC=0.0379 pos=CGMB | UKWB gamma III-VIII-IV rings=AAAA stecker=DJ FX GO IL KR TW
  all-time  11/19 tmpl=kurzsignal:pad:KURZSIGX+KURZSIGN@g2@2 pos=CGMB | UKWB gamma III-VIII-IV rings=AAAA stecker=DJ FX GO IL KR TW
Hybrid gen 14/16 pop=16 blockB_greeks=0
  gen-best  11/19 (58%) tmpl=kurzsignal:pad:KURZSIGX+KURZSIGN@g2@2 IC=0.0379 pos=CGMB | UKWB gamma III-VIII-IV rings=AAAA stecker=DJ FX GO IL KR TW
  all-time  11/19 tmpl=kurzsignal:pad:KURZSIGX+KURZSIGN@g2@2 pos=CGMB | UKWB gamma III-VIII-IV rings=AAAA stecker=DJ FX GO IL KR TW
Hybrid gen 15/16 pop=16 blockB_greeks=0
  gen-best  11/19 (58%) tmpl=kurzsignal:pad:KURZSIGX+KURZSIGN@g2@2 IC=0.0379 pos=CGMB | UKWB gamma III-VIII-IV rings=AAAA stecker=DJ FX GO IL KR TW
  all-time  11/19 tmpl=kurzsignal:pad:KURZSIGX+KURZSIGN@g2@2 pos=CGMB | UKWB gamma III-VIII-IV rings=AAAA stecker=DJ FX GO IL KR TW
Hybrid gen 16/16 pop=16 blockB_greeks=0
  gen-best  11/19 (58%) tmpl=kurzsignal:pad:KURZSIGX+KURZSIGN@g2@2 IC=0.0379 pos=CGMB | UKWB gamma III-VIII-IV rings=AAAA stecker=DJ FX GO IL KR TW
  all-time  11/19 tmpl=kurzsignal:pad:KURZSIGX+KURZSIGN@g2@2 pos=CGMB | UKWB gamma III-VIII-IV rings=AAAA stecker=DJ FX GO IL KR TW
ASIC datapath backend: Metal-cleartext-KPA (B=17576 cleartext lanes/Greek)
Stochastic templates: 1 (constrained 19…19)
Shell evolution: ON freeRings=false WO=6 ringSeeds=2 subspace=potsdam-neighbourhood
Block B Greeks (fixed): (none) — fitness higher=better (KPA letter-match)
Hybrid gen 1/16 pop=16 blockB_greeks=0
  gen-best  8/19 (42%) tmpl=kurzsignal:pad:KURZSIGX+POSITION@g2@2 IC=0.0395 pos=OCFQ | UKWC beta VIII-IV-III rings=AACU stecker=AO CK DQ EL FX GJ HI PV YZ
  all-time  8/19 tmpl=kurzsignal:pad:KURZSIGX+POSITION@g2@2 pos=OCFQ | UKWC beta VIII-IV-III rings=AACU stecker=AO CK DQ EL FX GJ HI PV YZ
Hybrid gen 2/16 pop=16 blockB_greeks=0
  gen-best  9/19 (47%) tmpl=kurzsignal:pad:KURZSIGX+POSITION@g2@2 IC=0.0364 pos=OCFQ | UKWC beta VIII-IV-III rings=AACU stecker=AO CK DQ EL GJ HI PV WX YZ
  all-time  9/19 tmpl=kurzsignal:pad:KURZSIGX+POSITION@g2@2 pos=OCFQ | UKWC beta VIII-IV-III rings=AACU stecker=AO CK DQ EL GJ HI PV WX YZ
Hybrid gen 3/16 pop=16 blockB_greeks=0
  gen-best  9/19 (47%) tmpl=kurzsignal:pad:KURZSIGX+POSITION@g2@2 IC=0.0364 pos=OCFQ | UKWC beta VIII-IV-III rings=AACU stecker=AO CK DQ EL GJ HI PV WX YZ
  all-time  9/19 tmpl=kurzsignal:pad:KURZSIGX+POSITION@g2@2 pos=OCFQ | UKWC beta VIII-IV-III rings=AACU stecker=AO CK DQ EL GJ HI PV WX YZ
Hybrid gen 4/16 pop=16 blockB_greeks=0
  gen-best  9/19 (47%) tmpl=kurzsignal:pad:KURZSIGX+POSITION@g2@2 IC=0.0364 pos=OCFQ | UKWC beta VIII-IV-III rings=AACU stecker=AO CK DQ EL GJ HI PV WX YZ
  all-time  9/19 tmpl=kurzsignal:pad:KURZSIGX+POSITION@g2@2 pos=OCFQ | UKWC beta VIII-IV-III rings=AACU stecker=AO CK DQ EL GJ HI PV WX YZ
Hybrid gen 5/16 pop=16 blockB_greeks=0
  gen-best  10/19 (53%) tmpl=kurzsignal:pad:KURZSIGX+POSITION@g2@2 IC=0.0419 pos=VELL | UKWC beta VIII-IV-III rings=AACU stecker=AO CS DQ EL GJ HI PV WX YZ
  all-time  10/19 tmpl=kurzsignal:pad:KURZSIGX+POSITION@g2@2 pos=VELL | UKWC beta VIII-IV-III rings=AACU stecker=AO CS DQ EL GJ HI PV WX YZ
Hybrid gen 6/16 pop=16 blockB_greeks=0
  gen-best  10/19 (53%) tmpl=kurzsignal:pad:KURZSIGX+POSITION@g2@2 IC=0.0419 pos=VELL | UKWC beta VIII-IV-III rings=AACU stecker=AO CS DQ EL GJ HI PV WX YZ
  all-time  10/19 tmpl=kurzsignal:pad:KURZSIGX+POSITION@g2@2 pos=VELL | UKWC beta VIII-IV-III rings=AACU stecker=AO CS DQ EL GJ HI PV WX YZ
Hybrid gen 7/16 pop=16 blockB_greeks=0
  gen-best  10/19 (53%) tmpl=kurzsignal:pad:KURZSIGX+POSITION@g2@2 IC=0.0419 pos=VELL | UKWC beta VIII-IV-III rings=AACU stecker=AO CS DQ EL GJ HI PV WX YZ
  all-time  10/19 tmpl=kurzsignal:pad:KURZSIGX+POSITION@g2@2 pos=VELL | UKWC beta VIII-IV-III rings=AACU stecker=AO CS DQ EL GJ HI PV WX YZ
Hybrid gen 8/16 pop=16 blockB_greeks=0
  gen-best  11/19 (58%) tmpl=kurzsignal:pad:KURZSIGX+POSITION@g2@2 IC=0.0411 pos=VELL | UKWC beta VIII-IV-III rings=AACU stecker=AO CS EL GJ HI PV WX YZ
  all-time  11/19 tmpl=kurzsignal:pad:KURZSIGX+POSITION@g2@2 pos=VELL | UKWC beta VIII-IV-III rings=AACU stecker=AO CS EL GJ HI PV WX YZ
Hybrid gen 9/16 pop=16 blockB_greeks=0
  gen-best  11/19 (58%) tmpl=kurzsignal:pad:KURZSIGX+POSITION@g2@2 IC=0.0411 pos=VELL | UKWC beta VIII-IV-III rings=AACU stecker=AO CS EL GJ HI PV WX YZ
  all-time  11/19 tmpl=kurzsignal:pad:KURZSIGX+POSITION@g2@2 pos=VELL | UKWC beta VIII-IV-III rings=AACU stecker=AO CS EL GJ HI PV WX YZ
Hybrid gen 10/16 pop=16 blockB_greeks=0
  gen-best  11/19 (58%) tmpl=kurzsignal:pad:KURZSIGX+POSITION@g2@2 IC=0.0411 pos=VELL | UKWC beta VIII-IV-III rings=AACU stecker=AO CS EL GJ HI PV WX YZ
  all-time  11/19 tmpl=kurzsignal:pad:KURZSIGX+POSITION@g2@2 pos=VELL | UKWC beta VIII-IV-III rings=AACU stecker=AO CS EL GJ HI PV WX YZ
Hybrid gen 11/16 pop=16 blockB_greeks=0
  gen-best  11/19 (58%) tmpl=kurzsignal:pad:KURZSIGX+POSITION@g2@2 IC=0.0411 pos=VELL | UKWC beta VIII-IV-III rings=AACU stecker=AO CS EL GJ HI PV WX YZ
  all-time  11/19 tmpl=kurzsignal:pad:KURZSIGX+POSITION@g2@2 pos=VELL | UKWC beta VIII-IV-III rings=AACU stecker=AO CS EL GJ HI PV WX YZ
Hybrid gen 12/16 pop=16 blockB_greeks=0
  gen-best  11/19 (58%) tmpl=kurzsignal:pad:KURZSIGX+POSITION@g2@2 IC=0.0411 pos=VELL | UKWC beta VIII-IV-III rings=AACU stecker=AO CS EL GJ HI PV WX YZ
  all-time  11/19 tmpl=kurzsignal:pad:KURZSIGX+POSITION@g2@2 pos=VELL | UKWC beta VIII-IV-III rings=AACU stecker=AO CS EL GJ HI PV WX YZ
Hybrid gen 13/16 pop=16 blockB_greeks=0
  gen-best  11/19 (58%) tmpl=kurzsignal:pad:KURZSIGX+POSITION@g2@2 IC=0.0411 pos=VELL | UKWC beta VIII-IV-III rings=AACU stecker=AO CS EL GJ HI PV WX YZ
  all-time  11/19 tmpl=kurzsignal:pad:KURZSIGX+POSITION@g2@2 pos=VELL | UKWC beta VIII-IV-III rings=AACU stecker=AO CS EL GJ HI PV WX YZ
Hybrid gen 14/16 pop=16 blockB_greeks=0
  gen-best  11/19 (58%) tmpl=kurzsignal:pad:KURZSIGX+POSITION@g2@2 IC=0.0411 pos=VELL | UKWC beta VIII-IV-III rings=AACU stecker=AO CS EL GJ HI PV WX YZ
  all-time  11/19 tmpl=kurzsignal:pad:KURZSIGX+POSITION@g2@2 pos=VELL | UKWC beta VIII-IV-III rings=AACU stecker=AO CS EL GJ HI PV WX YZ
Hybrid gen 15/16 pop=16 blockB_greeks=0
  gen-best  12/19 (63%) tmpl=kurzsignal:pad:KURZSIGX+POSITION@g2@2 IC=0.0419 pos=VELL | UKWC beta VIII-IV-III rings=AACU stecker=AO BQ CS EL HI JR PV WX YZ
  all-time  12/19 tmpl=kurzsignal:pad:KURZSIGX+POSITION@g2@2 pos=VELL | UKWC beta VIII-IV-III rings=AACU stecker=AO BQ CS EL HI JR PV WX YZ
Hybrid gen 16/16 pop=16 blockB_greeks=0
  gen-best  12/19 (63%) tmpl=kurzsignal:pad:KURZSIGX+POSITION@g2@2 IC=0.0419 pos=VELL | UKWC beta VIII-IV-III rings=AACU stecker=AO BQ CS EL HI JR PV WX YZ
  all-time  12/19 tmpl=kurzsignal:pad:KURZSIGX+POSITION@g2@2 pos=VELL | UKWC beta VIII-IV-III rings=AACU stecker=AO BQ CS EL HI JR PV WX YZ
ASIC datapath backend: Metal-cleartext-KPA (B=17576 cleartext lanes/Greek)
Stochastic templates: 1 (constrained 19…19)
Shell evolution: ON freeRings=false WO=6 ringSeeds=2 subspace=potsdam-neighbourhood
Block B Greeks (fixed): (none) — fitness higher=better (KPA letter-match)
Hybrid gen 1/16 pop=16 blockB_greeks=0
  gen-best  8/19 (42%) tmpl=kurzsignal:pad:KURZSIGX+POSITION@g4@2 IC=0.0321 pos=KLRB | UKWB beta IV-III-VIII rings=AACU stecker=AG BM DF HR IK NX SW
  all-time  8/19 tmpl=kurzsignal:pad:KURZSIGX+POSITION@g4@2 pos=KLRB | UKWB beta IV-III-VIII rings=AACU stecker=AG BM DF HR IK NX SW
Hybrid gen 2/16 pop=16 blockB_greeks=0
  gen-best  9/19 (47%) tmpl=kurzsignal:pad:KURZSIGX+POSITION@g4@2 IC=0.0383 pos=VDIN | UKWB beta VIII-IV-III rings=AAAA stecker=AO
  all-time  9/19 tmpl=kurzsignal:pad:KURZSIGX+POSITION@g4@2 pos=VDIN | UKWB beta VIII-IV-III rings=AAAA stecker=AO
Hybrid gen 3/16 pop=16 blockB_greeks=0
  gen-best  9/19 (47%) tmpl=kurzsignal:pad:KURZSIGX+POSITION@g4@2 IC=0.0383 pos=VDIN | UKWB beta VIII-IV-III rings=AAAA stecker=AO
  all-time  9/19 tmpl=kurzsignal:pad:KURZSIGX+POSITION@g4@2 pos=VDIN | UKWB beta VIII-IV-III rings=AAAA stecker=AO
Hybrid gen 4/16 pop=16 blockB_greeks=0
  gen-best  9/19 (47%) tmpl=kurzsignal:pad:KURZSIGX+POSITION@g4@2 IC=0.0383 pos=VDIN | UKWB beta VIII-IV-III rings=AAAA stecker=AO
  all-time  9/19 tmpl=kurzsignal:pad:KURZSIGX+POSITION@g4@2 pos=VDIN | UKWB beta VIII-IV-III rings=AAAA stecker=AO
Hybrid gen 5/16 pop=16 blockB_greeks=0
  gen-best  10/19 (53%) tmpl=kurzsignal:pad:KURZSIGX+POSITION@g4@2 IC=0.0383 pos=VDIN | UKWB beta VIII-IV-III rings=AAAA stecker=BQ MO VY
  all-time  10/19 tmpl=kurzsignal:pad:KURZSIGX+POSITION@g4@2 pos=VDIN | UKWB beta VIII-IV-III rings=AAAA stecker=BQ MO VY
Hybrid gen 6/16 pop=16 blockB_greeks=0
  gen-best  11/19 (58%) tmpl=kurzsignal:pad:KURZSIGX+POSITION@g4@2 IC=0.0364 pos=VDIN | UKWB beta VIII-IV-III rings=AAAA stecker=BQ FO VY
  all-time  11/19 tmpl=kurzsignal:pad:KURZSIGX+POSITION@g4@2 pos=VDIN | UKWB beta VIII-IV-III rings=AAAA stecker=BQ FO VY
Hybrid gen 7/16 pop=16 blockB_greeks=0
  gen-best  11/19 (58%) tmpl=kurzsignal:pad:KURZSIGX+POSITION@g4@2 IC=0.0364 pos=VDIN | UKWB beta VIII-IV-III rings=AAAA stecker=BQ FO VY
  all-time  11/19 tmpl=kurzsignal:pad:KURZSIGX+POSITION@g4@2 pos=VDIN | UKWB beta VIII-IV-III rings=AAAA stecker=BQ FO VY
Hybrid gen 8/16 pop=16 blockB_greeks=0
  gen-best  11/19 (58%) tmpl=kurzsignal:pad:KURZSIGX+POSITION@g4@2 IC=0.0364 pos=VDIN | UKWB beta VIII-IV-III rings=AAAA stecker=BQ FO VY
  all-time  11/19 tmpl=kurzsignal:pad:KURZSIGX+POSITION@g4@2 pos=VDIN | UKWB beta VIII-IV-III rings=AAAA stecker=BQ FO VY
Hybrid gen 9/16 pop=16 blockB_greeks=0
  gen-best  11/19 (58%) tmpl=kurzsignal:pad:KURZSIGX+POSITION@g4@2 IC=0.0364 pos=VDIN | UKWB beta VIII-IV-III rings=AAAA stecker=BQ FO VY
  all-time  11/19 tmpl=kurzsignal:pad:KURZSIGX+POSITION@g4@2 pos=VDIN | UKWB beta VIII-IV-III rings=AAAA stecker=BQ FO VY
Hybrid gen 10/16 pop=16 blockB_greeks=0
  gen-best  11/19 (58%) tmpl=kurzsignal:pad:KURZSIGX+POSITION@g4@2 IC=0.0364 pos=VDIN | UKWB beta VIII-IV-III rings=AAAA stecker=BQ FO VY
  all-time  11/19 tmpl=kurzsignal:pad:KURZSIGX+POSITION@g4@2 pos=VDIN | UKWB beta VIII-IV-III rings=AAAA stecker=BQ FO VY
Hybrid gen 11/16 pop=16 blockB_greeks=0
  gen-best  12/19 (63%) tmpl=kurzsignal:pad:KURZSIGX+POSITION@g4@2 IC=0.0364 pos=VDIN | UKWB beta VIII-IV-III rings=AAAA stecker=BQ FO MX VY
  all-time  12/19 tmpl=kurzsignal:pad:KURZSIGX+POSITION@g4@2 pos=VDIN | UKWB beta VIII-IV-III rings=AAAA stecker=BQ FO MX VY
Hybrid gen 12/16 pop=16 blockB_greeks=0
  gen-best  12/19 (63%) tmpl=kurzsignal:pad:KURZSIGX+POSITION@g4@2 IC=0.0364 pos=VDIN | UKWB beta VIII-IV-III rings=AAAA stecker=BQ FO MX VY
  all-time  12/19 tmpl=kurzsignal:pad:KURZSIGX+POSITION@g4@2 pos=VDIN | UKWB beta VIII-IV-III rings=AAAA stecker=BQ FO MX VY
Hybrid gen 13/16 pop=16 blockB_greeks=0
  gen-best  12/19 (63%) tmpl=kurzsignal:pad:KURZSIGX+POSITION@g4@2 IC=0.0364 pos=VDIN | UKWB beta VIII-IV-III rings=AAAA stecker=BQ FO MX VY
  all-time  12/19 tmpl=kurzsignal:pad:KURZSIGX+POSITION@g4@2 pos=VDIN | UKWB beta VIII-IV-III rings=AAAA stecker=BQ FO MX VY
Hybrid gen 14/16 pop=16 blockB_greeks=0
  gen-best  13/19 (68%) tmpl=kurzsignal:pad:KURZSIGX+POSITION@g4@2 IC=0.0383 pos=VDIN | UKWB beta VIII-IV-III rings=AAAA stecker=BJ EL FO MX VY
  all-time  13/19 tmpl=kurzsignal:pad:KURZSIGX+POSITION@g4@2 pos=VDIN | UKWB beta VIII-IV-III rings=AAAA stecker=BJ EL FO MX VY
Hybrid gen 15/16 pop=16 blockB_greeks=0
  gen-best  13/19 (68%) tmpl=kurzsignal:pad:KURZSIGX+POSITION@g4@2 IC=0.0383 pos=VDIN | UKWB beta VIII-IV-III rings=AAAA stecker=BJ EL FO MX VY
  all-time  13/19 tmpl=kurzsignal:pad:KURZSIGX+POSITION@g4@2 pos=VDIN | UKWB beta VIII-IV-III rings=AAAA stecker=BJ EL FO MX VY
Hybrid gen 16/16 pop=16 blockB_greeks=0
  gen-best  13/19 (68%) tmpl=kurzsignal:pad:KURZSIGX+POSITION@g4@2 IC=0.0383 pos=VDIN | UKWB beta VIII-IV-III rings=AAAA stecker=BJ EL FO MX VY
  all-time  13/19 tmpl=kurzsignal:pad:KURZSIGX+POSITION@g4@2 pos=VDIN | UKWB beta VIII-IV-III rings=AAAA stecker=BJ EL FO MX VY
ASIC datapath backend: Metal-cleartext-KPA (B=17576 cleartext lanes/Greek)
Stochastic templates: 1 (constrained 19…19)
Shell evolution: ON freeRings=false WO=6 ringSeeds=2 subspace=potsdam-neighbourhood
Block B Greeks (fixed): (none) — fitness higher=better (KPA letter-match)
Hybrid gen 1/16 pop=16 blockB_greeks=0
  gen-best  8/19 (42%) tmpl=kurzsignal:pad:KURZSIGX+SIGNALGR@g2@2 IC=0.0372 pos=YPVI | UKWC gamma IV-III-VIII rings=AACU stecker=BU CR DX GP JN KO LV MW QY ST
  all-time  8/19 tmpl=kurzsignal:pad:KURZSIGX+SIGNALGR@g2@2 pos=YPVI | UKWC gamma IV-III-VIII rings=AACU stecker=BU CR DX GP JN KO LV MW QY ST
Hybrid gen 2/16 pop=16 blockB_greeks=0
  gen-best  8/19 (42%) tmpl=kurzsignal:pad:KURZSIGX+SIGNALGR@g2@2 IC=0.0372 pos=YPVI | UKWC gamma IV-III-VIII rings=AACU stecker=BU CR DX GP JN KO LV MW QY ST
  all-time  8/19 tmpl=kurzsignal:pad:KURZSIGX+SIGNALGR@g2@2 pos=YPVI | UKWC gamma IV-III-VIII rings=AACU stecker=BU CR DX GP JN KO LV MW QY ST
Hybrid gen 3/16 pop=16 blockB_greeks=0
  gen-best  8/19 (42%) tmpl=kurzsignal:pad:KURZSIGX+SIGNALGR@g2@2 IC=0.0372 pos=YPVI | UKWC gamma IV-III-VIII rings=AACU stecker=BU CR DX GP JN KO LV MW QY ST
  all-time  8/19 tmpl=kurzsignal:pad:KURZSIGX+SIGNALGR@g2@2 pos=YPVI | UKWC gamma IV-III-VIII rings=AACU stecker=BU CR DX GP JN KO LV MW QY ST
Hybrid gen 4/16 pop=16 blockB_greeks=0
  gen-best  9/19 (47%) tmpl=kurzsignal:pad:KURZSIGX+SIGNALGR@g2@2 IC=0.0348 pos=VXJD | UKWB gamma IV-VIII-III rings=AACU stecker=CQ DN FS HT LZ MU PY RW
  all-time  9/19 tmpl=kurzsignal:pad:KURZSIGX+SIGNALGR@g2@2 pos=VXJD | UKWB gamma IV-VIII-III rings=AACU stecker=CQ DN FS HT LZ MU PY RW
Hybrid gen 5/16 pop=16 blockB_greeks=0
  gen-best  9/19 (47%) tmpl=kurzsignal:pad:KURZSIGX+SIGNALGR@g2@2 IC=0.0348 pos=VXJD | UKWB gamma IV-VIII-III rings=AACU stecker=CQ DN FS HT LZ MU PY RW
  all-time  9/19 tmpl=kurzsignal:pad:KURZSIGX+SIGNALGR@g2@2 pos=VXJD | UKWB gamma IV-VIII-III rings=AACU stecker=CQ DN FS HT LZ MU PY RW
Hybrid gen 6/16 pop=16 blockB_greeks=0
  gen-best  10/19 (53%) tmpl=kurzsignal:pad:KURZSIGX+SIGNALGR@g2@2 IC=0.0340 pos=VXJD | UKWB gamma IV-VIII-III rings=AACU stecker=CQ DX FS HT LZ MU PY RW
  all-time  10/19 tmpl=kurzsignal:pad:KURZSIGX+SIGNALGR@g2@2 pos=VXJD | UKWB gamma IV-VIII-III rings=AACU stecker=CQ DX FS HT LZ MU PY RW
Hybrid gen 7/16 pop=16 blockB_greeks=0
  gen-best  10/19 (53%) tmpl=kurzsignal:pad:KURZSIGX+SIGNALGR@g2@2 IC=0.0340 pos=VXJD | UKWB gamma IV-VIII-III rings=AACU stecker=CQ DX FS HT LZ MU PY RW
  all-time  10/19 tmpl=kurzsignal:pad:KURZSIGX+SIGNALGR@g2@2 pos=VXJD | UKWB gamma IV-VIII-III rings=AACU stecker=CQ DX FS HT LZ MU PY RW
Hybrid gen 8/16 pop=16 blockB_greeks=0
  gen-best  10/19 (53%) tmpl=kurzsignal:pad:KURZSIGX+SIGNALGR@g2@2 IC=0.0340 pos=VXJD | UKWB gamma IV-VIII-III rings=AACU stecker=CQ DX FS HT LZ MU PY RW
  all-time  10/19 tmpl=kurzsignal:pad:KURZSIGX+SIGNALGR@g2@2 pos=VXJD | UKWB gamma IV-VIII-III rings=AACU stecker=CQ DX FS HT LZ MU PY RW
Hybrid gen 9/16 pop=16 blockB_greeks=0
  gen-best  10/19 (53%) tmpl=kurzsignal:pad:KURZSIGX+SIGNALGR@g2@2 IC=0.0340 pos=VXJD | UKWB gamma IV-VIII-III rings=AACU stecker=CQ DX FS HT LZ MU PY RW
  all-time  10/19 tmpl=kurzsignal:pad:KURZSIGX+SIGNALGR@g2@2 pos=VXJD | UKWB gamma IV-VIII-III rings=AACU stecker=CQ DX FS HT LZ MU PY RW
Hybrid gen 10/16 pop=16 blockB_greeks=0
  gen-best  10/19 (53%) tmpl=kurzsignal:pad:KURZSIGX+SIGNALGR@g2@2 IC=0.0340 pos=VXJD | UKWB gamma IV-VIII-III rings=AACU stecker=CQ DX FS HT LZ MU PY RW
  all-time  10/19 tmpl=kurzsignal:pad:KURZSIGX+SIGNALGR@g2@2 pos=VXJD | UKWB gamma IV-VIII-III rings=AACU stecker=CQ DX FS HT LZ MU PY RW
Hybrid gen 11/16 pop=16 blockB_greeks=0
  gen-best  10/19 (53%) tmpl=kurzsignal:pad:KURZSIGX+SIGNALGR@g2@2 IC=0.0340 pos=VXJD | UKWB gamma IV-VIII-III rings=AACU stecker=CQ DX FS HT LZ MU PY RW
  all-time  10/19 tmpl=kurzsignal:pad:KURZSIGX+SIGNALGR@g2@2 pos=VXJD | UKWB gamma IV-VIII-III rings=AACU stecker=CQ DX FS HT LZ MU PY RW
Hybrid gen 12/16 pop=16 blockB_greeks=0
  gen-best  10/19 (53%) tmpl=kurzsignal:pad:KURZSIGX+SIGNALGR@g2@2 IC=0.0340 pos=VXJD | UKWB gamma IV-VIII-III rings=AACU stecker=CQ DX FS HT LZ MU PY RW
  all-time  10/19 tmpl=kurzsignal:pad:KURZSIGX+SIGNALGR@g2@2 pos=VXJD | UKWB gamma IV-VIII-III rings=AACU stecker=CQ DX FS HT LZ MU PY RW
Hybrid gen 13/16 pop=16 blockB_greeks=0
  gen-best  10/19 (53%) tmpl=kurzsignal:pad:KURZSIGX+SIGNALGR@g2@2 IC=0.0340 pos=VXJD | UKWB gamma IV-VIII-III rings=AACU stecker=CQ DX FS HT LZ MU PY RW
  all-time  10/19 tmpl=kurzsignal:pad:KURZSIGX+SIGNALGR@g2@2 pos=VXJD | UKWB gamma IV-VIII-III rings=AACU stecker=CQ DX FS HT LZ MU PY RW
Hybrid gen 14/16 pop=16 blockB_greeks=0
  gen-best  10/19 (53%) tmpl=kurzsignal:pad:KURZSIGX+SIGNALGR@g2@2 IC=0.0340 pos=VXJD | UKWB gamma IV-VIII-III rings=AACU stecker=CQ DX FS HT LZ MU PY RW
  all-time  10/19 tmpl=kurzsignal:pad:KURZSIGX+SIGNALGR@g2@2 pos=VXJD | UKWB gamma IV-VIII-III rings=AACU stecker=CQ DX FS HT LZ MU PY RW
Hybrid gen 15/16 pop=16 blockB_greeks=0
  gen-best  10/19 (53%) tmpl=kurzsignal:pad:KURZSIGX+SIGNALGR@g2@2 IC=0.0340 pos=VXJD | UKWB gamma IV-VIII-III rings=AACU stecker=CQ DX FS HT LZ MU PY RW
  all-time  10/19 tmpl=kurzsignal:pad:KURZSIGX+SIGNALGR@g2@2 pos=VXJD | UKWB gamma IV-VIII-III rings=AACU stecker=CQ DX FS HT LZ MU PY RW
Hybrid gen 16/16 pop=16 blockB_greeks=0
  gen-best  10/19 (53%) tmpl=kurzsignal:pad:KURZSIGX+SIGNALGR@g2@2 IC=0.0340 pos=VXJD | UKWB gamma IV-VIII-III rings=AACU stecker=CQ DX FS HT LZ MU PY RW
  all-time  10/19 tmpl=kurzsignal:pad:KURZSIGX+SIGNALGR@g2@2 pos=VXJD | UKWB gamma IV-VIII-III rings=AACU stecker=CQ DX FS HT LZ MU PY RW
ASIC datapath backend: Metal-cleartext-KPA (B=17576 cleartext lanes/Greek)
Stochastic templates: 1 (constrained 20…20)
Shell evolution: ON freeRings=false WO=126 ringSeeds=2 subspace=naval-two-notch-right
Block B Greeks (fixed): (none) — fitness higher=better (KPA letter-match)
Hybrid gen 1/16 pop=16 blockB_greeks=0
  gen-best  8/20 (40%) tmpl=keyboard:pad:ASDFGHJK+QWERTZUI@g2@1 IC=0.0352 pos=LUXH | UKWB gamma I-II-VI rings=AAAA stecker=(none)
  all-time  8/20 tmpl=keyboard:pad:ASDFGHJK+QWERTZUI@g2@1 pos=LUXH | UKWB gamma I-II-VI rings=AAAA stecker=(none)
Hybrid gen 2/16 pop=16 blockB_greeks=0
  gen-best  9/20 (45%) tmpl=keyboard:pad:ASDFGHJK+QWERTZUI@g2@1 IC=0.0376 pos=RWOU | UKWB gamma I-II-VII rings=AAAA stecker=AY BC DN TX
  all-time  9/20 tmpl=keyboard:pad:ASDFGHJK+QWERTZUI@g2@1 pos=RWOU | UKWB gamma I-II-VII rings=AAAA stecker=AY BC DN TX
Hybrid gen 3/16 pop=16 blockB_greeks=0
  gen-best  9/20 (45%) tmpl=keyboard:pad:ASDFGHJK+QWERTZUI@g2@1 IC=0.0376 pos=RWOU | UKWB gamma I-II-VII rings=AAAA stecker=AY BC DN TX
  all-time  9/20 tmpl=keyboard:pad:ASDFGHJK+QWERTZUI@g2@1 pos=RWOU | UKWB gamma I-II-VII rings=AAAA stecker=AY BC DN TX
Hybrid gen 4/16 pop=16 blockB_greeks=0
  gen-best  9/20 (45%) tmpl=keyboard:pad:ASDFGHJK+QWERTZUI@g2@1 IC=0.0376 pos=RWOU | UKWB gamma I-II-VII rings=AAAA stecker=AY BC DN TX
  all-time  9/20 tmpl=keyboard:pad:ASDFGHJK+QWERTZUI@g2@1 pos=RWOU | UKWB gamma I-II-VII rings=AAAA stecker=AY BC DN TX
Hybrid gen 5/16 pop=16 blockB_greeks=0
  gen-best  9/20 (45%) tmpl=keyboard:pad:ASDFGHJK+QWERTZUI@g2@1 IC=0.0376 pos=RWOU | UKWB gamma I-II-VII rings=AAAA stecker=AY BC DN TX
  all-time  9/20 tmpl=keyboard:pad:ASDFGHJK+QWERTZUI@g2@1 pos=RWOU | UKWB gamma I-II-VII rings=AAAA stecker=AY BC DN TX
Hybrid gen 6/16 pop=16 blockB_greeks=0
  gen-best  9/20 (45%) tmpl=keyboard:pad:ASDFGHJK+QWERTZUI@g2@1 IC=0.0376 pos=RWOU | UKWB gamma I-II-VII rings=AAAA stecker=AY BC DN TX
  all-time  9/20 tmpl=keyboard:pad:ASDFGHJK+QWERTZUI@g2@1 pos=RWOU | UKWB gamma I-II-VII rings=AAAA stecker=AY BC DN TX
Hybrid gen 7/16 pop=16 blockB_greeks=0
  gen-best  9/20 (45%) tmpl=keyboard:pad:ASDFGHJK+QWERTZUI@g2@1 IC=0.0376 pos=RWOU | UKWB gamma I-II-VII rings=AAAA stecker=AY BC DN TX
  all-time  9/20 tmpl=keyboard:pad:ASDFGHJK+QWERTZUI@g2@1 pos=RWOU | UKWB gamma I-II-VII rings=AAAA stecker=AY BC DN TX
Hybrid gen 8/16 pop=16 blockB_greeks=0
  gen-best  9/20 (45%) tmpl=keyboard:pad:ASDFGHJK+QWERTZUI@g2@1 IC=0.0376 pos=RWOU | UKWB gamma I-II-VII rings=AAAA stecker=AY BC DN TX
  all-time  9/20 tmpl=keyboard:pad:ASDFGHJK+QWERTZUI@g2@1 pos=RWOU | UKWB gamma I-II-VII rings=AAAA stecker=AY BC DN TX
Hybrid gen 9/16 pop=16 blockB_greeks=0
  gen-best  9/20 (45%) tmpl=keyboard:pad:ASDFGHJK+QWERTZUI@g2@1 IC=0.0376 pos=RWOU | UKWB gamma I-II-VII rings=AAAA stecker=AY BC DN TX
  all-time  9/20 tmpl=keyboard:pad:ASDFGHJK+QWERTZUI@g2@1 pos=RWOU | UKWB gamma I-II-VII rings=AAAA stecker=AY BC DN TX
Hybrid gen 10/16 pop=16 blockB_greeks=0
  gen-best  9/20 (45%) tmpl=keyboard:pad:ASDFGHJK+QWERTZUI@g2@1 IC=0.0376 pos=RWOU | UKWB gamma I-II-VII rings=AAAA stecker=AY BC DN TX
  all-time  9/20 tmpl=keyboard:pad:ASDFGHJK+QWERTZUI@g2@1 pos=RWOU | UKWB gamma I-II-VII rings=AAAA stecker=AY BC DN TX
Hybrid gen 11/16 pop=16 blockB_greeks=0
  gen-best  10/20 (50%) tmpl=keyboard:pad:ASDFGHJK+QWERTZUI@g2@1 IC=0.0336 pos=WLXU | UKWB beta I-VIII-VI rings=AAAA stecker=BQ CG LW
  all-time  10/20 tmpl=keyboard:pad:ASDFGHJK+QWERTZUI@g2@1 pos=WLXU | UKWB beta I-VIII-VI rings=AAAA stecker=BQ CG LW
Hybrid gen 12/16 pop=16 blockB_greeks=0
  gen-best  10/20 (50%) tmpl=keyboard:pad:ASDFGHJK+QWERTZUI@g2@1 IC=0.0336 pos=WLXU | UKWB beta I-VIII-VI rings=AAAA stecker=BQ CG LW
  all-time  10/20 tmpl=keyboard:pad:ASDFGHJK+QWERTZUI@g2@1 pos=WLXU | UKWB beta I-VIII-VI rings=AAAA stecker=BQ CG LW
Hybrid gen 13/16 pop=16 blockB_greeks=0
  gen-best  10/20 (50%) tmpl=keyboard:pad:ASDFGHJK+QWERTZUI@g2@1 IC=0.0336 pos=WLXU | UKWB beta I-VIII-VI rings=AAAA stecker=BQ CG LW
  all-time  10/20 tmpl=keyboard:pad:ASDFGHJK+QWERTZUI@g2@1 pos=WLXU | UKWB beta I-VIII-VI rings=AAAA stecker=BQ CG LW
Hybrid gen 14/16 pop=16 blockB_greeks=0
  gen-best  10/20 (50%) tmpl=keyboard:pad:ASDFGHJK+QWERTZUI@g2@1 IC=0.0336 pos=WLXU | UKWB beta I-VIII-VI rings=AAAA stecker=BQ CG LW
  all-time  10/20 tmpl=keyboard:pad:ASDFGHJK+QWERTZUI@g2@1 pos=WLXU | UKWB beta I-VIII-VI rings=AAAA stecker=BQ CG LW
Hybrid gen 15/16 pop=16 blockB_greeks=0
  gen-best  11/20 (55%) tmpl=keyboard:pad:ASDFGHJK+QWERTZUI@g2@1 IC=0.0340 pos=WLXU | UKWB beta I-VIII-VI rings=AAAA stecker=BQ CG FI LW
  all-time  11/20 tmpl=keyboard:pad:ASDFGHJK+QWERTZUI@g2@1 pos=WLXU | UKWB beta I-VIII-VI rings=AAAA stecker=BQ CG FI LW
Hybrid gen 16/16 pop=16 blockB_greeks=0
  gen-best  11/20 (55%) tmpl=keyboard:pad:ASDFGHJK+QWERTZUI@g2@1 IC=0.0340 pos=WLXU | UKWB beta I-VIII-VI rings=AAAA stecker=BQ CG FI LW
  all-time  11/20 tmpl=keyboard:pad:ASDFGHJK+QWERTZUI@g2@1 pos=WLXU | UKWB beta I-VIII-VI rings=AAAA stecker=BQ CG FI LW
ASIC datapath backend: Metal-cleartext-KPA (B=17576 cleartext lanes/Greek)
Stochastic templates: 1 (constrained 20…20)
Shell evolution: ON freeRings=false WO=126 ringSeeds=2 subspace=naval-two-notch-right
Block B Greeks (fixed): (none) — fitness higher=better (KPA letter-match)
Hybrid gen 1/16 pop=16 blockB_greeks=0
  gen-best  8/20 (40%) tmpl=keyboard:pad:QWERTZUI+ABCDEFGH@g2@0 IC=0.0344 pos=XBNJ | UKWC beta VII-V-VIII rings=AAAA stecker=AQ BW CH DT EG IK MO NP RY UV
  all-time  8/20 tmpl=keyboard:pad:QWERTZUI+ABCDEFGH@g2@0 pos=XBNJ | UKWC beta VII-V-VIII rings=AAAA stecker=AQ BW CH DT EG IK MO NP RY UV
Hybrid gen 2/16 pop=16 blockB_greeks=0
  gen-best  8/20 (40%) tmpl=keyboard:pad:QWERTZUI+ABCDEFGH@g2@0 IC=0.0344 pos=XBNJ | UKWC beta VII-V-VIII rings=AAAA stecker=AQ BW CH DT EG IK MO NP RY UV
  all-time  8/20 tmpl=keyboard:pad:QWERTZUI+ABCDEFGH@g2@0 pos=XBNJ | UKWC beta VII-V-VIII rings=AAAA stecker=AQ BW CH DT EG IK MO NP RY UV
Hybrid gen 3/16 pop=16 blockB_greeks=0
  gen-best  9/20 (45%) tmpl=keyboard:pad:QWERTZUI+ABCDEFGH@g2@0 IC=0.0391 pos=PLHK | UKWB gamma III-VII-VI rings=AACU stecker=AO CP DZ ES GL HV JW KM RY TU
  all-time  9/20 tmpl=keyboard:pad:QWERTZUI+ABCDEFGH@g2@0 pos=PLHK | UKWB gamma III-VII-VI rings=AACU stecker=AO CP DZ ES GL HV JW KM RY TU
Hybrid gen 4/16 pop=16 blockB_greeks=0
  gen-best  10/20 (50%) tmpl=keyboard:pad:QWERTZUI+ABCDEFGH@g2@0 IC=0.0419 pos=PLHK | UKWB gamma III-VII-VI rings=AACU stecker=AO DZ ES FP GL HV JW KM RY TU
  all-time  10/20 tmpl=keyboard:pad:QWERTZUI+ABCDEFGH@g2@0 pos=PLHK | UKWB gamma III-VII-VI rings=AACU stecker=AO DZ ES FP GL HV JW KM RY TU
Hybrid gen 5/16 pop=16 blockB_greeks=0
  gen-best  10/20 (50%) tmpl=keyboard:pad:QWERTZUI+ABCDEFGH@g2@0 IC=0.0419 pos=PLHK | UKWB gamma III-VII-VI rings=AACU stecker=AO DZ ES FP GL HV JW KM RY TU
  all-time  10/20 tmpl=keyboard:pad:QWERTZUI+ABCDEFGH@g2@0 pos=PLHK | UKWB gamma III-VII-VI rings=AACU stecker=AO DZ ES FP GL HV JW KM RY TU
Hybrid gen 6/16 pop=16 blockB_greeks=0
  gen-best  10/20 (50%) tmpl=keyboard:pad:QWERTZUI+ABCDEFGH@g2@0 IC=0.0419 pos=PLHK | UKWB gamma III-VII-VI rings=AACU stecker=AO DZ ES FP GL HV JW KM RY TU
  all-time  10/20 tmpl=keyboard:pad:QWERTZUI+ABCDEFGH@g2@0 pos=PLHK | UKWB gamma III-VII-VI rings=AACU stecker=AO DZ ES FP GL HV JW KM RY TU
Hybrid gen 7/16 pop=16 blockB_greeks=0
  gen-best  10/20 (50%) tmpl=keyboard:pad:QWERTZUI+ABCDEFGH@g2@0 IC=0.0419 pos=PLHK | UKWB gamma III-VII-VI rings=AACU stecker=AO DZ ES FP GL HV JW KM RY TU
  all-time  10/20 tmpl=keyboard:pad:QWERTZUI+ABCDEFGH@g2@0 pos=PLHK | UKWB gamma III-VII-VI rings=AACU stecker=AO DZ ES FP GL HV JW KM RY TU
Hybrid gen 8/16 pop=16 blockB_greeks=0
  gen-best  10/20 (50%) tmpl=keyboard:pad:QWERTZUI+ABCDEFGH@g2@0 IC=0.0419 pos=PLHK | UKWB gamma III-VII-VI rings=AACU stecker=AO DZ ES FP GL HV JW KM RY TU
  all-time  10/20 tmpl=keyboard:pad:QWERTZUI+ABCDEFGH@g2@0 pos=PLHK | UKWB gamma III-VII-VI rings=AACU stecker=AO DZ ES FP GL HV JW KM RY TU
Hybrid gen 9/16 pop=16 blockB_greeks=0
  gen-best  10/20 (50%) tmpl=keyboard:pad:QWERTZUI+ABCDEFGH@g2@0 IC=0.0419 pos=PLHK | UKWB gamma III-VII-VI rings=AACU stecker=AO DZ ES FP GL HV JW KM RY TU
  all-time  10/20 tmpl=keyboard:pad:QWERTZUI+ABCDEFGH@g2@0 pos=PLHK | UKWB gamma III-VII-VI rings=AACU stecker=AO DZ ES FP GL HV JW KM RY TU
Hybrid gen 10/16 pop=16 blockB_greeks=0
  gen-best  10/20 (50%) tmpl=keyboard:pad:QWERTZUI+ABCDEFGH@g2@0 IC=0.0419 pos=PLHK | UKWB gamma III-VII-VI rings=AACU stecker=AO DZ ES FP GL HV JW KM RY TU
  all-time  10/20 tmpl=keyboard:pad:QWERTZUI+ABCDEFGH@g2@0 pos=PLHK | UKWB gamma III-VII-VI rings=AACU stecker=AO DZ ES FP GL HV JW KM RY TU
Hybrid gen 11/16 pop=16 blockB_greeks=0
  gen-best  10/20 (50%) tmpl=keyboard:pad:QWERTZUI+ABCDEFGH@g2@0 IC=0.0419 pos=PLHK | UKWB gamma III-VII-VI rings=AACU stecker=AO DZ ES FP GL HV JW KM RY TU
  all-time  10/20 tmpl=keyboard:pad:QWERTZUI+ABCDEFGH@g2@0 pos=PLHK | UKWB gamma III-VII-VI rings=AACU stecker=AO DZ ES FP GL HV JW KM RY TU
Hybrid gen 12/16 pop=16 blockB_greeks=0
  gen-best  10/20 (50%) tmpl=keyboard:pad:QWERTZUI+ABCDEFGH@g2@0 IC=0.0419 pos=PLHK | UKWB gamma III-VII-VI rings=AACU stecker=AO DZ ES FP GL HV JW KM RY TU
  all-time  10/20 tmpl=keyboard:pad:QWERTZUI+ABCDEFGH@g2@0 pos=PLHK | UKWB gamma III-VII-VI rings=AACU stecker=AO DZ ES FP GL HV JW KM RY TU
Hybrid gen 13/16 pop=16 blockB_greeks=0
  gen-best  10/20 (50%) tmpl=keyboard:pad:QWERTZUI+ABCDEFGH@g2@0 IC=0.0419 pos=PLHK | UKWB gamma III-VII-VI rings=AACU stecker=AO DZ ES FP GL HV JW KM RY TU
  all-time  10/20 tmpl=keyboard:pad:QWERTZUI+ABCDEFGH@g2@0 pos=PLHK | UKWB gamma III-VII-VI rings=AACU stecker=AO DZ ES FP GL HV JW KM RY TU
Hybrid gen 14/16 pop=16 blockB_greeks=0
  gen-best  10/20 (50%) tmpl=keyboard:pad:QWERTZUI+ABCDEFGH@g2@0 IC=0.0419 pos=PLHK | UKWB gamma III-VII-VI rings=AACU stecker=AO DZ ES FP GL HV JW KM RY TU
  all-time  10/20 tmpl=keyboard:pad:QWERTZUI+ABCDEFGH@g2@0 pos=PLHK | UKWB gamma III-VII-VI rings=AACU stecker=AO DZ ES FP GL HV JW KM RY TU
Hybrid gen 15/16 pop=16 blockB_greeks=0
  gen-best  10/20 (50%) tmpl=keyboard:pad:QWERTZUI+ABCDEFGH@g2@0 IC=0.0419 pos=PLHK | UKWB gamma III-VII-VI rings=AACU stecker=AO DZ ES FP GL HV JW KM RY TU
  all-time  10/20 tmpl=keyboard:pad:QWERTZUI+ABCDEFGH@g2@0 pos=PLHK | UKWB gamma III-VII-VI rings=AACU stecker=AO DZ ES FP GL HV JW KM RY TU
Hybrid gen 16/16 pop=16 blockB_greeks=0
  gen-best  10/20 (50%) tmpl=keyboard:pad:QWERTZUI+ABCDEFGH@g2@0 IC=0.0419 pos=PLHK | UKWB gamma III-VII-VI rings=AACU stecker=AO DZ ES FP GL HV JW KM RY TU
  all-time  10/20 tmpl=keyboard:pad:QWERTZUI+ABCDEFGH@g2@0 pos=PLHK | UKWB gamma III-VII-VI rings=AACU stecker=AO DZ ES FP GL HV JW KM RY TU
ASIC datapath backend: Metal-cleartext-KPA (B=17576 cleartext lanes/Greek)
Stochastic templates: 1 (constrained 20…20)
Shell evolution: ON freeRings=false WO=126 ringSeeds=2 subspace=naval-two-notch-right
Block B Greeks (fixed): (none) — fitness higher=better (KPA letter-match)
Hybrid gen 1/16 pop=16 blockB_greeks=0
  gen-best  9/20 (45%) tmpl=keyboard:pad:QWERTZUI+ABCDEFGH@g2@1 IC=0.0438 pos=HNUT | UKWB beta I-II-VIII rings=AAAA stecker=BQ CR DI GN KW MT OX SV YZ
  all-time  9/20 tmpl=keyboard:pad:QWERTZUI+ABCDEFGH@g2@1 pos=HNUT | UKWB beta I-II-VIII rings=AAAA stecker=BQ CR DI GN KW MT OX SV YZ
Hybrid gen 2/16 pop=16 blockB_greeks=0
  gen-best  9/20 (45%) tmpl=keyboard:pad:QWERTZUI+ABCDEFGH@g2@1 IC=0.0438 pos=HNUT | UKWB beta I-II-VIII rings=AAAA stecker=BQ CR DI GN KW MT OX SV YZ
  all-time  9/20 tmpl=keyboard:pad:QWERTZUI+ABCDEFGH@g2@1 pos=HNUT | UKWB beta I-II-VIII rings=AAAA stecker=BQ CR DI GN KW MT OX SV YZ
Hybrid gen 3/16 pop=16 blockB_greeks=0
  gen-best  10/20 (50%) tmpl=keyboard:pad:QWERTZUI+ABCDEFGH@g2@1 IC=0.0391 pos=HNUT | UKWB beta I-II-VIII rings=AAAA stecker=BQ CR DI EP KW MT OX SV YZ
  all-time  10/20 tmpl=keyboard:pad:QWERTZUI+ABCDEFGH@g2@1 pos=HNUT | UKWB beta I-II-VIII rings=AAAA stecker=BQ CR DI EP KW MT OX SV YZ
Hybrid gen 4/16 pop=16 blockB_greeks=0
  gen-best  10/20 (50%) tmpl=keyboard:pad:QWERTZUI+ABCDEFGH@g2@1 IC=0.0391 pos=HNUT | UKWB beta I-II-VIII rings=AAAA stecker=BQ CR DI EP KW MT OX SV YZ
  all-time  10/20 tmpl=keyboard:pad:QWERTZUI+ABCDEFGH@g2@1 pos=HNUT | UKWB beta I-II-VIII rings=AAAA stecker=BQ CR DI EP KW MT OX SV YZ
Hybrid gen 5/16 pop=16 blockB_greeks=0
  gen-best  10/20 (50%) tmpl=keyboard:pad:QWERTZUI+ABCDEFGH@g2@1 IC=0.0391 pos=HNUT | UKWB beta I-II-VIII rings=AAAA stecker=BQ CR DI EP KW MT OX SV YZ
  all-time  10/20 tmpl=keyboard:pad:QWERTZUI+ABCDEFGH@g2@1 pos=HNUT | UKWB beta I-II-VIII rings=AAAA stecker=BQ CR DI EP KW MT OX SV YZ
Hybrid gen 6/16 pop=16 blockB_greeks=0
  gen-best  10/20 (50%) tmpl=keyboard:pad:QWERTZUI+ABCDEFGH@g2@1 IC=0.0391 pos=HNUT | UKWB beta I-II-VIII rings=AAAA stecker=BQ CR DI EP KW MT OX SV YZ
  all-time  10/20 tmpl=keyboard:pad:QWERTZUI+ABCDEFGH@g2@1 pos=HNUT | UKWB beta I-II-VIII rings=AAAA stecker=BQ CR DI EP KW MT OX SV YZ
Hybrid gen 7/16 pop=16 blockB_greeks=0
  gen-best  10/20 (50%) tmpl=keyboard:pad:QWERTZUI+ABCDEFGH@g2@1 IC=0.0391 pos=HNUT | UKWB beta I-II-VIII rings=AAAA stecker=BQ CR DI EP KW MT OX SV YZ
  all-time  10/20 tmpl=keyboard:pad:QWERTZUI+ABCDEFGH@g2@1 pos=HNUT | UKWB beta I-II-VIII rings=AAAA stecker=BQ CR DI EP KW MT OX SV YZ
Hybrid gen 8/16 pop=16 blockB_greeks=0
  gen-best  10/20 (50%) tmpl=keyboard:pad:QWERTZUI+ABCDEFGH@g2@1 IC=0.0391 pos=HNUT | UKWB beta I-II-VIII rings=AAAA stecker=BQ CR DI EP KW MT OX SV YZ
  all-time  10/20 tmpl=keyboard:pad:QWERTZUI+ABCDEFGH@g2@1 pos=HNUT | UKWB beta I-II-VIII rings=AAAA stecker=BQ CR DI EP KW MT OX SV YZ
Hybrid gen 9/16 pop=16 blockB_greeks=0
  gen-best  10/20 (50%) tmpl=keyboard:pad:QWERTZUI+ABCDEFGH@g2@1 IC=0.0391 pos=HNUT | UKWB beta I-II-VIII rings=AAAA stecker=BQ CR DI EP KW MT OX SV YZ
  all-time  10/20 tmpl=keyboard:pad:QWERTZUI+ABCDEFGH@g2@1 pos=HNUT | UKWB beta I-II-VIII rings=AAAA stecker=BQ CR DI EP KW MT OX SV YZ
Hybrid gen 10/16 pop=16 blockB_greeks=0
  gen-best  10/20 (50%) tmpl=keyboard:pad:QWERTZUI+ABCDEFGH@g2@1 IC=0.0391 pos=HNUT | UKWB beta I-II-VIII rings=AAAA stecker=BQ CR DI EP KW MT OX SV YZ
  all-time  10/20 tmpl=keyboard:pad:QWERTZUI+ABCDEFGH@g2@1 pos=HNUT | UKWB beta I-II-VIII rings=AAAA stecker=BQ CR DI EP KW MT OX SV YZ
Hybrid gen 11/16 pop=16 blockB_greeks=0
  gen-best  10/20 (50%) tmpl=keyboard:pad:QWERTZUI+ABCDEFGH@g2@1 IC=0.0391 pos=HNUT | UKWB beta I-II-VIII rings=AAAA stecker=BQ CR DI EP KW MT OX SV YZ
  all-time  10/20 tmpl=keyboard:pad:QWERTZUI+ABCDEFGH@g2@1 pos=HNUT | UKWB beta I-II-VIII rings=AAAA stecker=BQ CR DI EP KW MT OX SV YZ
Hybrid gen 12/16 pop=16 blockB_greeks=0
  gen-best  10/20 (50%) tmpl=keyboard:pad:QWERTZUI+ABCDEFGH@g2@1 IC=0.0391 pos=HNUT | UKWB beta I-II-VIII rings=AAAA stecker=BQ CR DI EP KW MT OX SV YZ
  all-time  10/20 tmpl=keyboard:pad:QWERTZUI+ABCDEFGH@g2@1 pos=HNUT | UKWB beta I-II-VIII rings=AAAA stecker=BQ CR DI EP KW MT OX SV YZ
Hybrid gen 13/16 pop=16 blockB_greeks=0
  gen-best  11/20 (55%) tmpl=keyboard:pad:QWERTZUI+ABCDEFGH@g2@1 IC=0.0360 pos=UPDK | UKWB beta I-II-VIII rings=AAAA stecker=AF EK OQ PW RV
  all-time  11/20 tmpl=keyboard:pad:QWERTZUI+ABCDEFGH@g2@1 pos=UPDK | UKWB beta I-II-VIII rings=AAAA stecker=AF EK OQ PW RV
Hybrid gen 14/16 pop=16 blockB_greeks=0
  gen-best  11/20 (55%) tmpl=keyboard:pad:QWERTZUI+ABCDEFGH@g2@1 IC=0.0360 pos=UPDK | UKWB beta I-II-VIII rings=AAAA stecker=AF EK OQ PW RV
  all-time  11/20 tmpl=keyboard:pad:QWERTZUI+ABCDEFGH@g2@1 pos=UPDK | UKWB beta I-II-VIII rings=AAAA stecker=AF EK OQ PW RV
Hybrid gen 15/16 pop=16 blockB_greeks=0
  gen-best  11/20 (55%) tmpl=keyboard:pad:QWERTZUI+ABCDEFGH@g2@1 IC=0.0360 pos=UPDK | UKWB beta I-II-VIII rings=AAAA stecker=AF EK OQ PW RV
  all-time  11/20 tmpl=keyboard:pad:QWERTZUI+ABCDEFGH@g2@1 pos=UPDK | UKWB beta I-II-VIII rings=AAAA stecker=AF EK OQ PW RV
Hybrid gen 16/16 pop=16 blockB_greeks=0
  gen-best  11/20 (55%) tmpl=keyboard:pad:QWERTZUI+ABCDEFGH@g2@1 IC=0.0360 pos=UPDK | UKWB beta I-II-VIII rings=AAAA stecker=AF EK OQ PW RV
  all-time  11/20 tmpl=keyboard:pad:QWERTZUI+ABCDEFGH@g2@1 pos=UPDK | UKWB beta I-II-VIII rings=AAAA stecker=AF EK OQ PW RV
ASIC datapath backend: Metal-cleartext-KPA (B=17576 cleartext lanes/Greek)
Stochastic templates: 1 (constrained 20…20)
Shell evolution: ON freeRings=false WO=126 ringSeeds=2 subspace=naval-two-notch-right
Block B Greeks (fixed): (none) — fitness higher=better (KPA letter-match)
Hybrid gen 1/16 pop=16 blockB_greeks=0
  gen-best  8/20 (40%) tmpl=keyboard:pad:QWERTZUI+ABCDEFGH@g4@0 IC=0.0383 pos=SQFZ | UKWB beta V-I-VII rings=AAAA stecker=(none)
  all-time  8/20 tmpl=keyboard:pad:QWERTZUI+ABCDEFGH@g4@0 pos=SQFZ | UKWB beta V-I-VII rings=AAAA stecker=(none)
Hybrid gen 2/16 pop=16 blockB_greeks=0
  gen-best  9/20 (45%) tmpl=keyboard:pad:QWERTZUI+ABCDEFGH@g4@0 IC=0.0387 pos=SQFZ | UKWB beta V-I-VII rings=AAAA stecker=RY
  all-time  9/20 tmpl=keyboard:pad:QWERTZUI+ABCDEFGH@g4@0 pos=SQFZ | UKWB beta V-I-VII rings=AAAA stecker=RY
Hybrid gen 3/16 pop=16 blockB_greeks=0
  gen-best  9/20 (45%) tmpl=keyboard:pad:QWERTZUI+ABCDEFGH@g4@0 IC=0.0387 pos=SQFZ | UKWB beta V-I-VII rings=AAAA stecker=RY
  all-time  9/20 tmpl=keyboard:pad:QWERTZUI+ABCDEFGH@g4@0 pos=SQFZ | UKWB beta V-I-VII rings=AAAA stecker=RY
Hybrid gen 4/16 pop=16 blockB_greeks=0
  gen-best  9/20 (45%) tmpl=keyboard:pad:QWERTZUI+ABCDEFGH@g4@0 IC=0.0387 pos=SQFZ | UKWB beta V-I-VII rings=AAAA stecker=RY
  all-time  9/20 tmpl=keyboard:pad:QWERTZUI+ABCDEFGH@g4@0 pos=SQFZ | UKWB beta V-I-VII rings=AAAA stecker=RY
Hybrid gen 5/16 pop=16 blockB_greeks=0
  gen-best  9/20 (45%) tmpl=keyboard:pad:QWERTZUI+ABCDEFGH@g4@0 IC=0.0387 pos=SQFZ | UKWB beta V-I-VII rings=AAAA stecker=RY
  all-time  9/20 tmpl=keyboard:pad:QWERTZUI+ABCDEFGH@g4@0 pos=SQFZ | UKWB beta V-I-VII rings=AAAA stecker=RY
Hybrid gen 6/16 pop=16 blockB_greeks=0
  gen-best  9/20 (45%) tmpl=keyboard:pad:QWERTZUI+ABCDEFGH@g4@0 IC=0.0387 pos=SQFZ | UKWB beta V-I-VII rings=AAAA stecker=RY
  all-time  9/20 tmpl=keyboard:pad:QWERTZUI+ABCDEFGH@g4@0 pos=SQFZ | UKWB beta V-I-VII rings=AAAA stecker=RY
Hybrid gen 7/16 pop=16 blockB_greeks=0
  gen-best  9/20 (45%) tmpl=keyboard:pad:QWERTZUI+ABCDEFGH@g4@0 IC=0.0387 pos=SQFZ | UKWB beta V-I-VII rings=AAAA stecker=RY
  all-time  9/20 tmpl=keyboard:pad:QWERTZUI+ABCDEFGH@g4@0 pos=SQFZ | UKWB beta V-I-VII rings=AAAA stecker=RY
Hybrid gen 8/16 pop=16 blockB_greeks=0
  gen-best  9/20 (45%) tmpl=keyboard:pad:QWERTZUI+ABCDEFGH@g4@0 IC=0.0387 pos=SQFZ | UKWB beta V-I-VII rings=AAAA stecker=RY
  all-time  9/20 tmpl=keyboard:pad:QWERTZUI+ABCDEFGH@g4@0 pos=SQFZ | UKWB beta V-I-VII rings=AAAA stecker=RY
Hybrid gen 9/16 pop=16 blockB_greeks=0
  gen-best  9/20 (45%) tmpl=keyboard:pad:QWERTZUI+ABCDEFGH@g4@0 IC=0.0387 pos=SQFZ | UKWB beta V-I-VII rings=AAAA stecker=RY
  all-time  9/20 tmpl=keyboard:pad:QWERTZUI+ABCDEFGH@g4@0 pos=SQFZ | UKWB beta V-I-VII rings=AAAA stecker=RY
Hybrid gen 10/16 pop=16 blockB_greeks=0
  gen-best  9/20 (45%) tmpl=keyboard:pad:QWERTZUI+ABCDEFGH@g4@0 IC=0.0387 pos=SQFZ | UKWB beta V-I-VII rings=AAAA stecker=RY
  all-time  9/20 tmpl=keyboard:pad:QWERTZUI+ABCDEFGH@g4@0 pos=SQFZ | UKWB beta V-I-VII rings=AAAA stecker=RY
Hybrid gen 11/16 pop=16 blockB_greeks=0
  gen-best  9/20 (45%) tmpl=keyboard:pad:QWERTZUI+ABCDEFGH@g4@0 IC=0.0387 pos=SQFZ | UKWB beta V-I-VII rings=AAAA stecker=RY
  all-time  9/20 tmpl=keyboard:pad:QWERTZUI+ABCDEFGH@g4@0 pos=SQFZ | UKWB beta V-I-VII rings=AAAA stecker=RY
Hybrid gen 12/16 pop=16 blockB_greeks=0
  gen-best  9/20 (45%) tmpl=keyboard:pad:QWERTZUI+ABCDEFGH@g4@0 IC=0.0387 pos=SQFZ | UKWB beta V-I-VII rings=AAAA stecker=RY
  all-time  9/20 tmpl=keyboard:pad:QWERTZUI+ABCDEFGH@g4@0 pos=SQFZ | UKWB beta V-I-VII rings=AAAA stecker=RY
Hybrid gen 13/16 pop=16 blockB_greeks=0
  gen-best  9/20 (45%) tmpl=keyboard:pad:QWERTZUI+ABCDEFGH@g4@0 IC=0.0387 pos=SQFZ | UKWB beta V-I-VII rings=AAAA stecker=RY
  all-time  9/20 tmpl=keyboard:pad:QWERTZUI+ABCDEFGH@g4@0 pos=SQFZ | UKWB beta V-I-VII rings=AAAA stecker=RY
Hybrid gen 14/16 pop=16 blockB_greeks=0
  gen-best  9/20 (45%) tmpl=keyboard:pad:QWERTZUI+ABCDEFGH@g4@0 IC=0.0387 pos=SQFZ | UKWB beta V-I-VII rings=AAAA stecker=RY
  all-time  9/20 tmpl=keyboard:pad:QWERTZUI+ABCDEFGH@g4@0 pos=SQFZ | UKWB beta V-I-VII rings=AAAA stecker=RY
Hybrid gen 15/16 pop=16 blockB_greeks=0
  gen-best  9/20 (45%) tmpl=keyboard:pad:QWERTZUI+ABCDEFGH@g4@0 IC=0.0387 pos=SQFZ | UKWB beta V-I-VII rings=AAAA stecker=RY
  all-time  9/20 tmpl=keyboard:pad:QWERTZUI+ABCDEFGH@g4@0 pos=SQFZ | UKWB beta V-I-VII rings=AAAA stecker=RY
Hybrid gen 16/16 pop=16 blockB_greeks=0
  gen-best  9/20 (45%) tmpl=keyboard:pad:QWERTZUI+ABCDEFGH@g4@0 IC=0.0387 pos=SQFZ | UKWB beta V-I-VII rings=AAAA stecker=RY
  all-time  9/20 tmpl=keyboard:pad:QWERTZUI+ABCDEFGH@g4@0 pos=SQFZ | UKWB beta V-I-VII rings=AAAA stecker=RY
ASIC datapath backend: Metal-cleartext-KPA (B=17576 cleartext lanes/Greek)
Stochastic templates: 1 (constrained 20…20)
Shell evolution: ON freeRings=false WO=126 ringSeeds=2 subspace=naval-two-notch-right
Block B Greeks (fixed): (none) — fitness higher=better (KPA letter-match)
Hybrid gen 1/16 pop=16 blockB_greeks=0
  gen-best  8/20 (40%) tmpl=keyboard:pad:QWERTZUI+POIUZTRE@g2@0 IC=0.0360 pos=XWFS | UKWC beta VIII-IV-VII rings=AACU stecker=CE DH GM IN KT LX RU
  all-time  8/20 tmpl=keyboard:pad:QWERTZUI+POIUZTRE@g2@0 pos=XWFS | UKWC beta VIII-IV-VII rings=AACU stecker=CE DH GM IN KT LX RU
Hybrid gen 2/16 pop=16 blockB_greeks=0
  gen-best  10/20 (50%) tmpl=keyboard:pad:QWERTZUI+POIUZTRE@g2@0 IC=0.0411 pos=AMSJ | UKWB beta III-VIII-VII rings=AAAA stecker=AM BE FU GW NV RS
  all-time  10/20 tmpl=keyboard:pad:QWERTZUI+POIUZTRE@g2@0 pos=AMSJ | UKWB beta III-VIII-VII rings=AAAA stecker=AM BE FU GW NV RS
Hybrid gen 3/16 pop=16 blockB_greeks=0
  gen-best  10/20 (50%) tmpl=keyboard:pad:QWERTZUI+POIUZTRE@g2@0 IC=0.0411 pos=AMSJ | UKWB beta III-VIII-VII rings=AAAA stecker=AM BE FU GW NV RS
  all-time  10/20 tmpl=keyboard:pad:QWERTZUI+POIUZTRE@g2@0 pos=AMSJ | UKWB beta III-VIII-VII rings=AAAA stecker=AM BE FU GW NV RS
Hybrid gen 4/16 pop=16 blockB_greeks=0
  gen-best  10/20 (50%) tmpl=keyboard:pad:QWERTZUI+POIUZTRE@g2@0 IC=0.0411 pos=AMSJ | UKWB beta III-VIII-VII rings=AAAA stecker=AM BE FU GW NV RS
  all-time  10/20 tmpl=keyboard:pad:QWERTZUI+POIUZTRE@g2@0 pos=AMSJ | UKWB beta III-VIII-VII rings=AAAA stecker=AM BE FU GW NV RS
Hybrid gen 5/16 pop=16 blockB_greeks=0
  gen-best  10/20 (50%) tmpl=keyboard:pad:QWERTZUI+POIUZTRE@g2@0 IC=0.0411 pos=AMSJ | UKWB beta III-VIII-VII rings=AAAA stecker=AM BE FU GW NV RS
  all-time  10/20 tmpl=keyboard:pad:QWERTZUI+POIUZTRE@g2@0 pos=AMSJ | UKWB beta III-VIII-VII rings=AAAA stecker=AM BE FU GW NV RS
Hybrid gen 6/16 pop=16 blockB_greeks=0
  gen-best  10/20 (50%) tmpl=keyboard:pad:QWERTZUI+POIUZTRE@g2@0 IC=0.0411 pos=AMSJ | UKWB beta III-VIII-VII rings=AAAA stecker=AM BE FU GW NV RS
  all-time  10/20 tmpl=keyboard:pad:QWERTZUI+POIUZTRE@g2@0 pos=AMSJ | UKWB beta III-VIII-VII rings=AAAA stecker=AM BE FU GW NV RS
Hybrid gen 7/16 pop=16 blockB_greeks=0
  gen-best  10/20 (50%) tmpl=keyboard:pad:QWERTZUI+POIUZTRE@g2@0 IC=0.0411 pos=AMSJ | UKWB beta III-VIII-VII rings=AAAA stecker=AM BE FU GW NV RS
  all-time  10/20 tmpl=keyboard:pad:QWERTZUI+POIUZTRE@g2@0 pos=AMSJ | UKWB beta III-VIII-VII rings=AAAA stecker=AM BE FU GW NV RS
Hybrid gen 8/16 pop=16 blockB_greeks=0
  gen-best  11/20 (55%) tmpl=keyboard:pad:QWERTZUI+POIUZTRE@g2@0 IC=0.0426 pos=AMSJ | UKWB beta III-VIII-VII rings=AAAA stecker=AM BE CD FU GW NV RS
  all-time  11/20 tmpl=keyboard:pad:QWERTZUI+POIUZTRE@g2@0 pos=AMSJ | UKWB beta III-VIII-VII rings=AAAA stecker=AM BE CD FU GW NV RS
Hybrid gen 9/16 pop=16 blockB_greeks=0
  gen-best  11/20 (55%) tmpl=keyboard:pad:QWERTZUI+POIUZTRE@g2@0 IC=0.0426 pos=AMSJ | UKWB beta III-VIII-VII rings=AAAA stecker=AM BE CD FU GW NV RS
  all-time  11/20 tmpl=keyboard:pad:QWERTZUI+POIUZTRE@g2@0 pos=AMSJ | UKWB beta III-VIII-VII rings=AAAA stecker=AM BE CD FU GW NV RS
Hybrid gen 10/16 pop=16 blockB_greeks=0
  gen-best  11/20 (55%) tmpl=keyboard:pad:QWERTZUI+POIUZTRE@g2@0 IC=0.0426 pos=AMSJ | UKWB beta III-VIII-VII rings=AAAA stecker=AM BE CD FU GW NV RS
  all-time  11/20 tmpl=keyboard:pad:QWERTZUI+POIUZTRE@g2@0 pos=AMSJ | UKWB beta III-VIII-VII rings=AAAA stecker=AM BE CD FU GW NV RS
Hybrid gen 11/16 pop=16 blockB_greeks=0
  gen-best  11/20 (55%) tmpl=keyboard:pad:QWERTZUI+POIUZTRE@g2@0 IC=0.0426 pos=AMSJ | UKWB beta III-VIII-VII rings=AAAA stecker=AM BE CD FU GW NV RS
  all-time  11/20 tmpl=keyboard:pad:QWERTZUI+POIUZTRE@g2@0 pos=AMSJ | UKWB beta III-VIII-VII rings=AAAA stecker=AM BE CD FU GW NV RS
Hybrid gen 12/16 pop=16 blockB_greeks=0
  gen-best  12/20 (60%) tmpl=keyboard:pad:QWERTZUI+POIUZTRE@g2@0 IC=0.0430 pos=AMSJ | UKWB beta III-VIII-VII rings=AAAA stecker=AM BE CD FU GW HJ NV RS
  all-time  12/20 tmpl=keyboard:pad:QWERTZUI+POIUZTRE@g2@0 pos=AMSJ | UKWB beta III-VIII-VII rings=AAAA stecker=AM BE CD FU GW HJ NV RS
Hybrid gen 13/16 pop=16 blockB_greeks=0
  gen-best  12/20 (60%) tmpl=keyboard:pad:QWERTZUI+POIUZTRE@g2@0 IC=0.0430 pos=AMSJ | UKWB beta III-VIII-VII rings=AAAA stecker=AM BE CD FU GW HJ NV RS
  all-time  12/20 tmpl=keyboard:pad:QWERTZUI+POIUZTRE@g2@0 pos=AMSJ | UKWB beta III-VIII-VII rings=AAAA stecker=AM BE CD FU GW HJ NV RS
Hybrid gen 14/16 pop=16 blockB_greeks=0
  gen-best  12/20 (60%) tmpl=keyboard:pad:QWERTZUI+POIUZTRE@g2@0 IC=0.0430 pos=AMSJ | UKWB beta III-VIII-VII rings=AAAA stecker=AM BE CD FU GW HJ NV RS
  all-time  12/20 tmpl=keyboard:pad:QWERTZUI+POIUZTRE@g2@0 pos=AMSJ | UKWB beta III-VIII-VII rings=AAAA stecker=AM BE CD FU GW HJ NV RS
Hybrid gen 15/16 pop=16 blockB_greeks=0
  gen-best  12/20 (60%) tmpl=keyboard:pad:QWERTZUI+POIUZTRE@g2@0 IC=0.0430 pos=AMSJ | UKWB beta III-VIII-VII rings=AAAA stecker=AM BE CD FU GW HJ NV RS
  all-time  12/20 tmpl=keyboard:pad:QWERTZUI+POIUZTRE@g2@0 pos=AMSJ | UKWB beta III-VIII-VII rings=AAAA stecker=AM BE CD FU GW HJ NV RS
Hybrid gen 16/16 pop=16 blockB_greeks=0
  gen-best  12/20 (60%) tmpl=keyboard:pad:QWERTZUI+POIUZTRE@g2@0 IC=0.0430 pos=AMSJ | UKWB beta III-VIII-VII rings=AAAA stecker=AM BE CD FU GW HJ NV RS
  all-time  12/20 tmpl=keyboard:pad:QWERTZUI+POIUZTRE@g2@0 pos=AMSJ | UKWB beta III-VIII-VII rings=AAAA stecker=AM BE CD FU GW HJ NV RS
ASIC datapath backend: Metal-cleartext-KPA (B=17576 cleartext lanes/Greek)
Stochastic templates: 1 (constrained 20…20)
Shell evolution: ON freeRings=false WO=126 ringSeeds=2 subspace=naval-two-notch-right
Block B Greeks (fixed): (none) — fitness higher=better (KPA letter-match)
Hybrid gen 1/16 pop=16 blockB_greeks=0
  gen-best  8/20 (40%) tmpl=keyboard:pad:QWERTZUI+POIUZTRE@g2@1 IC=0.0360 pos=DZWG | UKWB gamma III-VIII-VII rings=AACU stecker=CX EK GL IN OR SW
  all-time  8/20 tmpl=keyboard:pad:QWERTZUI+POIUZTRE@g2@1 pos=DZWG | UKWB gamma III-VIII-VII rings=AACU stecker=CX EK GL IN OR SW
Hybrid gen 2/16 pop=16 blockB_greeks=0
  gen-best  9/20 (45%) tmpl=keyboard:pad:QWERTZUI+POIUZTRE@g2@1 IC=0.0383 pos=OMBH | UKWC gamma VII-III-VIII rings=AACU stecker=AJ BO ER FH IM KN PT QU WX
  all-time  9/20 tmpl=keyboard:pad:QWERTZUI+POIUZTRE@g2@1 pos=OMBH | UKWC gamma VII-III-VIII rings=AACU stecker=AJ BO ER FH IM KN PT QU WX
Hybrid gen 3/16 pop=16 blockB_greeks=0
  gen-best  10/20 (50%) tmpl=keyboard:pad:QWERTZUI+POIUZTRE@g2@1 IC=0.0395 pos=OMBH | UKWC gamma VII-III-VIII rings=AACU stecker=AJ ER FH GV IM KN PT QU WX
  all-time  10/20 tmpl=keyboard:pad:QWERTZUI+POIUZTRE@g2@1 pos=OMBH | UKWC gamma VII-III-VIII rings=AACU stecker=AJ ER FH GV IM KN PT QU WX
Hybrid gen 4/16 pop=16 blockB_greeks=0
  gen-best  10/20 (50%) tmpl=keyboard:pad:QWERTZUI+POIUZTRE@g2@1 IC=0.0395 pos=OMBH | UKWC gamma VII-III-VIII rings=AACU stecker=AJ ER FH GV IM KN PT QU WX
  all-time  10/20 tmpl=keyboard:pad:QWERTZUI+POIUZTRE@g2@1 pos=OMBH | UKWC gamma VII-III-VIII rings=AACU stecker=AJ ER FH GV IM KN PT QU WX
Hybrid gen 5/16 pop=16 blockB_greeks=0
  gen-best  10/20 (50%) tmpl=keyboard:pad:QWERTZUI+POIUZTRE@g2@1 IC=0.0395 pos=OMBH | UKWC gamma VII-III-VIII rings=AACU stecker=AJ ER FH GV IM KN PT QU WX
  all-time  10/20 tmpl=keyboard:pad:QWERTZUI+POIUZTRE@g2@1 pos=OMBH | UKWC gamma VII-III-VIII rings=AACU stecker=AJ ER FH GV IM KN PT QU WX
Hybrid gen 6/16 pop=16 blockB_greeks=0
  gen-best  10/20 (50%) tmpl=keyboard:pad:QWERTZUI+POIUZTRE@g2@1 IC=0.0395 pos=OMBH | UKWC gamma VII-III-VIII rings=AACU stecker=AJ ER FH GV IM KN PT QU WX
  all-time  10/20 tmpl=keyboard:pad:QWERTZUI+POIUZTRE@g2@1 pos=OMBH | UKWC gamma VII-III-VIII rings=AACU stecker=AJ ER FH GV IM KN PT QU WX
Hybrid gen 7/16 pop=16 blockB_greeks=0
  gen-best  10/20 (50%) tmpl=keyboard:pad:QWERTZUI+POIUZTRE@g2@1 IC=0.0395 pos=OMBH | UKWC gamma VII-III-VIII rings=AACU stecker=AJ ER FH GV IM KN PT QU WX
  all-time  10/20 tmpl=keyboard:pad:QWERTZUI+POIUZTRE@g2@1 pos=OMBH | UKWC gamma VII-III-VIII rings=AACU stecker=AJ ER FH GV IM KN PT QU WX
Hybrid gen 8/16 pop=16 blockB_greeks=0
  gen-best  10/20 (50%) tmpl=keyboard:pad:QWERTZUI+POIUZTRE@g2@1 IC=0.0395 pos=OMBH | UKWC gamma VII-III-VIII rings=AACU stecker=AJ ER FH GV IM KN PT QU WX
  all-time  10/20 tmpl=keyboard:pad:QWERTZUI+POIUZTRE@g2@1 pos=OMBH | UKWC gamma VII-III-VIII rings=AACU stecker=AJ ER FH GV IM KN PT QU WX
Hybrid gen 9/16 pop=16 blockB_greeks=0
  gen-best  10/20 (50%) tmpl=keyboard:pad:QWERTZUI+POIUZTRE@g2@1 IC=0.0395 pos=OMBH | UKWC gamma VII-III-VIII rings=AACU stecker=AJ ER FH GV IM KN PT QU WX
  all-time  10/20 tmpl=keyboard:pad:QWERTZUI+POIUZTRE@g2@1 pos=OMBH | UKWC gamma VII-III-VIII rings=AACU stecker=AJ ER FH GV IM KN PT QU WX
Hybrid gen 10/16 pop=16 blockB_greeks=0
  gen-best  10/20 (50%) tmpl=keyboard:pad:QWERTZUI+POIUZTRE@g2@1 IC=0.0395 pos=OMBH | UKWC gamma VII-III-VIII rings=AACU stecker=AJ ER FH GV IM KN PT QU WX
  all-time  10/20 tmpl=keyboard:pad:QWERTZUI+POIUZTRE@g2@1 pos=OMBH | UKWC gamma VII-III-VIII rings=AACU stecker=AJ ER FH GV IM KN PT QU WX
Hybrid gen 11/16 pop=16 blockB_greeks=0
  gen-best  10/20 (50%) tmpl=keyboard:pad:QWERTZUI+POIUZTRE@g2@1 IC=0.0395 pos=OMBH | UKWC gamma VII-III-VIII rings=AACU stecker=AJ ER FH GV IM KN PT QU WX
  all-time  10/20 tmpl=keyboard:pad:QWERTZUI+POIUZTRE@g2@1 pos=OMBH | UKWC gamma VII-III-VIII rings=AACU stecker=AJ ER FH GV IM KN PT QU WX
Hybrid gen 12/16 pop=16 blockB_greeks=0
  gen-best  10/20 (50%) tmpl=keyboard:pad:QWERTZUI+POIUZTRE@g2@1 IC=0.0395 pos=OMBH | UKWC gamma VII-III-VIII rings=AACU stecker=AJ ER FH GV IM KN PT QU WX
  all-time  10/20 tmpl=keyboard:pad:QWERTZUI+POIUZTRE@g2@1 pos=OMBH | UKWC gamma VII-III-VIII rings=AACU stecker=AJ ER FH GV IM KN PT QU WX
Hybrid gen 13/16 pop=16 blockB_greeks=0
  gen-best  10/20 (50%) tmpl=keyboard:pad:QWERTZUI+POIUZTRE@g2@1 IC=0.0395 pos=OMBH | UKWC gamma VII-III-VIII rings=AACU stecker=AJ ER FH GV IM KN PT QU WX
  all-time  10/20 tmpl=keyboard:pad:QWERTZUI+POIUZTRE@g2@1 pos=OMBH | UKWC gamma VII-III-VIII rings=AACU stecker=AJ ER FH GV IM KN PT QU WX
Hybrid gen 14/16 pop=16 blockB_greeks=0
  gen-best  11/20 (55%) tmpl=keyboard:pad:QWERTZUI+POIUZTRE@g2@1 IC=0.0391 pos=OMBH | UKWC gamma VII-III-VIII rings=AACU stecker=AJ BI ER FH GV KN PT QU WX
  all-time  11/20 tmpl=keyboard:pad:QWERTZUI+POIUZTRE@g2@1 pos=OMBH | UKWC gamma VII-III-VIII rings=AACU stecker=AJ BI ER FH GV KN PT QU WX
Hybrid gen 15/16 pop=16 blockB_greeks=0
  gen-best  11/20 (55%) tmpl=keyboard:pad:QWERTZUI+POIUZTRE@g2@1 IC=0.0391 pos=OMBH | UKWC gamma VII-III-VIII rings=AACU stecker=AJ BI ER FH GV KN PT QU WX
  all-time  11/20 tmpl=keyboard:pad:QWERTZUI+POIUZTRE@g2@1 pos=OMBH | UKWC gamma VII-III-VIII rings=AACU stecker=AJ BI ER FH GV KN PT QU WX
Hybrid gen 16/16 pop=16 blockB_greeks=0
  gen-best  11/20 (55%) tmpl=keyboard:pad:QWERTZUI+POIUZTRE@g2@1 IC=0.0391 pos=OMBH | UKWC gamma VII-III-VIII rings=AACU stecker=AJ BI ER FH GV KN PT QU WX
  all-time  11/20 tmpl=keyboard:pad:QWERTZUI+POIUZTRE@g2@1 pos=OMBH | UKWC gamma VII-III-VIII rings=AACU stecker=AJ BI ER FH GV KN PT QU WX
ASIC datapath backend: Metal-cleartext-KPA (B=17576 cleartext lanes/Greek)
Stochastic templates: 1 (constrained 20…20)
Shell evolution: ON freeRings=false WO=126 ringSeeds=2 subspace=naval-two-notch-right
Block B Greeks (fixed): (none) — fitness higher=better (KPA letter-match)
Hybrid gen 1/16 pop=16 blockB_greeks=0
  gen-best  8/20 (40%) tmpl=keyboard:pad:QWERTZUI+POIUZTRE@g4@0 IC=0.0411 pos=MIJX | UKWB beta VIII-VII-VI rings=AACU stecker=AO BE DN GJ IX KV PS QY RT
  all-time  8/20 tmpl=keyboard:pad:QWERTZUI+POIUZTRE@g4@0 pos=MIJX | UKWB beta VIII-VII-VI rings=AACU stecker=AO BE DN GJ IX KV PS QY RT
Hybrid gen 2/16 pop=16 blockB_greeks=0
  gen-best  8/20 (40%) tmpl=keyboard:pad:QWERTZUI+POIUZTRE@g4@0 IC=0.0411 pos=MIJX | UKWB beta VIII-VII-VI rings=AACU stecker=AO BE DN GJ IX KV PS QY RT
  all-time  8/20 tmpl=keyboard:pad:QWERTZUI+POIUZTRE@g4@0 pos=MIJX | UKWB beta VIII-VII-VI rings=AACU stecker=AO BE DN GJ IX KV PS QY RT
Hybrid gen 3/16 pop=16 blockB_greeks=0
  gen-best  9/20 (45%) tmpl=keyboard:pad:QWERTZUI+POIUZTRE@g4@0 IC=0.0356 pos=CYIJ | UKWB beta VIII-VII-VI rings=AACU stecker=AO BE DN IX JZ KV PS QY RT
  all-time  9/20 tmpl=keyboard:pad:QWERTZUI+POIUZTRE@g4@0 pos=CYIJ | UKWB beta VIII-VII-VI rings=AACU stecker=AO BE DN IX JZ KV PS QY RT
Hybrid gen 4/16 pop=16 blockB_greeks=0
  gen-best  9/20 (45%) tmpl=keyboard:pad:QWERTZUI+POIUZTRE@g4@0 IC=0.0356 pos=CYIJ | UKWB beta VIII-VII-VI rings=AACU stecker=AO BE DN IX JZ KV PS QY RT
  all-time  9/20 tmpl=keyboard:pad:QWERTZUI+POIUZTRE@g4@0 pos=CYIJ | UKWB beta VIII-VII-VI rings=AACU stecker=AO BE DN IX JZ KV PS QY RT
Hybrid gen 5/16 pop=16 blockB_greeks=0
  gen-best  10/20 (50%) tmpl=keyboard:pad:QWERTZUI+POIUZTRE@g4@0 IC=0.0399 pos=NMZT | UKWB beta II-I-VIII rings=AAAA stecker=BU CP DY SW
  all-time  10/20 tmpl=keyboard:pad:QWERTZUI+POIUZTRE@g4@0 pos=NMZT | UKWB beta II-I-VIII rings=AAAA stecker=BU CP DY SW
Hybrid gen 6/16 pop=16 blockB_greeks=0
  gen-best  10/20 (50%) tmpl=keyboard:pad:QWERTZUI+POIUZTRE@g4@0 IC=0.0399 pos=NMZT | UKWB beta II-I-VIII rings=AAAA stecker=BU CP DY SW
  all-time  10/20 tmpl=keyboard:pad:QWERTZUI+POIUZTRE@g4@0 pos=NMZT | UKWB beta II-I-VIII rings=AAAA stecker=BU CP DY SW
Hybrid gen 7/16 pop=16 blockB_greeks=0
  gen-best  10/20 (50%) tmpl=keyboard:pad:QWERTZUI+POIUZTRE@g4@0 IC=0.0399 pos=NMZT | UKWB beta II-I-VIII rings=AAAA stecker=BU CP DY SW
  all-time  10/20 tmpl=keyboard:pad:QWERTZUI+POIUZTRE@g4@0 pos=NMZT | UKWB beta II-I-VIII rings=AAAA stecker=BU CP DY SW
Hybrid gen 8/16 pop=16 blockB_greeks=0
  gen-best  10/20 (50%) tmpl=keyboard:pad:QWERTZUI+POIUZTRE@g4@0 IC=0.0399 pos=NMZT | UKWB beta II-I-VIII rings=AAAA stecker=BU CP DY SW
  all-time  10/20 tmpl=keyboard:pad:QWERTZUI+POIUZTRE@g4@0 pos=NMZT | UKWB beta II-I-VIII rings=AAAA stecker=BU CP DY SW
Hybrid gen 9/16 pop=16 blockB_greeks=0
  gen-best  11/20 (55%) tmpl=keyboard:pad:QWERTZUI+POIUZTRE@g4@0 IC=0.0434 pos=CYIJ | UKWB beta VIII-VII-VI rings=AACU stecker=AO BE DN FH IX JZ KV MQ PS RT
  all-time  11/20 tmpl=keyboard:pad:QWERTZUI+POIUZTRE@g4@0 pos=CYIJ | UKWB beta VIII-VII-VI rings=AACU stecker=AO BE DN FH IX JZ KV MQ PS RT
Hybrid gen 10/16 pop=16 blockB_greeks=0
  gen-best  11/20 (55%) tmpl=keyboard:pad:QWERTZUI+POIUZTRE@g4@0 IC=0.0434 pos=CYIJ | UKWB beta VIII-VII-VI rings=AACU stecker=AO BE DN FH IX JZ KV MQ PS RT
  all-time  11/20 tmpl=keyboard:pad:QWERTZUI+POIUZTRE@g4@0 pos=CYIJ | UKWB beta VIII-VII-VI rings=AACU stecker=AO BE DN FH IX JZ KV MQ PS RT
Hybrid gen 11/16 pop=16 blockB_greeks=0
  gen-best  11/20 (55%) tmpl=keyboard:pad:QWERTZUI+POIUZTRE@g4@0 IC=0.0434 pos=CYIJ | UKWB beta VIII-VII-VI rings=AACU stecker=AO BE DN FH IX JZ KV MQ PS RT
  all-time  11/20 tmpl=keyboard:pad:QWERTZUI+POIUZTRE@g4@0 pos=CYIJ | UKWB beta VIII-VII-VI rings=AACU stecker=AO BE DN FH IX JZ KV MQ PS RT
Hybrid gen 12/16 pop=16 blockB_greeks=0
  gen-best  11/20 (55%) tmpl=keyboard:pad:QWERTZUI+POIUZTRE@g4@0 IC=0.0434 pos=CYIJ | UKWB beta VIII-VII-VI rings=AACU stecker=AO BE DN FH IX JZ KV MQ PS RT
  all-time  11/20 tmpl=keyboard:pad:QWERTZUI+POIUZTRE@g4@0 pos=CYIJ | UKWB beta VIII-VII-VI rings=AACU stecker=AO BE DN FH IX JZ KV MQ PS RT
Hybrid gen 13/16 pop=16 blockB_greeks=0
  gen-best  11/20 (55%) tmpl=keyboard:pad:QWERTZUI+POIUZTRE@g4@0 IC=0.0434 pos=CYIJ | UKWB beta VIII-VII-VI rings=AACU stecker=AO BE DN FH IX JZ KV MQ PS RT
  all-time  11/20 tmpl=keyboard:pad:QWERTZUI+POIUZTRE@g4@0 pos=CYIJ | UKWB beta VIII-VII-VI rings=AACU stecker=AO BE DN FH IX JZ KV MQ PS RT
Hybrid gen 14/16 pop=16 blockB_greeks=0
  gen-best  11/20 (55%) tmpl=keyboard:pad:QWERTZUI+POIUZTRE@g4@0 IC=0.0434 pos=CYIJ | UKWB beta VIII-VII-VI rings=AACU stecker=AO BE DN FH IX JZ KV MQ PS RT
  all-time  11/20 tmpl=keyboard:pad:QWERTZUI+POIUZTRE@g4@0 pos=CYIJ | UKWB beta VIII-VII-VI rings=AACU stecker=AO BE DN FH IX JZ KV MQ PS RT
Hybrid gen 15/16 pop=16 blockB_greeks=0
  gen-best  11/20 (55%) tmpl=keyboard:pad:QWERTZUI+POIUZTRE@g4@0 IC=0.0434 pos=CYIJ | UKWB beta VIII-VII-VI rings=AACU stecker=AO BE DN FH IX JZ KV MQ PS RT
  all-time  11/20 tmpl=keyboard:pad:QWERTZUI+POIUZTRE@g4@0 pos=CYIJ | UKWB beta VIII-VII-VI rings=AACU stecker=AO BE DN FH IX JZ KV MQ PS RT
Hybrid gen 16/16 pop=16 blockB_greeks=0
  gen-best  12/20 (60%) tmpl=keyboard:pad:QWERTZUI+POIUZTRE@g4@0 IC=0.0442 pos=CYIJ | UKWB beta VIII-VII-VI rings=AACU stecker=AO BE DN FH JZ KV MQ PS RT XY
  all-time  12/20 tmpl=keyboard:pad:QWERTZUI+POIUZTRE@g4@0 pos=CYIJ | UKWB beta VIII-VII-VI rings=AACU stecker=AO BE DN FH JZ KV MQ PS RT XY
ASIC datapath backend: Metal-cleartext-KPA (B=17576 cleartext lanes/Greek)
Stochastic templates: 1 (constrained 20…20)
Shell evolution: ON freeRings=false WO=126 ringSeeds=2 subspace=naval-two-notch-right
Block B Greeks (fixed): (none) — fitness higher=better (KPA letter-match)
Hybrid gen 1/16 pop=16 blockB_greeks=0
  gen-best  8/20 (40%) tmpl=keyboard:pad:QWERTZUI+QWERTZUI@g2@1 IC=0.0360 pos=BGPQ | UKWB gamma I-II-VI rings=AAAA stecker=(none)
  all-time  8/20 tmpl=keyboard:pad:QWERTZUI+QWERTZUI@g2@1 pos=BGPQ | UKWB gamma I-II-VI rings=AAAA stecker=(none)
Hybrid gen 2/16 pop=16 blockB_greeks=0
  gen-best  9/20 (45%) tmpl=keyboard:pad:QWERTZUI+QWERTZUI@g2@1 IC=0.0356 pos=WBCI | UKWB beta III-V-VI rings=AAAA stecker=AC FG JS LW OR
  all-time  9/20 tmpl=keyboard:pad:QWERTZUI+QWERTZUI@g2@1 pos=WBCI | UKWB beta III-V-VI rings=AAAA stecker=AC FG JS LW OR
Hybrid gen 3/16 pop=16 blockB_greeks=0
  gen-best  9/20 (45%) tmpl=keyboard:pad:QWERTZUI+QWERTZUI@g2@1 IC=0.0356 pos=WBCI | UKWB beta III-V-VI rings=AAAA stecker=AC FG JS LW OR
  all-time  9/20 tmpl=keyboard:pad:QWERTZUI+QWERTZUI@g2@1 pos=WBCI | UKWB beta III-V-VI rings=AAAA stecker=AC FG JS LW OR
Hybrid gen 4/16 pop=16 blockB_greeks=0
  gen-best  9/20 (45%) tmpl=keyboard:pad:QWERTZUI+QWERTZUI@g2@1 IC=0.0356 pos=WBCI | UKWB beta III-V-VI rings=AAAA stecker=AC FG JS LW OR
  all-time  9/20 tmpl=keyboard:pad:QWERTZUI+QWERTZUI@g2@1 pos=WBCI | UKWB beta III-V-VI rings=AAAA stecker=AC FG JS LW OR
Hybrid gen 5/16 pop=16 blockB_greeks=0
  gen-best  9/20 (45%) tmpl=keyboard:pad:QWERTZUI+QWERTZUI@g2@1 IC=0.0356 pos=WBCI | UKWB beta III-V-VI rings=AAAA stecker=AC FG JS LW OR
  all-time  9/20 tmpl=keyboard:pad:QWERTZUI+QWERTZUI@g2@1 pos=WBCI | UKWB beta III-V-VI rings=AAAA stecker=AC FG JS LW OR
Hybrid gen 6/16 pop=16 blockB_greeks=0
  gen-best  10/20 (50%) tmpl=keyboard:pad:QWERTZUI+QWERTZUI@g2@1 IC=0.0352 pos=BGPQ | UKWB gamma I-II-VI rings=AAAA stecker=AQ
  all-time  10/20 tmpl=keyboard:pad:QWERTZUI+QWERTZUI@g2@1 pos=BGPQ | UKWB gamma I-II-VI rings=AAAA stecker=AQ
Hybrid gen 7/16 pop=16 blockB_greeks=0
  gen-best  10/20 (50%) tmpl=keyboard:pad:QWERTZUI+QWERTZUI@g2@1 IC=0.0352 pos=BGPQ | UKWB gamma I-II-VI rings=AAAA stecker=AQ
  all-time  10/20 tmpl=keyboard:pad:QWERTZUI+QWERTZUI@g2@1 pos=BGPQ | UKWB gamma I-II-VI rings=AAAA stecker=AQ
Hybrid gen 8/16 pop=16 blockB_greeks=0
  gen-best  10/20 (50%) tmpl=keyboard:pad:QWERTZUI+QWERTZUI@g2@1 IC=0.0352 pos=BGPQ | UKWB gamma I-II-VI rings=AAAA stecker=AQ
  all-time  10/20 tmpl=keyboard:pad:QWERTZUI+QWERTZUI@g2@1 pos=BGPQ | UKWB gamma I-II-VI rings=AAAA stecker=AQ
Hybrid gen 9/16 pop=16 blockB_greeks=0
  gen-best  10/20 (50%) tmpl=keyboard:pad:QWERTZUI+QWERTZUI@g2@1 IC=0.0352 pos=BGPQ | UKWB gamma I-II-VI rings=AAAA stecker=AQ
  all-time  10/20 tmpl=keyboard:pad:QWERTZUI+QWERTZUI@g2@1 pos=BGPQ | UKWB gamma I-II-VI rings=AAAA stecker=AQ
Hybrid gen 10/16 pop=16 blockB_greeks=0
  gen-best  10/20 (50%) tmpl=keyboard:pad:QWERTZUI+QWERTZUI@g2@1 IC=0.0352 pos=BGPQ | UKWB gamma I-II-VI rings=AAAA stecker=AQ
  all-time  10/20 tmpl=keyboard:pad:QWERTZUI+QWERTZUI@g2@1 pos=BGPQ | UKWB gamma I-II-VI rings=AAAA stecker=AQ
Hybrid gen 11/16 pop=16 blockB_greeks=0
  gen-best  10/20 (50%) tmpl=keyboard:pad:QWERTZUI+QWERTZUI@g2@1 IC=0.0352 pos=BGPQ | UKWB gamma I-II-VI rings=AAAA stecker=AQ
  all-time  10/20 tmpl=keyboard:pad:QWERTZUI+QWERTZUI@g2@1 pos=BGPQ | UKWB gamma I-II-VI rings=AAAA stecker=AQ
Hybrid gen 12/16 pop=16 blockB_greeks=0
  gen-best  10/20 (50%) tmpl=keyboard:pad:QWERTZUI+QWERTZUI@g2@1 IC=0.0352 pos=BGPQ | UKWB gamma I-II-VI rings=AAAA stecker=AQ
  all-time  10/20 tmpl=keyboard:pad:QWERTZUI+QWERTZUI@g2@1 pos=BGPQ | UKWB gamma I-II-VI rings=AAAA stecker=AQ
Hybrid gen 13/16 pop=16 blockB_greeks=0
  gen-best  10/20 (50%) tmpl=keyboard:pad:QWERTZUI+QWERTZUI@g2@1 IC=0.0352 pos=BGPQ | UKWB gamma I-II-VI rings=AAAA stecker=AQ
  all-time  10/20 tmpl=keyboard:pad:QWERTZUI+QWERTZUI@g2@1 pos=BGPQ | UKWB gamma I-II-VI rings=AAAA stecker=AQ
Hybrid gen 14/16 pop=16 blockB_greeks=0
  gen-best  10/20 (50%) tmpl=keyboard:pad:QWERTZUI+QWERTZUI@g2@1 IC=0.0352 pos=BGPQ | UKWB gamma I-II-VI rings=AAAA stecker=AQ
  all-time  10/20 tmpl=keyboard:pad:QWERTZUI+QWERTZUI@g2@1 pos=BGPQ | UKWB gamma I-II-VI rings=AAAA stecker=AQ
Hybrid gen 15/16 pop=16 blockB_greeks=0
  gen-best  10/20 (50%) tmpl=keyboard:pad:QWERTZUI+QWERTZUI@g2@1 IC=0.0352 pos=BGPQ | UKWB gamma I-II-VI rings=AAAA stecker=AQ
  all-time  10/20 tmpl=keyboard:pad:QWERTZUI+QWERTZUI@g2@1 pos=BGPQ | UKWB gamma I-II-VI rings=AAAA stecker=AQ
Hybrid gen 16/16 pop=16 blockB_greeks=0
  gen-best  10/20 (50%) tmpl=keyboard:pad:QWERTZUI+QWERTZUI@g2@1 IC=0.0352 pos=BGPQ | UKWB gamma I-II-VI rings=AAAA stecker=AQ
  all-time  10/20 tmpl=keyboard:pad:QWERTZUI+QWERTZUI@g2@1 pos=BGPQ | UKWB gamma I-II-VI rings=AAAA stecker=AQ
ASIC datapath backend: Metal-cleartext-KPA (B=17576 cleartext lanes/Greek)
Stochastic templates: 1 (constrained 19…19)
Shell evolution: ON freeRings=false WO=126 ringSeeds=2 subspace=naval-two-notch-right
Block B Greeks (fixed): (none) — fitness higher=better (KPA letter-match)
Hybrid gen 1/16 pop=16 blockB_greeks=0
  gen-best  8/19 (42%) tmpl=keyboard:pad:ASDFGHJK+ASDFGHJK@g2@0 IC=0.0399 pos=STEL | UKWC gamma VII-II-VIII rings=AACU stecker=CX IV LS OY RT
  all-time  8/19 tmpl=keyboard:pad:ASDFGHJK+ASDFGHJK@g2@0 pos=STEL | UKWC gamma VII-II-VIII rings=AACU stecker=CX IV LS OY RT
Hybrid gen 2/16 pop=16 blockB_greeks=0
  gen-best  8/19 (42%) tmpl=keyboard:pad:ASDFGHJK+ASDFGHJK@g2@0 IC=0.0399 pos=STEL | UKWC gamma VII-II-VIII rings=AACU stecker=CX IV LS OY RT
  all-time  8/19 tmpl=keyboard:pad:ASDFGHJK+ASDFGHJK@g2@0 pos=STEL | UKWC gamma VII-II-VIII rings=AACU stecker=CX IV LS OY RT
Hybrid gen 3/16 pop=16 blockB_greeks=0
  gen-best  8/19 (42%) tmpl=keyboard:pad:ASDFGHJK+ASDFGHJK@g2@0 IC=0.0399 pos=STEL | UKWC gamma VII-II-VIII rings=AACU stecker=CX IV LS OY RT
  all-time  8/19 tmpl=keyboard:pad:ASDFGHJK+ASDFGHJK@g2@0 pos=STEL | UKWC gamma VII-II-VIII rings=AACU stecker=CX IV LS OY RT
Hybrid gen 4/16 pop=16 blockB_greeks=0
  gen-best  9/19 (47%) tmpl=keyboard:pad:ASDFGHJK+ASDFGHJK@g2@0 IC=0.0419 pos=DKHT | UKWC gamma VI-V-VIII rings=AACU stecker=AN BK GQ LS MY RX
  all-time  9/19 tmpl=keyboard:pad:ASDFGHJK+ASDFGHJK@g2@0 pos=DKHT | UKWC gamma VI-V-VIII rings=AACU stecker=AN BK GQ LS MY RX
Hybrid gen 5/16 pop=16 blockB_greeks=0
  gen-best  9/19 (47%) tmpl=keyboard:pad:ASDFGHJK+ASDFGHJK@g2@0 IC=0.0419 pos=DKHT | UKWC gamma VI-V-VIII rings=AACU stecker=AN BK GQ LS MY RX
  all-time  9/19 tmpl=keyboard:pad:ASDFGHJK+ASDFGHJK@g2@0 pos=DKHT | UKWC gamma VI-V-VIII rings=AACU stecker=AN BK GQ LS MY RX
Hybrid gen 6/16 pop=16 blockB_greeks=0
  gen-best  9/19 (47%) tmpl=keyboard:pad:ASDFGHJK+ASDFGHJK@g2@0 IC=0.0419 pos=DKHT | UKWC gamma VI-V-VIII rings=AACU stecker=AN BK GQ LS MY RX
  all-time  9/19 tmpl=keyboard:pad:ASDFGHJK+ASDFGHJK@g2@0 pos=DKHT | UKWC gamma VI-V-VIII rings=AACU stecker=AN BK GQ LS MY RX
Hybrid gen 7/16 pop=16 blockB_greeks=0
  gen-best  9/19 (47%) tmpl=keyboard:pad:ASDFGHJK+ASDFGHJK@g2@0 IC=0.0419 pos=DKHT | UKWC gamma VI-V-VIII rings=AACU stecker=AN BK GQ LS MY RX
  all-time  9/19 tmpl=keyboard:pad:ASDFGHJK+ASDFGHJK@g2@0 pos=DKHT | UKWC gamma VI-V-VIII rings=AACU stecker=AN BK GQ LS MY RX
Hybrid gen 8/16 pop=16 blockB_greeks=0
  gen-best  9/19 (47%) tmpl=keyboard:pad:ASDFGHJK+ASDFGHJK@g2@0 IC=0.0419 pos=DKHT | UKWC gamma VI-V-VIII rings=AACU stecker=AN BK GQ LS MY RX
  all-time  9/19 tmpl=keyboard:pad:ASDFGHJK+ASDFGHJK@g2@0 pos=DKHT | UKWC gamma VI-V-VIII rings=AACU stecker=AN BK GQ LS MY RX
Hybrid gen 9/16 pop=16 blockB_greeks=0
  gen-best  9/19 (47%) tmpl=keyboard:pad:ASDFGHJK+ASDFGHJK@g2@0 IC=0.0419 pos=DKHT | UKWC gamma VI-V-VIII rings=AACU stecker=AN BK GQ LS MY RX
  all-time  9/19 tmpl=keyboard:pad:ASDFGHJK+ASDFGHJK@g2@0 pos=DKHT | UKWC gamma VI-V-VIII rings=AACU stecker=AN BK GQ LS MY RX
Hybrid gen 10/16 pop=16 blockB_greeks=0
  gen-best  10/19 (53%) tmpl=keyboard:pad:ASDFGHJK+ASDFGHJK@g2@0 IC=0.0434 pos=DKHT | UKWC gamma VI-V-VIII rings=AACU stecker=AN BK GQ IX LS MY
  all-time  10/19 tmpl=keyboard:pad:ASDFGHJK+ASDFGHJK@g2@0 pos=DKHT | UKWC gamma VI-V-VIII rings=AACU stecker=AN BK GQ IX LS MY
Hybrid gen 11/16 pop=16 blockB_greeks=0
  gen-best  10/19 (53%) tmpl=keyboard:pad:ASDFGHJK+ASDFGHJK@g2@0 IC=0.0434 pos=DKHT | UKWC gamma VI-V-VIII rings=AACU stecker=AN BK GQ IX LS MY
  all-time  10/19 tmpl=keyboard:pad:ASDFGHJK+ASDFGHJK@g2@0 pos=DKHT | UKWC gamma VI-V-VIII rings=AACU stecker=AN BK GQ IX LS MY
Hybrid gen 12/16 pop=16 blockB_greeks=0
  gen-best  10/19 (53%) tmpl=keyboard:pad:ASDFGHJK+ASDFGHJK@g2@0 IC=0.0434 pos=DKHT | UKWC gamma VI-V-VIII rings=AACU stecker=AN BK GQ IX LS MY
  all-time  10/19 tmpl=keyboard:pad:ASDFGHJK+ASDFGHJK@g2@0 pos=DKHT | UKWC gamma VI-V-VIII rings=AACU stecker=AN BK GQ IX LS MY
Hybrid gen 13/16 pop=16 blockB_greeks=0
  gen-best  10/19 (53%) tmpl=keyboard:pad:ASDFGHJK+ASDFGHJK@g2@0 IC=0.0434 pos=DKHT | UKWC gamma VI-V-VIII rings=AACU stecker=AN BK GQ IX LS MY
  all-time  10/19 tmpl=keyboard:pad:ASDFGHJK+ASDFGHJK@g2@0 pos=DKHT | UKWC gamma VI-V-VIII rings=AACU stecker=AN BK GQ IX LS MY
Hybrid gen 14/16 pop=16 blockB_greeks=0
  gen-best  10/19 (53%) tmpl=keyboard:pad:ASDFGHJK+ASDFGHJK@g2@0 IC=0.0434 pos=DKHT | UKWC gamma VI-V-VIII rings=AACU stecker=AN BK GQ IX LS MY
  all-time  10/19 tmpl=keyboard:pad:ASDFGHJK+ASDFGHJK@g2@0 pos=DKHT | UKWC gamma VI-V-VIII rings=AACU stecker=AN BK GQ IX LS MY
Hybrid gen 15/16 pop=16 blockB_greeks=0
  gen-best  10/19 (53%) tmpl=keyboard:pad:ASDFGHJK+ASDFGHJK@g2@0 IC=0.0434 pos=DKHT | UKWC gamma VI-V-VIII rings=AACU stecker=AN BK GQ IX LS MY
  all-time  10/19 tmpl=keyboard:pad:ASDFGHJK+ASDFGHJK@g2@0 pos=DKHT | UKWC gamma VI-V-VIII rings=AACU stecker=AN BK GQ IX LS MY
Hybrid gen 16/16 pop=16 blockB_greeks=0
  gen-best  10/19 (53%) tmpl=keyboard:pad:ASDFGHJK+ASDFGHJK@g2@0 IC=0.0434 pos=DKHT | UKWC gamma VI-V-VIII rings=AACU stecker=AN BK GQ IX LS MY
  all-time  10/19 tmpl=keyboard:pad:ASDFGHJK+ASDFGHJK@g2@0 pos=DKHT | UKWC gamma VI-V-VIII rings=AACU stecker=AN BK GQ IX LS MY
ASIC datapath backend: Metal-cleartext-KPA (B=17576 cleartext lanes/Greek)
Stochastic templates: 1 (constrained 19…19)
Shell evolution: ON freeRings=false WO=126 ringSeeds=2 subspace=naval-two-notch-right
Block B Greeks (fixed): (none) — fitness higher=better (KPA letter-match)
Hybrid gen 1/16 pop=16 blockB_greeks=0
  gen-best  8/19 (42%) tmpl=keyboard:pad:ASDFGHJK+ASDFGHJK@g2@1 IC=0.0305 pos=FVRL | UKWB gamma I-II-VI rings=AAAA stecker=(none)
  all-time  8/19 tmpl=keyboard:pad:ASDFGHJK+ASDFGHJK@g2@1 pos=FVRL | UKWB gamma I-II-VI rings=AAAA stecker=(none)
Hybrid gen 2/16 pop=16 blockB_greeks=0
  gen-best  8/19 (42%) tmpl=keyboard:pad:ASDFGHJK+ASDFGHJK@g2@1 IC=0.0305 pos=FVRL | UKWB gamma I-II-VI rings=AAAA stecker=(none)
  all-time  8/19 tmpl=keyboard:pad:ASDFGHJK+ASDFGHJK@g2@1 pos=FVRL | UKWB gamma I-II-VI rings=AAAA stecker=(none)
Hybrid gen 3/16 pop=16 blockB_greeks=0
  gen-best  8/19 (42%) tmpl=keyboard:pad:ASDFGHJK+ASDFGHJK@g2@1 IC=0.0305 pos=FVRL | UKWB gamma I-II-VI rings=AAAA stecker=(none)
  all-time  8/19 tmpl=keyboard:pad:ASDFGHJK+ASDFGHJK@g2@1 pos=FVRL | UKWB gamma I-II-VI rings=AAAA stecker=(none)
Hybrid gen 4/16 pop=16 blockB_greeks=0
  gen-best  8/19 (42%) tmpl=keyboard:pad:ASDFGHJK+ASDFGHJK@g2@1 IC=0.0305 pos=FVRL | UKWB gamma I-II-VI rings=AAAA stecker=(none)
  all-time  8/19 tmpl=keyboard:pad:ASDFGHJK+ASDFGHJK@g2@1 pos=FVRL | UKWB gamma I-II-VI rings=AAAA stecker=(none)
Hybrid gen 5/16 pop=16 blockB_greeks=0
  gen-best  8/19 (42%) tmpl=keyboard:pad:ASDFGHJK+ASDFGHJK@g2@1 IC=0.0305 pos=FVRL | UKWB gamma I-II-VI rings=AAAA stecker=(none)
  all-time  8/19 tmpl=keyboard:pad:ASDFGHJK+ASDFGHJK@g2@1 pos=FVRL | UKWB gamma I-II-VI rings=AAAA stecker=(none)
Hybrid gen 6/16 pop=16 blockB_greeks=0
  gen-best  8/19 (42%) tmpl=keyboard:pad:ASDFGHJK+ASDFGHJK@g2@1 IC=0.0305 pos=FVRL | UKWB gamma I-II-VI rings=AAAA stecker=(none)
  all-time  8/19 tmpl=keyboard:pad:ASDFGHJK+ASDFGHJK@g2@1 pos=FVRL | UKWB gamma I-II-VI rings=AAAA stecker=(none)
Hybrid gen 7/16 pop=16 blockB_greeks=0
  gen-best  8/19 (42%) tmpl=keyboard:pad:ASDFGHJK+ASDFGHJK@g2@1 IC=0.0305 pos=FVRL | UKWB gamma I-II-VI rings=AAAA stecker=(none)
  all-time  8/19 tmpl=keyboard:pad:ASDFGHJK+ASDFGHJK@g2@1 pos=FVRL | UKWB gamma I-II-VI rings=AAAA stecker=(none)
Hybrid gen 8/16 pop=16 blockB_greeks=0
  gen-best  9/19 (47%) tmpl=keyboard:pad:ASDFGHJK+ASDFGHJK@g2@1 IC=0.0325 pos=FVRL | UKWB gamma I-II-VI rings=AAAA stecker=PU
  all-time  9/19 tmpl=keyboard:pad:ASDFGHJK+ASDFGHJK@g2@1 pos=FVRL | UKWB gamma I-II-VI rings=AAAA stecker=PU
Hybrid gen 9/16 pop=16 blockB_greeks=0
  gen-best  9/19 (47%) tmpl=keyboard:pad:ASDFGHJK+ASDFGHJK@g2@1 IC=0.0325 pos=FVRL | UKWB gamma I-II-VI rings=AAAA stecker=PU
  all-time  9/19 tmpl=keyboard:pad:ASDFGHJK+ASDFGHJK@g2@1 pos=FVRL | UKWB gamma I-II-VI rings=AAAA stecker=PU
Hybrid gen 10/16 pop=16 blockB_greeks=0
  gen-best  9/19 (47%) tmpl=keyboard:pad:ASDFGHJK+ASDFGHJK@g2@1 IC=0.0325 pos=FVRL | UKWB gamma I-II-VI rings=AAAA stecker=PU
  all-time  9/19 tmpl=keyboard:pad:ASDFGHJK+ASDFGHJK@g2@1 pos=FVRL | UKWB gamma I-II-VI rings=AAAA stecker=PU
Hybrid gen 11/16 pop=16 blockB_greeks=0
  gen-best  9/19 (47%) tmpl=keyboard:pad:ASDFGHJK+ASDFGHJK@g2@1 IC=0.0325 pos=FVRL | UKWB gamma I-II-VI rings=AAAA stecker=PU
  all-time  9/19 tmpl=keyboard:pad:ASDFGHJK+ASDFGHJK@g2@1 pos=FVRL | UKWB gamma I-II-VI rings=AAAA stecker=PU
Hybrid gen 12/16 pop=16 blockB_greeks=0
  gen-best  9/19 (47%) tmpl=keyboard:pad:ASDFGHJK+ASDFGHJK@g2@1 IC=0.0325 pos=FVRL | UKWB gamma I-II-VI rings=AAAA stecker=PU
  all-time  9/19 tmpl=keyboard:pad:ASDFGHJK+ASDFGHJK@g2@1 pos=FVRL | UKWB gamma I-II-VI rings=AAAA stecker=PU
Hybrid gen 13/16 pop=16 blockB_greeks=0
  gen-best  9/19 (47%) tmpl=keyboard:pad:ASDFGHJK+ASDFGHJK@g2@1 IC=0.0325 pos=FVRL | UKWB gamma I-II-VI rings=AAAA stecker=PU
  all-time  9/19 tmpl=keyboard:pad:ASDFGHJK+ASDFGHJK@g2@1 pos=FVRL | UKWB gamma I-II-VI rings=AAAA stecker=PU
Hybrid gen 14/16 pop=16 blockB_greeks=0
  gen-best  9/19 (47%) tmpl=keyboard:pad:ASDFGHJK+ASDFGHJK@g2@1 IC=0.0325 pos=FVRL | UKWB gamma I-II-VI rings=AAAA stecker=PU
  all-time  9/19 tmpl=keyboard:pad:ASDFGHJK+ASDFGHJK@g2@1 pos=FVRL | UKWB gamma I-II-VI rings=AAAA stecker=PU
Hybrid gen 15/16 pop=16 blockB_greeks=0
  gen-best  11/19 (58%) tmpl=keyboard:pad:ASDFGHJK+ASDFGHJK@g2@1 IC=0.0336 pos=FVRL | UKWB gamma I-II-VI rings=AAAA stecker=AW ET PU
  all-time  11/19 tmpl=keyboard:pad:ASDFGHJK+ASDFGHJK@g2@1 pos=FVRL | UKWB gamma I-II-VI rings=AAAA stecker=AW ET PU
Hybrid gen 16/16 pop=16 blockB_greeks=0
  gen-best  11/19 (58%) tmpl=keyboard:pad:ASDFGHJK+ASDFGHJK@g2@1 IC=0.0336 pos=FVRL | UKWB gamma I-II-VI rings=AAAA stecker=AW ET PU
  all-time  11/19 tmpl=keyboard:pad:ASDFGHJK+ASDFGHJK@g2@1 pos=FVRL | UKWB gamma I-II-VI rings=AAAA stecker=AW ET PU
ASIC datapath backend: Metal-cleartext-KPA (B=17576 cleartext lanes/Greek)
Stochastic templates: 1 (constrained 19…19)
Shell evolution: ON freeRings=false WO=126 ringSeeds=2 subspace=naval-two-notch-right
Block B Greeks (fixed): (none) — fitness higher=better (KPA letter-match)
Hybrid gen 1/16 pop=16 blockB_greeks=0
  gen-best  8/19 (42%) tmpl=keyboard:pad:ASDFGHJK+ASDFGHJK@g4@0 IC=0.0383 pos=JRVK | UKWB gamma I-IV-VII rings=AAAA stecker=DZ
  all-time  8/19 tmpl=keyboard:pad:ASDFGHJK+ASDFGHJK@g4@0 pos=JRVK | UKWB gamma I-IV-VII rings=AAAA stecker=DZ
Hybrid gen 2/16 pop=16 blockB_greeks=0
  gen-best  8/19 (42%) tmpl=keyboard:pad:ASDFGHJK+ASDFGHJK@g4@0 IC=0.0383 pos=JRVK | UKWB gamma I-IV-VII rings=AAAA stecker=DZ
  all-time  8/19 tmpl=keyboard:pad:ASDFGHJK+ASDFGHJK@g4@0 pos=JRVK | UKWB gamma I-IV-VII rings=AAAA stecker=DZ
Hybrid gen 3/16 pop=16 blockB_greeks=0
  gen-best  9/19 (47%) tmpl=keyboard:pad:ASDFGHJK+ASDFGHJK@g4@0 IC=0.0399 pos=JRVK | UKWB gamma I-IV-VII rings=AAAA stecker=DZ RY
  all-time  9/19 tmpl=keyboard:pad:ASDFGHJK+ASDFGHJK@g4@0 pos=JRVK | UKWB gamma I-IV-VII rings=AAAA stecker=DZ RY
Hybrid gen 4/16 pop=16 blockB_greeks=0
  gen-best  9/19 (47%) tmpl=keyboard:pad:ASDFGHJK+ASDFGHJK@g4@0 IC=0.0399 pos=JRVK | UKWB gamma I-IV-VII rings=AAAA stecker=DZ RY
  all-time  9/19 tmpl=keyboard:pad:ASDFGHJK+ASDFGHJK@g4@0 pos=JRVK | UKWB gamma I-IV-VII rings=AAAA stecker=DZ RY
Hybrid gen 5/16 pop=16 blockB_greeks=0
  gen-best  9/19 (47%) tmpl=keyboard:pad:ASDFGHJK+ASDFGHJK@g4@0 IC=0.0399 pos=JRVK | UKWB gamma I-IV-VII rings=AAAA stecker=DZ RY
  all-time  9/19 tmpl=keyboard:pad:ASDFGHJK+ASDFGHJK@g4@0 pos=JRVK | UKWB gamma I-IV-VII rings=AAAA stecker=DZ RY
Hybrid gen 6/16 pop=16 blockB_greeks=0
  gen-best  9/19 (47%) tmpl=keyboard:pad:ASDFGHJK+ASDFGHJK@g4@0 IC=0.0399 pos=JRVK | UKWB gamma I-IV-VII rings=AAAA stecker=DZ RY
  all-time  9/19 tmpl=keyboard:pad:ASDFGHJK+ASDFGHJK@g4@0 pos=JRVK | UKWB gamma I-IV-VII rings=AAAA stecker=DZ RY
Hybrid gen 7/16 pop=16 blockB_greeks=0
  gen-best  9/19 (47%) tmpl=keyboard:pad:ASDFGHJK+ASDFGHJK@g4@0 IC=0.0399 pos=JRVK | UKWB gamma I-IV-VII rings=AAAA stecker=DZ RY
  all-time  9/19 tmpl=keyboard:pad:ASDFGHJK+ASDFGHJK@g4@0 pos=JRVK | UKWB gamma I-IV-VII rings=AAAA stecker=DZ RY
Hybrid gen 8/16 pop=16 blockB_greeks=0
  gen-best  9/19 (47%) tmpl=keyboard:pad:ASDFGHJK+ASDFGHJK@g4@0 IC=0.0399 pos=JRVK | UKWB gamma I-IV-VII rings=AAAA stecker=DZ RY
  all-time  9/19 tmpl=keyboard:pad:ASDFGHJK+ASDFGHJK@g4@0 pos=JRVK | UKWB gamma I-IV-VII rings=AAAA stecker=DZ RY
Hybrid gen 9/16 pop=16 blockB_greeks=0
  gen-best  9/19 (47%) tmpl=keyboard:pad:ASDFGHJK+ASDFGHJK@g4@0 IC=0.0399 pos=JRVK | UKWB gamma I-IV-VII rings=AAAA stecker=DZ RY
  all-time  9/19 tmpl=keyboard:pad:ASDFGHJK+ASDFGHJK@g4@0 pos=JRVK | UKWB gamma I-IV-VII rings=AAAA stecker=DZ RY
Hybrid gen 10/16 pop=16 blockB_greeks=0
  gen-best  9/19 (47%) tmpl=keyboard:pad:ASDFGHJK+ASDFGHJK@g4@0 IC=0.0399 pos=JRVK | UKWB gamma I-IV-VII rings=AAAA stecker=DZ RY
  all-time  9/19 tmpl=keyboard:pad:ASDFGHJK+ASDFGHJK@g4@0 pos=JRVK | UKWB gamma I-IV-VII rings=AAAA stecker=DZ RY
Hybrid gen 11/16 pop=16 blockB_greeks=0
  gen-best  9/19 (47%) tmpl=keyboard:pad:ASDFGHJK+ASDFGHJK@g4@0 IC=0.0399 pos=JRVK | UKWB gamma I-IV-VII rings=AAAA stecker=DZ RY
  all-time  9/19 tmpl=keyboard:pad:ASDFGHJK+ASDFGHJK@g4@0 pos=JRVK | UKWB gamma I-IV-VII rings=AAAA stecker=DZ RY
Hybrid gen 12/16 pop=16 blockB_greeks=0
  gen-best  9/19 (47%) tmpl=keyboard:pad:ASDFGHJK+ASDFGHJK@g4@0 IC=0.0399 pos=JRVK | UKWB gamma I-IV-VII rings=AAAA stecker=DZ RY
  all-time  9/19 tmpl=keyboard:pad:ASDFGHJK+ASDFGHJK@g4@0 pos=JRVK | UKWB gamma I-IV-VII rings=AAAA stecker=DZ RY
Hybrid gen 13/16 pop=16 blockB_greeks=0
  gen-best  9/19 (47%) tmpl=keyboard:pad:ASDFGHJK+ASDFGHJK@g4@0 IC=0.0399 pos=JRVK | UKWB gamma I-IV-VII rings=AAAA stecker=DZ RY
  all-time  9/19 tmpl=keyboard:pad:ASDFGHJK+ASDFGHJK@g4@0 pos=JRVK | UKWB gamma I-IV-VII rings=AAAA stecker=DZ RY
Hybrid gen 14/16 pop=16 blockB_greeks=0
  gen-best  9/19 (47%) tmpl=keyboard:pad:ASDFGHJK+ASDFGHJK@g4@0 IC=0.0399 pos=JRVK | UKWB gamma I-IV-VII rings=AAAA stecker=DZ RY
  all-time  9/19 tmpl=keyboard:pad:ASDFGHJK+ASDFGHJK@g4@0 pos=JRVK | UKWB gamma I-IV-VII rings=AAAA stecker=DZ RY
Hybrid gen 15/16 pop=16 blockB_greeks=0
  gen-best  9/19 (47%) tmpl=keyboard:pad:ASDFGHJK+ASDFGHJK@g4@0 IC=0.0399 pos=JRVK | UKWB gamma I-IV-VII rings=AAAA stecker=DZ RY
  all-time  9/19 tmpl=keyboard:pad:ASDFGHJK+ASDFGHJK@g4@0 pos=JRVK | UKWB gamma I-IV-VII rings=AAAA stecker=DZ RY
Hybrid gen 16/16 pop=16 blockB_greeks=0
  gen-best  9/19 (47%) tmpl=keyboard:pad:ASDFGHJK+ASDFGHJK@g4@0 IC=0.0399 pos=JRVK | UKWB gamma I-IV-VII rings=AAAA stecker=DZ RY
  all-time  9/19 tmpl=keyboard:pad:ASDFGHJK+ASDFGHJK@g4@0 pos=JRVK | UKWB gamma I-IV-VII rings=AAAA stecker=DZ RY
ASIC datapath backend: Metal-cleartext-KPA (B=17576 cleartext lanes/Greek)
Stochastic templates: 1 (constrained 19…19)
Shell evolution: ON freeRings=false WO=126 ringSeeds=2 subspace=naval-two-notch-right
Block B Greeks (fixed): (none) — fitness higher=better (KPA letter-match)
Hybrid gen 1/16 pop=16 blockB_greeks=0
  gen-best  8/19 (42%) tmpl=keyboard:pad:QWERTZUI+ASDFGHJK@g2@0 IC=0.0364 pos=GOUV | UKWB beta VI-I-VII rings=AAAA stecker=BQ
  all-time  8/19 tmpl=keyboard:pad:QWERTZUI+ASDFGHJK@g2@0 pos=GOUV | UKWB beta VI-I-VII rings=AAAA stecker=BQ
Hybrid gen 2/16 pop=16 blockB_greeks=0
  gen-best  8/19 (42%) tmpl=keyboard:pad:QWERTZUI+ASDFGHJK@g2@0 IC=0.0364 pos=GOUV | UKWB beta VI-I-VII rings=AAAA stecker=BQ
  all-time  8/19 tmpl=keyboard:pad:QWERTZUI+ASDFGHJK@g2@0 pos=GOUV | UKWB beta VI-I-VII rings=AAAA stecker=BQ
Hybrid gen 3/16 pop=16 blockB_greeks=0
  gen-best  8/19 (42%) tmpl=keyboard:pad:QWERTZUI+ASDFGHJK@g2@0 IC=0.0364 pos=GOUV | UKWB beta VI-I-VII rings=AAAA stecker=BQ
  all-time  8/19 tmpl=keyboard:pad:QWERTZUI+ASDFGHJK@g2@0 pos=GOUV | UKWB beta VI-I-VII rings=AAAA stecker=BQ
Hybrid gen 4/16 pop=16 blockB_greeks=0
  gen-best  9/19 (47%) tmpl=keyboard:pad:QWERTZUI+ASDFGHJK@g2@0 IC=0.0325 pos=ZPZM | UKWC beta II-III-VI rings=AACU stecker=FG
  all-time  9/19 tmpl=keyboard:pad:QWERTZUI+ASDFGHJK@g2@0 pos=ZPZM | UKWC beta II-III-VI rings=AACU stecker=FG
Hybrid gen 5/16 pop=16 blockB_greeks=0
  gen-best  9/19 (47%) tmpl=keyboard:pad:QWERTZUI+ASDFGHJK@g2@0 IC=0.0325 pos=ZPZM | UKWC beta II-III-VI rings=AACU stecker=FG
  all-time  9/19 tmpl=keyboard:pad:QWERTZUI+ASDFGHJK@g2@0 pos=ZPZM | UKWC beta II-III-VI rings=AACU stecker=FG
Hybrid gen 6/16 pop=16 blockB_greeks=0
  gen-best  10/19 (53%) tmpl=keyboard:pad:QWERTZUI+ASDFGHJK@g2@0 IC=0.0446 pos=GOUV | UKWB beta VI-I-VII rings=AAAA stecker=EM HJ
  all-time  10/19 tmpl=keyboard:pad:QWERTZUI+ASDFGHJK@g2@0 pos=GOUV | UKWB beta VI-I-VII rings=AAAA stecker=EM HJ
Hybrid gen 7/16 pop=16 blockB_greeks=0
  gen-best  10/19 (53%) tmpl=keyboard:pad:QWERTZUI+ASDFGHJK@g2@0 IC=0.0446 pos=GOUV | UKWB beta VI-I-VII rings=AAAA stecker=EM HJ
  all-time  10/19 tmpl=keyboard:pad:QWERTZUI+ASDFGHJK@g2@0 pos=GOUV | UKWB beta VI-I-VII rings=AAAA stecker=EM HJ
Hybrid gen 8/16 pop=16 blockB_greeks=0
  gen-best  11/19 (58%) tmpl=keyboard:pad:QWERTZUI+ASDFGHJK@g2@0 IC=0.0336 pos=NFIZ | UKWB gamma III-V-VI rings=AACU stecker=AS BO DT GU HI LP MW NX VY
  all-time  11/19 tmpl=keyboard:pad:QWERTZUI+ASDFGHJK@g2@0 pos=NFIZ | UKWB gamma III-V-VI rings=AACU stecker=AS BO DT GU HI LP MW NX VY
Hybrid gen 9/16 pop=16 blockB_greeks=0
  gen-best  11/19 (58%) tmpl=keyboard:pad:QWERTZUI+ASDFGHJK@g2@0 IC=0.0336 pos=NFIZ | UKWB gamma III-V-VI rings=AACU stecker=AS BO DT GU HI LP MW NX VY
  all-time  11/19 tmpl=keyboard:pad:QWERTZUI+ASDFGHJK@g2@0 pos=NFIZ | UKWB gamma III-V-VI rings=AACU stecker=AS BO DT GU HI LP MW NX VY
Hybrid gen 10/16 pop=16 blockB_greeks=0
  gen-best  11/19 (58%) tmpl=keyboard:pad:QWERTZUI+ASDFGHJK@g2@0 IC=0.0336 pos=NFIZ | UKWB gamma III-V-VI rings=AACU stecker=AS BO DT GU HI LP MW NX VY
  all-time  11/19 tmpl=keyboard:pad:QWERTZUI+ASDFGHJK@g2@0 pos=NFIZ | UKWB gamma III-V-VI rings=AACU stecker=AS BO DT GU HI LP MW NX VY
Hybrid gen 11/16 pop=16 blockB_greeks=0
  gen-best  11/19 (58%) tmpl=keyboard:pad:QWERTZUI+ASDFGHJK@g2@0 IC=0.0336 pos=NFIZ | UKWB gamma III-V-VI rings=AACU stecker=AS BO DT GU HI LP MW NX VY
  all-time  11/19 tmpl=keyboard:pad:QWERTZUI+ASDFGHJK@g2@0 pos=NFIZ | UKWB gamma III-V-VI rings=AACU stecker=AS BO DT GU HI LP MW NX VY
Hybrid gen 12/16 pop=16 blockB_greeks=0
  gen-best  11/19 (58%) tmpl=keyboard:pad:QWERTZUI+ASDFGHJK@g2@0 IC=0.0336 pos=NFIZ | UKWB gamma III-V-VI rings=AACU stecker=AS BO DT GU HI LP MW NX VY
  all-time  11/19 tmpl=keyboard:pad:QWERTZUI+ASDFGHJK@g2@0 pos=NFIZ | UKWB gamma III-V-VI rings=AACU stecker=AS BO DT GU HI LP MW NX VY
Hybrid gen 13/16 pop=16 blockB_greeks=0
  gen-best  11/19 (58%) tmpl=keyboard:pad:QWERTZUI+ASDFGHJK@g2@0 IC=0.0336 pos=NFIZ | UKWB gamma III-V-VI rings=AACU stecker=AS BO DT GU HI LP MW NX VY
  all-time  11/19 tmpl=keyboard:pad:QWERTZUI+ASDFGHJK@g2@0 pos=NFIZ | UKWB gamma III-V-VI rings=AACU stecker=AS BO DT GU HI LP MW NX VY
Hybrid gen 14/16 pop=16 blockB_greeks=0
  gen-best  11/19 (58%) tmpl=keyboard:pad:QWERTZUI+ASDFGHJK@g2@0 IC=0.0336 pos=NFIZ | UKWB gamma III-V-VI rings=AACU stecker=AS BO DT GU HI LP MW NX VY
  all-time  11/19 tmpl=keyboard:pad:QWERTZUI+ASDFGHJK@g2@0 pos=NFIZ | UKWB gamma III-V-VI rings=AACU stecker=AS BO DT GU HI LP MW NX VY
Hybrid gen 15/16 pop=16 blockB_greeks=0
  gen-best  11/19 (58%) tmpl=keyboard:pad:QWERTZUI+ASDFGHJK@g2@0 IC=0.0336 pos=NFIZ | UKWB gamma III-V-VI rings=AACU stecker=AS BO DT GU HI LP MW NX VY
  all-time  11/19 tmpl=keyboard:pad:QWERTZUI+ASDFGHJK@g2@0 pos=NFIZ | UKWB gamma III-V-VI rings=AACU stecker=AS BO DT GU HI LP MW NX VY
Hybrid gen 16/16 pop=16 blockB_greeks=0
  gen-best  11/19 (58%) tmpl=keyboard:pad:QWERTZUI+ASDFGHJK@g2@0 IC=0.0336 pos=NFIZ | UKWB gamma III-V-VI rings=AACU stecker=AS BO DT GU HI LP MW NX VY
  all-time  11/19 tmpl=keyboard:pad:QWERTZUI+ASDFGHJK@g2@0 pos=NFIZ | UKWB gamma III-V-VI rings=AACU stecker=AS BO DT GU HI LP MW NX VY
ASIC datapath backend: Metal-cleartext-KPA (B=17576 cleartext lanes/Greek)
Stochastic templates: 1 (constrained 19…19)
Shell evolution: ON freeRings=false WO=126 ringSeeds=2 subspace=naval-two-notch-right
Block B Greeks (fixed): (none) — fitness higher=better (KPA letter-match)
Hybrid gen 1/16 pop=16 blockB_greeks=0
  gen-best  8/19 (42%) tmpl=keyboard:pad:QWERTZUI+ASDFGHJK@g2@1 IC=0.0360 pos=SPTD | UKWB gamma II-V-VII rings=AAAA stecker=BM DQ EV FN GH IR JX LW SY UZ
  all-time  8/19 tmpl=keyboard:pad:QWERTZUI+ASDFGHJK@g2@1 pos=SPTD | UKWB gamma II-V-VII rings=AAAA stecker=BM DQ EV FN GH IR JX LW SY UZ
Hybrid gen 2/16 pop=16 blockB_greeks=0
  gen-best  8/19 (42%) tmpl=keyboard:pad:QWERTZUI+ASDFGHJK@g2@1 IC=0.0360 pos=SPTD | UKWB gamma II-V-VII rings=AAAA stecker=BM DQ EV FN GH IR JX LW SY UZ
  all-time  8/19 tmpl=keyboard:pad:QWERTZUI+ASDFGHJK@g2@1 pos=SPTD | UKWB gamma II-V-VII rings=AAAA stecker=BM DQ EV FN GH IR JX LW SY UZ
Hybrid gen 3/16 pop=16 blockB_greeks=0
  gen-best  8/19 (42%) tmpl=keyboard:pad:QWERTZUI+ASDFGHJK@g2@1 IC=0.0360 pos=SPTD | UKWB gamma II-V-VII rings=AAAA stecker=BM DQ EV FN GH IR JX LW SY UZ
  all-time  8/19 tmpl=keyboard:pad:QWERTZUI+ASDFGHJK@g2@1 pos=SPTD | UKWB gamma II-V-VII rings=AAAA stecker=BM DQ EV FN GH IR JX LW SY UZ
Hybrid gen 4/16 pop=16 blockB_greeks=0
  gen-best  9/19 (47%) tmpl=keyboard:pad:QWERTZUI+ASDFGHJK@g2@1 IC=0.0379 pos=ZOYZ | UKWB gamma I-II-VI rings=AACA stecker=BL EJ FN OS PZ QW
  all-time  9/19 tmpl=keyboard:pad:QWERTZUI+ASDFGHJK@g2@1 pos=ZOYZ | UKWB gamma I-II-VI rings=AACA stecker=BL EJ FN OS PZ QW
Hybrid gen 5/16 pop=16 blockB_greeks=0
  gen-best  9/19 (47%) tmpl=keyboard:pad:QWERTZUI+ASDFGHJK@g2@1 IC=0.0379 pos=ZOYZ | UKWB gamma I-II-VI rings=AACA stecker=BL EJ FN OS PZ QW
  all-time  9/19 tmpl=keyboard:pad:QWERTZUI+ASDFGHJK@g2@1 pos=ZOYZ | UKWB gamma I-II-VI rings=AACA stecker=BL EJ FN OS PZ QW
Hybrid gen 6/16 pop=16 blockB_greeks=0
  gen-best  10/19 (53%) tmpl=keyboard:pad:QWERTZUI+ASDFGHJK@g2@1 IC=0.0387 pos=ZOYZ | UKWB gamma I-II-VI rings=AACA stecker=BL DH EJ FN OS PZ QW
  all-time  10/19 tmpl=keyboard:pad:QWERTZUI+ASDFGHJK@g2@1 pos=ZOYZ | UKWB gamma I-II-VI rings=AACA stecker=BL DH EJ FN OS PZ QW
Hybrid gen 7/16 pop=16 blockB_greeks=0
  gen-best  10/19 (53%) tmpl=keyboard:pad:QWERTZUI+ASDFGHJK@g2@1 IC=0.0387 pos=ZOYZ | UKWB gamma I-II-VI rings=AACA stecker=BL DH EJ FN OS PZ QW
  all-time  10/19 tmpl=keyboard:pad:QWERTZUI+ASDFGHJK@g2@1 pos=ZOYZ | UKWB gamma I-II-VI rings=AACA stecker=BL DH EJ FN OS PZ QW
Hybrid gen 8/16 pop=16 blockB_greeks=0
  gen-best  10/19 (53%) tmpl=keyboard:pad:QWERTZUI+ASDFGHJK@g2@1 IC=0.0387 pos=ZOYZ | UKWB gamma I-II-VI rings=AACA stecker=BL DH EJ FN OS PZ QW
  all-time  10/19 tmpl=keyboard:pad:QWERTZUI+ASDFGHJK@g2@1 pos=ZOYZ | UKWB gamma I-II-VI rings=AACA stecker=BL DH EJ FN OS PZ QW
Hybrid gen 9/16 pop=16 blockB_greeks=0
  gen-best  11/19 (58%) tmpl=keyboard:pad:QWERTZUI+ASDFGHJK@g2@1 IC=0.0352 pos=ZOYZ | UKWB gamma I-II-VI rings=AACA stecker=BL DH EJ FN IK OS PZ QW
  all-time  11/19 tmpl=keyboard:pad:QWERTZUI+ASDFGHJK@g2@1 pos=ZOYZ | UKWB gamma I-II-VI rings=AACA stecker=BL DH EJ FN IK OS PZ QW
Hybrid gen 10/16 pop=16 blockB_greeks=0
  gen-best  11/19 (58%) tmpl=keyboard:pad:QWERTZUI+ASDFGHJK@g2@1 IC=0.0352 pos=ZOYZ | UKWB gamma I-II-VI rings=AACA stecker=BL DH EJ FN IK OS PZ QW
  all-time  11/19 tmpl=keyboard:pad:QWERTZUI+ASDFGHJK@g2@1 pos=ZOYZ | UKWB gamma I-II-VI rings=AACA stecker=BL DH EJ FN IK OS PZ QW
Hybrid gen 11/16 pop=16 blockB_greeks=0
  gen-best  11/19 (58%) tmpl=keyboard:pad:QWERTZUI+ASDFGHJK@g2@1 IC=0.0352 pos=ZOYZ | UKWB gamma I-II-VI rings=AACA stecker=BL DH EJ FN IK OS PZ QW
  all-time  11/19 tmpl=keyboard:pad:QWERTZUI+ASDFGHJK@g2@1 pos=ZOYZ | UKWB gamma I-II-VI rings=AACA stecker=BL DH EJ FN IK OS PZ QW
Hybrid gen 12/16 pop=16 blockB_greeks=0
  gen-best  11/19 (58%) tmpl=keyboard:pad:QWERTZUI+ASDFGHJK@g2@1 IC=0.0352 pos=ZOYZ | UKWB gamma I-II-VI rings=AACA stecker=BL DH EJ FN IK OS PZ QW
  all-time  11/19 tmpl=keyboard:pad:QWERTZUI+ASDFGHJK@g2@1 pos=ZOYZ | UKWB gamma I-II-VI rings=AACA stecker=BL DH EJ FN IK OS PZ QW
Hybrid gen 13/16 pop=16 blockB_greeks=0
  gen-best  11/19 (58%) tmpl=keyboard:pad:QWERTZUI+ASDFGHJK@g2@1 IC=0.0352 pos=ZOYZ | UKWB gamma I-II-VI rings=AACA stecker=BL DH EJ FN IK OS PZ QW
  all-time  11/19 tmpl=keyboard:pad:QWERTZUI+ASDFGHJK@g2@1 pos=ZOYZ | UKWB gamma I-II-VI rings=AACA stecker=BL DH EJ FN IK OS PZ QW
Hybrid gen 14/16 pop=16 blockB_greeks=0
  gen-best  11/19 (58%) tmpl=keyboard:pad:QWERTZUI+ASDFGHJK@g2@1 IC=0.0352 pos=ZOYZ | UKWB gamma I-II-VI rings=AACA stecker=BL DH EJ FN IK OS PZ QW
  all-time  11/19 tmpl=keyboard:pad:QWERTZUI+ASDFGHJK@g2@1 pos=ZOYZ | UKWB gamma I-II-VI rings=AACA stecker=BL DH EJ FN IK OS PZ QW
Hybrid gen 15/16 pop=16 blockB_greeks=0
  gen-best  11/19 (58%) tmpl=keyboard:pad:QWERTZUI+ASDFGHJK@g2@1 IC=0.0352 pos=ZOYZ | UKWB gamma I-II-VI rings=AACA stecker=BL DH EJ FN IK OS PZ QW
  all-time  11/19 tmpl=keyboard:pad:QWERTZUI+ASDFGHJK@g2@1 pos=ZOYZ | UKWB gamma I-II-VI rings=AACA stecker=BL DH EJ FN IK OS PZ QW
Hybrid gen 16/16 pop=16 blockB_greeks=0
  gen-best  11/19 (58%) tmpl=keyboard:pad:QWERTZUI+ASDFGHJK@g2@1 IC=0.0352 pos=ZOYZ | UKWB gamma I-II-VI rings=AACA stecker=BL DH EJ FN IK OS PZ QW
  all-time  11/19 tmpl=keyboard:pad:QWERTZUI+ASDFGHJK@g2@1 pos=ZOYZ | UKWB gamma I-II-VI rings=AACA stecker=BL DH EJ FN IK OS PZ QW
ASIC datapath backend: Metal-cleartext-KPA (B=17576 cleartext lanes/Greek)
Stochastic templates: 1 (constrained 19…19)
Shell evolution: ON freeRings=false WO=126 ringSeeds=2 subspace=naval-two-notch-right
Block B Greeks (fixed): (none) — fitness higher=better (KPA letter-match)
Hybrid gen 1/16 pop=16 blockB_greeks=0
  gen-best  7/19 (37%) tmpl=keyboard:pad:QWERTZUI+ASDFGHJK@g4@0 IC=0.0333 pos=BNAV | UKWB gamma I-II-VI rings=AAAA stecker=(none)
  all-time  7/19 tmpl=keyboard:pad:QWERTZUI+ASDFGHJK@g4@0 pos=BNAV | UKWB gamma I-II-VI rings=AAAA stecker=(none)
Hybrid gen 2/16 pop=16 blockB_greeks=0
  gen-best  8/19 (42%) tmpl=keyboard:pad:QWERTZUI+ASDFGHJK@g4@0 IC=0.0407 pos=BZTD | UKWB gamma I-II-VI rings=AAAA stecker=YZ
  all-time  8/19 tmpl=keyboard:pad:QWERTZUI+ASDFGHJK@g4@0 pos=BZTD | UKWB gamma I-II-VI rings=AAAA stecker=YZ
Hybrid gen 3/16 pop=16 blockB_greeks=0
  gen-best  9/19 (47%) tmpl=keyboard:pad:QWERTZUI+ASDFGHJK@g4@0 IC=0.0348 pos=DSCL | UKWC beta III-VII-VIII rings=AACU stecker=AF CI DM GW HO JX KY LT NZ
  all-time  9/19 tmpl=keyboard:pad:QWERTZUI+ASDFGHJK@g4@0 pos=DSCL | UKWC beta III-VII-VIII rings=AACU stecker=AF CI DM GW HO JX KY LT NZ
Hybrid gen 4/16 pop=16 blockB_greeks=0
  gen-best  9/19 (47%) tmpl=keyboard:pad:QWERTZUI+ASDFGHJK@g4@0 IC=0.0348 pos=DSCL | UKWC beta III-VII-VIII rings=AACU stecker=AF CI DM GW HO JX KY LT NZ
  all-time  9/19 tmpl=keyboard:pad:QWERTZUI+ASDFGHJK@g4@0 pos=DSCL | UKWC beta III-VII-VIII rings=AACU stecker=AF CI DM GW HO JX KY LT NZ
Hybrid gen 5/16 pop=16 blockB_greeks=0
  gen-best  9/19 (47%) tmpl=keyboard:pad:QWERTZUI+ASDFGHJK@g4@0 IC=0.0348 pos=DSCL | UKWC beta III-VII-VIII rings=AACU stecker=AF CI DM GW HO JX KY LT NZ
  all-time  9/19 tmpl=keyboard:pad:QWERTZUI+ASDFGHJK@g4@0 pos=DSCL | UKWC beta III-VII-VIII rings=AACU stecker=AF CI DM GW HO JX KY LT NZ
Hybrid gen 6/16 pop=16 blockB_greeks=0
  gen-best  10/19 (53%) tmpl=keyboard:pad:QWERTZUI+ASDFGHJK@g4@0 IC=0.0352 pos=DSCL | UKWC beta III-VII-VIII rings=AACU stecker=AF CI DM GW HO JX KY LT NZ QR
  all-time  10/19 tmpl=keyboard:pad:QWERTZUI+ASDFGHJK@g4@0 pos=DSCL | UKWC beta III-VII-VIII rings=AACU stecker=AF CI DM GW HO JX KY LT NZ QR
Hybrid gen 7/16 pop=16 blockB_greeks=0
  gen-best  10/19 (53%) tmpl=keyboard:pad:QWERTZUI+ASDFGHJK@g4@0 IC=0.0352 pos=DSCL | UKWC beta III-VII-VIII rings=AACU stecker=AF CI DM GW HO JX KY LT NZ QR
  all-time  10/19 tmpl=keyboard:pad:QWERTZUI+ASDFGHJK@g4@0 pos=DSCL | UKWC beta III-VII-VIII rings=AACU stecker=AF CI DM GW HO JX KY LT NZ QR
Hybrid gen 8/16 pop=16 blockB_greeks=0
  gen-best  10/19 (53%) tmpl=keyboard:pad:QWERTZUI+ASDFGHJK@g4@0 IC=0.0352 pos=DSCL | UKWC beta III-VII-VIII rings=AACU stecker=AF CI DM GW HO JX KY LT NZ QR
  all-time  10/19 tmpl=keyboard:pad:QWERTZUI+ASDFGHJK@g4@0 pos=DSCL | UKWC beta III-VII-VIII rings=AACU stecker=AF CI DM GW HO JX KY LT NZ QR
Hybrid gen 9/16 pop=16 blockB_greeks=0
  gen-best  10/19 (53%) tmpl=keyboard:pad:QWERTZUI+ASDFGHJK@g4@0 IC=0.0352 pos=DSCL | UKWC beta III-VII-VIII rings=AACU stecker=AF CI DM GW HO JX KY LT NZ QR
  all-time  10/19 tmpl=keyboard:pad:QWERTZUI+ASDFGHJK@g4@0 pos=DSCL | UKWC beta III-VII-VIII rings=AACU stecker=AF CI DM GW HO JX KY LT NZ QR
Hybrid gen 10/16 pop=16 blockB_greeks=0
  gen-best  10/19 (53%) tmpl=keyboard:pad:QWERTZUI+ASDFGHJK@g4@0 IC=0.0352 pos=DSCL | UKWC beta III-VII-VIII rings=AACU stecker=AF CI DM GW HO JX KY LT NZ QR
  all-time  10/19 tmpl=keyboard:pad:QWERTZUI+ASDFGHJK@g4@0 pos=DSCL | UKWC beta III-VII-VIII rings=AACU stecker=AF CI DM GW HO JX KY LT NZ QR
Hybrid gen 11/16 pop=16 blockB_greeks=0
  gen-best  10/19 (53%) tmpl=keyboard:pad:QWERTZUI+ASDFGHJK@g4@0 IC=0.0352 pos=DSCL | UKWC beta III-VII-VIII rings=AACU stecker=AF CI DM GW HO JX KY LT NZ QR
  all-time  10/19 tmpl=keyboard:pad:QWERTZUI+ASDFGHJK@g4@0 pos=DSCL | UKWC beta III-VII-VIII rings=AACU stecker=AF CI DM GW HO JX KY LT NZ QR
Hybrid gen 12/16 pop=16 blockB_greeks=0
  gen-best  10/19 (53%) tmpl=keyboard:pad:QWERTZUI+ASDFGHJK@g4@0 IC=0.0352 pos=DSCL | UKWC beta III-VII-VIII rings=AACU stecker=AF CI DM GW HO JX KY LT NZ QR
  all-time  10/19 tmpl=keyboard:pad:QWERTZUI+ASDFGHJK@g4@0 pos=DSCL | UKWC beta III-VII-VIII rings=AACU stecker=AF CI DM GW HO JX KY LT NZ QR
Hybrid gen 13/16 pop=16 blockB_greeks=0
  gen-best  10/19 (53%) tmpl=keyboard:pad:QWERTZUI+ASDFGHJK@g4@0 IC=0.0352 pos=DSCL | UKWC beta III-VII-VIII rings=AACU stecker=AF CI DM GW HO JX KY LT NZ QR
  all-time  10/19 tmpl=keyboard:pad:QWERTZUI+ASDFGHJK@g4@0 pos=DSCL | UKWC beta III-VII-VIII rings=AACU stecker=AF CI DM GW HO JX KY LT NZ QR
Hybrid gen 14/16 pop=16 blockB_greeks=0
  gen-best  10/19 (53%) tmpl=keyboard:pad:QWERTZUI+ASDFGHJK@g4@0 IC=0.0352 pos=DSCL | UKWC beta III-VII-VIII rings=AACU stecker=AF CI DM GW HO JX KY LT NZ QR
  all-time  10/19 tmpl=keyboard:pad:QWERTZUI+ASDFGHJK@g4@0 pos=DSCL | UKWC beta III-VII-VIII rings=AACU stecker=AF CI DM GW HO JX KY LT NZ QR
Hybrid gen 15/16 pop=16 blockB_greeks=0
  gen-best  10/19 (53%) tmpl=keyboard:pad:QWERTZUI+ASDFGHJK@g4@0 IC=0.0352 pos=DSCL | UKWC beta III-VII-VIII rings=AACU stecker=AF CI DM GW HO JX KY LT NZ QR
  all-time  10/19 tmpl=keyboard:pad:QWERTZUI+ASDFGHJK@g4@0 pos=DSCL | UKWC beta III-VII-VIII rings=AACU stecker=AF CI DM GW HO JX KY LT NZ QR
Hybrid gen 16/16 pop=16 blockB_greeks=0
  gen-best  10/19 (53%) tmpl=keyboard:pad:QWERTZUI+ASDFGHJK@g4@0 IC=0.0352 pos=DSCL | UKWC beta III-VII-VIII rings=AACU stecker=AF CI DM GW HO JX KY LT NZ QR
  all-time  10/19 tmpl=keyboard:pad:QWERTZUI+ASDFGHJK@g4@0 pos=DSCL | UKWC beta III-VII-VIII rings=AACU stecker=AF CI DM GW HO JX KY LT NZ QR
ASIC datapath backend: Metal-cleartext-KPA (B=17576 cleartext lanes/Greek)
Stochastic templates: 1 (constrained 19…19)
Shell evolution: ON freeRings=false WO=126 ringSeeds=2 subspace=naval-two-notch-right
Block B Greeks (fixed): (none) — fitness higher=better (KPA letter-match)
Hybrid gen 1/16 pop=16 blockB_greeks=0
  gen-best  8/19 (42%) tmpl=keyboard:pad:QWERTZUI+YXCVBNML@g4@1 IC=0.0411 pos=QZGH | UKWB beta VIII-V-VII rings=AAAA stecker=DG IN JM KQ LU OZ
  all-time  8/19 tmpl=keyboard:pad:QWERTZUI+YXCVBNML@g4@1 pos=QZGH | UKWB beta VIII-V-VII rings=AAAA stecker=DG IN JM KQ LU OZ
Hybrid gen 2/16 pop=16 blockB_greeks=0
  gen-best  9/19 (47%) tmpl=keyboard:pad:QWERTZUI+YXCVBNML@g4@1 IC=0.0395 pos=BCMQ | UKWC gamma V-III-VI rings=AACU stecker=AY BT CR DG JO LS MZ
  all-time  9/19 tmpl=keyboard:pad:QWERTZUI+YXCVBNML@g4@1 pos=BCMQ | UKWC gamma V-III-VI rings=AACU stecker=AY BT CR DG JO LS MZ
Hybrid gen 3/16 pop=16 blockB_greeks=0
  gen-best  9/19 (47%) tmpl=keyboard:pad:QWERTZUI+YXCVBNML@g4@1 IC=0.0395 pos=BCMQ | UKWC gamma V-III-VI rings=AACU stecker=AY BT CR DG JO LS MZ
  all-time  9/19 tmpl=keyboard:pad:QWERTZUI+YXCVBNML@g4@1 pos=BCMQ | UKWC gamma V-III-VI rings=AACU stecker=AY BT CR DG JO LS MZ
Hybrid gen 4/16 pop=16 blockB_greeks=0
  gen-best  9/19 (47%) tmpl=keyboard:pad:QWERTZUI+YXCVBNML@g4@1 IC=0.0395 pos=BCMQ | UKWC gamma V-III-VI rings=AACU stecker=AY BT CR DG JO LS MZ
  all-time  9/19 tmpl=keyboard:pad:QWERTZUI+YXCVBNML@g4@1 pos=BCMQ | UKWC gamma V-III-VI rings=AACU stecker=AY BT CR DG JO LS MZ
Hybrid gen 5/16 pop=16 blockB_greeks=0
  gen-best  10/19 (53%) tmpl=keyboard:pad:QWERTZUI+YXCVBNML@g4@1 IC=0.0336 pos=AMLZ | UKWB beta II-V-VI rings=AACU stecker=AK CL FU IM NP WY
  all-time  10/19 tmpl=keyboard:pad:QWERTZUI+YXCVBNML@g4@1 pos=AMLZ | UKWB beta II-V-VI rings=AACU stecker=AK CL FU IM NP WY
Hybrid gen 6/16 pop=16 blockB_greeks=0
  gen-best  10/19 (53%) tmpl=keyboard:pad:QWERTZUI+YXCVBNML@g4@1 IC=0.0336 pos=AMLZ | UKWB beta II-V-VI rings=AACU stecker=AK CL FU IM NP WY
  all-time  10/19 tmpl=keyboard:pad:QWERTZUI+YXCVBNML@g4@1 pos=AMLZ | UKWB beta II-V-VI rings=AACU stecker=AK CL FU IM NP WY
Hybrid gen 7/16 pop=16 blockB_greeks=0
  gen-best  10/19 (53%) tmpl=keyboard:pad:QWERTZUI+YXCVBNML@g4@1 IC=0.0336 pos=AMLZ | UKWB beta II-V-VI rings=AACU stecker=AK CL FU IM NP WY
  all-time  10/19 tmpl=keyboard:pad:QWERTZUI+YXCVBNML@g4@1 pos=AMLZ | UKWB beta II-V-VI rings=AACU stecker=AK CL FU IM NP WY
Hybrid gen 8/16 pop=16 blockB_greeks=0
  gen-best  10/19 (53%) tmpl=keyboard:pad:QWERTZUI+YXCVBNML@g4@1 IC=0.0336 pos=AMLZ | UKWB beta II-V-VI rings=AACU stecker=AK CL FU IM NP WY
  all-time  10/19 tmpl=keyboard:pad:QWERTZUI+YXCVBNML@g4@1 pos=AMLZ | UKWB beta II-V-VI rings=AACU stecker=AK CL FU IM NP WY
Hybrid gen 9/16 pop=16 blockB_greeks=0
  gen-best  10/19 (53%) tmpl=keyboard:pad:QWERTZUI+YXCVBNML@g4@1 IC=0.0336 pos=AMLZ | UKWB beta II-V-VI rings=AACU stecker=AK CL FU IM NP WY
  all-time  10/19 tmpl=keyboard:pad:QWERTZUI+YXCVBNML@g4@1 pos=AMLZ | UKWB beta II-V-VI rings=AACU stecker=AK CL FU IM NP WY
Hybrid gen 10/16 pop=16 blockB_greeks=0
  gen-best  10/19 (53%) tmpl=keyboard:pad:QWERTZUI+YXCVBNML@g4@1 IC=0.0336 pos=AMLZ | UKWB beta II-V-VI rings=AACU stecker=AK CL FU IM NP WY
  all-time  10/19 tmpl=keyboard:pad:QWERTZUI+YXCVBNML@g4@1 pos=AMLZ | UKWB beta II-V-VI rings=AACU stecker=AK CL FU IM NP WY
Hybrid gen 11/16 pop=16 blockB_greeks=0
  gen-best  10/19 (53%) tmpl=keyboard:pad:QWERTZUI+YXCVBNML@g4@1 IC=0.0336 pos=AMLZ | UKWB beta II-V-VI rings=AACU stecker=AK CL FU IM NP WY
  all-time  10/19 tmpl=keyboard:pad:QWERTZUI+YXCVBNML@g4@1 pos=AMLZ | UKWB beta II-V-VI rings=AACU stecker=AK CL FU IM NP WY
Hybrid gen 12/16 pop=16 blockB_greeks=0
  gen-best  10/19 (53%) tmpl=keyboard:pad:QWERTZUI+YXCVBNML@g4@1 IC=0.0336 pos=AMLZ | UKWB beta II-V-VI rings=AACU stecker=AK CL FU IM NP WY
  all-time  10/19 tmpl=keyboard:pad:QWERTZUI+YXCVBNML@g4@1 pos=AMLZ | UKWB beta II-V-VI rings=AACU stecker=AK CL FU IM NP WY
Hybrid gen 13/16 pop=16 blockB_greeks=0
  gen-best  10/19 (53%) tmpl=keyboard:pad:QWERTZUI+YXCVBNML@g4@1 IC=0.0336 pos=AMLZ | UKWB beta II-V-VI rings=AACU stecker=AK CL FU IM NP WY
  all-time  10/19 tmpl=keyboard:pad:QWERTZUI+YXCVBNML@g4@1 pos=AMLZ | UKWB beta II-V-VI rings=AACU stecker=AK CL FU IM NP WY
Hybrid gen 14/16 pop=16 blockB_greeks=0
  gen-best  10/19 (53%) tmpl=keyboard:pad:QWERTZUI+YXCVBNML@g4@1 IC=0.0336 pos=AMLZ | UKWB beta II-V-VI rings=AACU stecker=AK CL FU IM NP WY
  all-time  10/19 tmpl=keyboard:pad:QWERTZUI+YXCVBNML@g4@1 pos=AMLZ | UKWB beta II-V-VI rings=AACU stecker=AK CL FU IM NP WY
Hybrid gen 15/16 pop=16 blockB_greeks=0
  gen-best  11/19 (58%) tmpl=keyboard:pad:QWERTZUI+YXCVBNML@g4@1 IC=0.0352 pos=AMLZ | UKWB beta II-V-VI rings=AACU stecker=AK CL EO FU IM NP WY
  all-time  11/19 tmpl=keyboard:pad:QWERTZUI+YXCVBNML@g4@1 pos=AMLZ | UKWB beta II-V-VI rings=AACU stecker=AK CL EO FU IM NP WY
Hybrid gen 16/16 pop=16 blockB_greeks=0
  gen-best  11/19 (58%) tmpl=keyboard:pad:QWERTZUI+YXCVBNML@g4@1 IC=0.0352 pos=AMLZ | UKWB beta II-V-VI rings=AACU stecker=AK CL EO FU IM NP WY
  all-time  11/19 tmpl=keyboard:pad:QWERTZUI+YXCVBNML@g4@1 pos=AMLZ | UKWB beta II-V-VI rings=AACU stecker=AK CL EO FU IM NP WY
ASIC datapath backend: Metal-cleartext-KPA (B=17576 cleartext lanes/Greek)
Stochastic templates: 1 (constrained 19…19)
Shell evolution: ON freeRings=false WO=126 ringSeeds=2 subspace=naval-two-notch-right
Block B Greeks (fixed): (none) — fitness higher=better (KPA letter-match)
Hybrid gen 1/16 pop=16 blockB_greeks=0
  gen-best  8/19 (42%) tmpl=kurzsignal:pad:KURZSIGX+AABBCCDD@g2@2 IC=0.0391 pos=MVLM | UKWC beta VII-VI-VIII rings=AACU stecker=AY DW FO IZ JP LN SX
  all-time  8/19 tmpl=kurzsignal:pad:KURZSIGX+AABBCCDD@g2@2 pos=MVLM | UKWC beta VII-VI-VIII rings=AACU stecker=AY DW FO IZ JP LN SX
Hybrid gen 2/16 pop=16 blockB_greeks=0
  gen-best  8/19 (42%) tmpl=kurzsignal:pad:KURZSIGX+AABBCCDD@g2@2 IC=0.0391 pos=MVLM | UKWC beta VII-VI-VIII rings=AACU stecker=AY DW FO IZ JP LN SX
  all-time  8/19 tmpl=kurzsignal:pad:KURZSIGX+AABBCCDD@g2@2 pos=MVLM | UKWC beta VII-VI-VIII rings=AACU stecker=AY DW FO IZ JP LN SX
Hybrid gen 3/16 pop=16 blockB_greeks=0
  gen-best  9/19 (47%) tmpl=kurzsignal:pad:KURZSIGX+AABBCCDD@g2@2 IC=0.0454 pos=KCXN | UKWB gamma I-III-VI rings=AACU stecker=EV GQ IW
  all-time  9/19 tmpl=kurzsignal:pad:KURZSIGX+AABBCCDD@g2@2 pos=KCXN | UKWB gamma I-III-VI rings=AACU stecker=EV GQ IW
Hybrid gen 4/16 pop=16 blockB_greeks=0
  gen-best  9/19 (47%) tmpl=kurzsignal:pad:KURZSIGX+AABBCCDD@g2@2 IC=0.0454 pos=KCXN | UKWB gamma I-III-VI rings=AACU stecker=EV GQ IW
  all-time  9/19 tmpl=kurzsignal:pad:KURZSIGX+AABBCCDD@g2@2 pos=KCXN | UKWB gamma I-III-VI rings=AACU stecker=EV GQ IW
Hybrid gen 5/16 pop=16 blockB_greeks=0
  gen-best  9/19 (47%) tmpl=kurzsignal:pad:KURZSIGX+AABBCCDD@g2@2 IC=0.0454 pos=KCXN | UKWB gamma I-III-VI rings=AACU stecker=EV GQ IW
  all-time  9/19 tmpl=kurzsignal:pad:KURZSIGX+AABBCCDD@g2@2 pos=KCXN | UKWB gamma I-III-VI rings=AACU stecker=EV GQ IW
Hybrid gen 6/16 pop=16 blockB_greeks=0
  gen-best  9/19 (47%) tmpl=kurzsignal:pad:KURZSIGX+AABBCCDD@g2@2 IC=0.0454 pos=KCXN | UKWB gamma I-III-VI rings=AACU stecker=EV GQ IW
  all-time  9/19 tmpl=kurzsignal:pad:KURZSIGX+AABBCCDD@g2@2 pos=KCXN | UKWB gamma I-III-VI rings=AACU stecker=EV GQ IW
Hybrid gen 7/16 pop=16 blockB_greeks=0
  gen-best  10/19 (53%) tmpl=kurzsignal:pad:KURZSIGX+AABBCCDD@g2@2 IC=0.0454 pos=KCXN | UKWB gamma I-III-VI rings=AACU stecker=EV GQ RW
  all-time  10/19 tmpl=kurzsignal:pad:KURZSIGX+AABBCCDD@g2@2 pos=KCXN | UKWB gamma I-III-VI rings=AACU stecker=EV GQ RW
Hybrid gen 8/16 pop=16 blockB_greeks=0
  gen-best  10/19 (53%) tmpl=kurzsignal:pad:KURZSIGX+AABBCCDD@g2@2 IC=0.0454 pos=KCXN | UKWB gamma I-III-VI rings=AACU stecker=EV GQ RW
  all-time  10/19 tmpl=kurzsignal:pad:KURZSIGX+AABBCCDD@g2@2 pos=KCXN | UKWB gamma I-III-VI rings=AACU stecker=EV GQ RW
Hybrid gen 9/16 pop=16 blockB_greeks=0
  gen-best  10/19 (53%) tmpl=kurzsignal:pad:KURZSIGX+AABBCCDD@g2@2 IC=0.0454 pos=KCXN | UKWB gamma I-III-VI rings=AACU stecker=EV GQ RW
  all-time  10/19 tmpl=kurzsignal:pad:KURZSIGX+AABBCCDD@g2@2 pos=KCXN | UKWB gamma I-III-VI rings=AACU stecker=EV GQ RW
Hybrid gen 10/16 pop=16 blockB_greeks=0
  gen-best  10/19 (53%) tmpl=kurzsignal:pad:KURZSIGX+AABBCCDD@g2@2 IC=0.0454 pos=KCXN | UKWB gamma I-III-VI rings=AACU stecker=EV GQ RW
  all-time  10/19 tmpl=kurzsignal:pad:KURZSIGX+AABBCCDD@g2@2 pos=KCXN | UKWB gamma I-III-VI rings=AACU stecker=EV GQ RW
Hybrid gen 11/16 pop=16 blockB_greeks=0
  gen-best  10/19 (53%) tmpl=kurzsignal:pad:KURZSIGX+AABBCCDD@g2@2 IC=0.0454 pos=KCXN | UKWB gamma I-III-VI rings=AACU stecker=EV GQ RW
  all-time  10/19 tmpl=kurzsignal:pad:KURZSIGX+AABBCCDD@g2@2 pos=KCXN | UKWB gamma I-III-VI rings=AACU stecker=EV GQ RW
Hybrid gen 12/16 pop=16 blockB_greeks=0
  gen-best  10/19 (53%) tmpl=kurzsignal:pad:KURZSIGX+AABBCCDD@g2@2 IC=0.0454 pos=KCXN | UKWB gamma I-III-VI rings=AACU stecker=EV GQ RW
  all-time  10/19 tmpl=kurzsignal:pad:KURZSIGX+AABBCCDD@g2@2 pos=KCXN | UKWB gamma I-III-VI rings=AACU stecker=EV GQ RW
Hybrid gen 13/16 pop=16 blockB_greeks=0
  gen-best  10/19 (53%) tmpl=kurzsignal:pad:KURZSIGX+AABBCCDD@g2@2 IC=0.0454 pos=KCXN | UKWB gamma I-III-VI rings=AACU stecker=EV GQ RW
  all-time  10/19 tmpl=kurzsignal:pad:KURZSIGX+AABBCCDD@g2@2 pos=KCXN | UKWB gamma I-III-VI rings=AACU stecker=EV GQ RW
Hybrid gen 14/16 pop=16 blockB_greeks=0
  gen-best  10/19 (53%) tmpl=kurzsignal:pad:KURZSIGX+AABBCCDD@g2@2 IC=0.0454 pos=KCXN | UKWB gamma I-III-VI rings=AACU stecker=EV GQ RW
  all-time  10/19 tmpl=kurzsignal:pad:KURZSIGX+AABBCCDD@g2@2 pos=KCXN | UKWB gamma I-III-VI rings=AACU stecker=EV GQ RW
Hybrid gen 15/16 pop=16 blockB_greeks=0
  gen-best  10/19 (53%) tmpl=kurzsignal:pad:KURZSIGX+AABBCCDD@g2@2 IC=0.0454 pos=KCXN | UKWB gamma I-III-VI rings=AACU stecker=EV GQ RW
  all-time  10/19 tmpl=kurzsignal:pad:KURZSIGX+AABBCCDD@g2@2 pos=KCXN | UKWB gamma I-III-VI rings=AACU stecker=EV GQ RW
Hybrid gen 16/16 pop=16 blockB_greeks=0
  gen-best  11/19 (58%) tmpl=kurzsignal:pad:KURZSIGX+AABBCCDD@g2@2 IC=0.0446 pos=KCXN | UKWB gamma I-III-VI rings=AACU stecker=EV GQ JN RW
  all-time  11/19 tmpl=kurzsignal:pad:KURZSIGX+AABBCCDD@g2@2 pos=KCXN | UKWB gamma I-III-VI rings=AACU stecker=EV GQ JN RW
ASIC datapath backend: Metal-cleartext-KPA (B=17576 cleartext lanes/Greek)
Stochastic templates: 1 (constrained 19…19)
Shell evolution: ON freeRings=false WO=126 ringSeeds=2 subspace=naval-two-notch-right
Block B Greeks (fixed): (none) — fitness higher=better (KPA letter-match)
Hybrid gen 1/16 pop=16 blockB_greeks=0
  gen-best  8/19 (42%) tmpl=kurzsignal:pad:KURZSIGX+AABBCCDD@g4@2 IC=0.0379 pos=MZEP | UKWC beta I-V-VI rings=AACU stecker=DY EF HJ KZ LU NO WX
  all-time  8/19 tmpl=kurzsignal:pad:KURZSIGX+AABBCCDD@g4@2 pos=MZEP | UKWC beta I-V-VI rings=AACU stecker=DY EF HJ KZ LU NO WX
Hybrid gen 2/16 pop=16 blockB_greeks=0
  gen-best  10/19 (53%) tmpl=kurzsignal:pad:KURZSIGX+AABBCCDD@g4@2 IC=0.0383 pos=MZEP | UKWC beta I-V-VI rings=AACU stecker=DY EF GQ KZ LU NO WX
  all-time  10/19 tmpl=kurzsignal:pad:KURZSIGX+AABBCCDD@g4@2 pos=MZEP | UKWC beta I-V-VI rings=AACU stecker=DY EF GQ KZ LU NO WX
Hybrid gen 3/16 pop=16 blockB_greeks=0
  gen-best  10/19 (53%) tmpl=kurzsignal:pad:KURZSIGX+AABBCCDD@g4@2 IC=0.0383 pos=MZEP | UKWC beta I-V-VI rings=AACU stecker=DY EF GQ KZ LU NO WX
  all-time  10/19 tmpl=kurzsignal:pad:KURZSIGX+AABBCCDD@g4@2 pos=MZEP | UKWC beta I-V-VI rings=AACU stecker=DY EF GQ KZ LU NO WX
Hybrid gen 4/16 pop=16 blockB_greeks=0
  gen-best  11/19 (58%) tmpl=kurzsignal:pad:KURZSIGX+AABBCCDD@g4@2 IC=0.0399 pos=MZEP | UKWC beta I-V-VI rings=AACU stecker=AI DY EF GQ KZ LU NO WX
  all-time  11/19 tmpl=kurzsignal:pad:KURZSIGX+AABBCCDD@g4@2 pos=MZEP | UKWC beta I-V-VI rings=AACU stecker=AI DY EF GQ KZ LU NO WX
Hybrid gen 5/16 pop=16 blockB_greeks=0
  gen-best  11/19 (58%) tmpl=kurzsignal:pad:KURZSIGX+AABBCCDD@g4@2 IC=0.0399 pos=MZEP | UKWC beta I-V-VI rings=AACU stecker=AI DY EF GQ KZ LU NO WX
  all-time  11/19 tmpl=kurzsignal:pad:KURZSIGX+AABBCCDD@g4@2 pos=MZEP | UKWC beta I-V-VI rings=AACU stecker=AI DY EF GQ KZ LU NO WX
Hybrid gen 6/16 pop=16 blockB_greeks=0
  gen-best  11/19 (58%) tmpl=kurzsignal:pad:KURZSIGX+AABBCCDD@g4@2 IC=0.0399 pos=MZEP | UKWC beta I-V-VI rings=AACU stecker=AI DY EF GQ KZ LU NO WX
  all-time  11/19 tmpl=kurzsignal:pad:KURZSIGX+AABBCCDD@g4@2 pos=MZEP | UKWC beta I-V-VI rings=AACU stecker=AI DY EF GQ KZ LU NO WX
Hybrid gen 7/16 pop=16 blockB_greeks=0
  gen-best  11/19 (58%) tmpl=kurzsignal:pad:KURZSIGX+AABBCCDD@g4@2 IC=0.0399 pos=MZEP | UKWC beta I-V-VI rings=AACU stecker=AI DY EF GQ KZ LU NO WX
  all-time  11/19 tmpl=kurzsignal:pad:KURZSIGX+AABBCCDD@g4@2 pos=MZEP | UKWC beta I-V-VI rings=AACU stecker=AI DY EF GQ KZ LU NO WX
Hybrid gen 8/16 pop=16 blockB_greeks=0
  gen-best  11/19 (58%) tmpl=kurzsignal:pad:KURZSIGX+AABBCCDD@g4@2 IC=0.0399 pos=MZEP | UKWC beta I-V-VI rings=AACU stecker=AI DY EF GQ KZ LU NO WX
  all-time  11/19 tmpl=kurzsignal:pad:KURZSIGX+AABBCCDD@g4@2 pos=MZEP | UKWC beta I-V-VI rings=AACU stecker=AI DY EF GQ KZ LU NO WX
Hybrid gen 9/16 pop=16 blockB_greeks=0
  gen-best  11/19 (58%) tmpl=kurzsignal:pad:KURZSIGX+AABBCCDD@g4@2 IC=0.0399 pos=MZEP | UKWC beta I-V-VI rings=AACU stecker=AI DY EF GQ KZ LU NO WX
  all-time  11/19 tmpl=kurzsignal:pad:KURZSIGX+AABBCCDD@g4@2 pos=MZEP | UKWC beta I-V-VI rings=AACU stecker=AI DY EF GQ KZ LU NO WX
Hybrid gen 10/16 pop=16 blockB_greeks=0
  gen-best  11/19 (58%) tmpl=kurzsignal:pad:KURZSIGX+AABBCCDD@g4@2 IC=0.0399 pos=MZEP | UKWC beta I-V-VI rings=AACU stecker=AI DY EF GQ KZ LU NO WX
  all-time  11/19 tmpl=kurzsignal:pad:KURZSIGX+AABBCCDD@g4@2 pos=MZEP | UKWC beta I-V-VI rings=AACU stecker=AI DY EF GQ KZ LU NO WX
Hybrid gen 11/16 pop=16 blockB_greeks=0
  gen-best  11/19 (58%) tmpl=kurzsignal:pad:KURZSIGX+AABBCCDD@g4@2 IC=0.0399 pos=MZEP | UKWC beta I-V-VI rings=AACU stecker=AI DY EF GQ KZ LU NO WX
  all-time  11/19 tmpl=kurzsignal:pad:KURZSIGX+AABBCCDD@g4@2 pos=MZEP | UKWC beta I-V-VI rings=AACU stecker=AI DY EF GQ KZ LU NO WX
Hybrid gen 12/16 pop=16 blockB_greeks=0
  gen-best  11/19 (58%) tmpl=kurzsignal:pad:KURZSIGX+AABBCCDD@g4@2 IC=0.0399 pos=MZEP | UKWC beta I-V-VI rings=AACU stecker=AI DY EF GQ KZ LU NO WX
  all-time  11/19 tmpl=kurzsignal:pad:KURZSIGX+AABBCCDD@g4@2 pos=MZEP | UKWC beta I-V-VI rings=AACU stecker=AI DY EF GQ KZ LU NO WX
Hybrid gen 13/16 pop=16 blockB_greeks=0
  gen-best  11/19 (58%) tmpl=kurzsignal:pad:KURZSIGX+AABBCCDD@g4@2 IC=0.0399 pos=MZEP | UKWC beta I-V-VI rings=AACU stecker=AI DY EF GQ KZ LU NO WX
  all-time  11/19 tmpl=kurzsignal:pad:KURZSIGX+AABBCCDD@g4@2 pos=MZEP | UKWC beta I-V-VI rings=AACU stecker=AI DY EF GQ KZ LU NO WX
Hybrid gen 14/16 pop=16 blockB_greeks=0
  gen-best  11/19 (58%) tmpl=kurzsignal:pad:KURZSIGX+AABBCCDD@g4@2 IC=0.0399 pos=MZEP | UKWC beta I-V-VI rings=AACU stecker=AI DY EF GQ KZ LU NO WX
  all-time  11/19 tmpl=kurzsignal:pad:KURZSIGX+AABBCCDD@g4@2 pos=MZEP | UKWC beta I-V-VI rings=AACU stecker=AI DY EF GQ KZ LU NO WX
Hybrid gen 15/16 pop=16 blockB_greeks=0
  gen-best  11/19 (58%) tmpl=kurzsignal:pad:KURZSIGX+AABBCCDD@g4@2 IC=0.0399 pos=MZEP | UKWC beta I-V-VI rings=AACU stecker=AI DY EF GQ KZ LU NO WX
  all-time  11/19 tmpl=kurzsignal:pad:KURZSIGX+AABBCCDD@g4@2 pos=MZEP | UKWC beta I-V-VI rings=AACU stecker=AI DY EF GQ KZ LU NO WX
Hybrid gen 16/16 pop=16 blockB_greeks=0
  gen-best  11/19 (58%) tmpl=kurzsignal:pad:KURZSIGX+AABBCCDD@g4@2 IC=0.0399 pos=MZEP | UKWC beta I-V-VI rings=AACU stecker=AI DY EF GQ KZ LU NO WX
  all-time  11/19 tmpl=kurzsignal:pad:KURZSIGX+AABBCCDD@g4@2 pos=MZEP | UKWC beta I-V-VI rings=AACU stecker=AI DY EF GQ KZ LU NO WX
ASIC datapath backend: Metal-cleartext-KPA (B=17576 cleartext lanes/Greek)
Stochastic templates: 1 (constrained 19…19)
Shell evolution: ON freeRings=false WO=126 ringSeeds=2 subspace=naval-two-notch-right
Block B Greeks (fixed): (none) — fitness higher=better (KPA letter-match)
Hybrid gen 1/16 pop=16 blockB_greeks=0
  gen-best  9/19 (47%) tmpl=kurzsignal:pad:KURZSIGX+KURZSIGN@g2@2 IC=0.0348 pos=GPKD | UKWC beta VI-II-VII rings=AAAA stecker=BI CO MP NY RS
  all-time  9/19 tmpl=kurzsignal:pad:KURZSIGX+KURZSIGN@g2@2 pos=GPKD | UKWC beta VI-II-VII rings=AAAA stecker=BI CO MP NY RS
Hybrid gen 2/16 pop=16 blockB_greeks=0
  gen-best  9/19 (47%) tmpl=kurzsignal:pad:KURZSIGX+KURZSIGN@g2@2 IC=0.0348 pos=GPKD | UKWC beta VI-II-VII rings=AAAA stecker=BI CO MP NY RS
  all-time  9/19 tmpl=kurzsignal:pad:KURZSIGX+KURZSIGN@g2@2 pos=GPKD | UKWC beta VI-II-VII rings=AAAA stecker=BI CO MP NY RS
Hybrid gen 3/16 pop=16 blockB_greeks=0
  gen-best  9/19 (47%) tmpl=kurzsignal:pad:KURZSIGX+KURZSIGN@g2@2 IC=0.0348 pos=GPKD | UKWC beta VI-II-VII rings=AAAA stecker=BI CO MP NY RS
  all-time  9/19 tmpl=kurzsignal:pad:KURZSIGX+KURZSIGN@g2@2 pos=GPKD | UKWC beta VI-II-VII rings=AAAA stecker=BI CO MP NY RS
Hybrid gen 4/16 pop=16 blockB_greeks=0
  gen-best  9/19 (47%) tmpl=kurzsignal:pad:KURZSIGX+KURZSIGN@g2@2 IC=0.0348 pos=GPKD | UKWC beta VI-II-VII rings=AAAA stecker=BI CO MP NY RS
  all-time  9/19 tmpl=kurzsignal:pad:KURZSIGX+KURZSIGN@g2@2 pos=GPKD | UKWC beta VI-II-VII rings=AAAA stecker=BI CO MP NY RS
Hybrid gen 5/16 pop=16 blockB_greeks=0
  gen-best  9/19 (47%) tmpl=kurzsignal:pad:KURZSIGX+KURZSIGN@g2@2 IC=0.0348 pos=GPKD | UKWC beta VI-II-VII rings=AAAA stecker=BI CO MP NY RS
  all-time  9/19 tmpl=kurzsignal:pad:KURZSIGX+KURZSIGN@g2@2 pos=GPKD | UKWC beta VI-II-VII rings=AAAA stecker=BI CO MP NY RS
Hybrid gen 6/16 pop=16 blockB_greeks=0
  gen-best  9/19 (47%) tmpl=kurzsignal:pad:KURZSIGX+KURZSIGN@g2@2 IC=0.0348 pos=GPKD | UKWC beta VI-II-VII rings=AAAA stecker=BI CO MP NY RS
  all-time  9/19 tmpl=kurzsignal:pad:KURZSIGX+KURZSIGN@g2@2 pos=GPKD | UKWC beta VI-II-VII rings=AAAA stecker=BI CO MP NY RS
Hybrid gen 7/16 pop=16 blockB_greeks=0
  gen-best  9/19 (47%) tmpl=kurzsignal:pad:KURZSIGX+KURZSIGN@g2@2 IC=0.0348 pos=GPKD | UKWC beta VI-II-VII rings=AAAA stecker=BI CO MP NY RS
  all-time  9/19 tmpl=kurzsignal:pad:KURZSIGX+KURZSIGN@g2@2 pos=GPKD | UKWC beta VI-II-VII rings=AAAA stecker=BI CO MP NY RS
Hybrid gen 8/16 pop=16 blockB_greeks=0
  gen-best  9/19 (47%) tmpl=kurzsignal:pad:KURZSIGX+KURZSIGN@g2@2 IC=0.0348 pos=GPKD | UKWC beta VI-II-VII rings=AAAA stecker=BI CO MP NY RS
  all-time  9/19 tmpl=kurzsignal:pad:KURZSIGX+KURZSIGN@g2@2 pos=GPKD | UKWC beta VI-II-VII rings=AAAA stecker=BI CO MP NY RS
Hybrid gen 9/16 pop=16 blockB_greeks=0
  gen-best  9/19 (47%) tmpl=kurzsignal:pad:KURZSIGX+KURZSIGN@g2@2 IC=0.0348 pos=GPKD | UKWC beta VI-II-VII rings=AAAA stecker=BI CO MP NY RS
  all-time  9/19 tmpl=kurzsignal:pad:KURZSIGX+KURZSIGN@g2@2 pos=GPKD | UKWC beta VI-II-VII rings=AAAA stecker=BI CO MP NY RS
Hybrid gen 10/16 pop=16 blockB_greeks=0
  gen-best  10/19 (53%) tmpl=kurzsignal:pad:KURZSIGX+KURZSIGN@g2@2 IC=0.0462 pos=BABW | UKWC beta VI-II-VII rings=AAAA stecker=CO JV MP NY RS
  all-time  10/19 tmpl=kurzsignal:pad:KURZSIGX+KURZSIGN@g2@2 pos=BABW | UKWC beta VI-II-VII rings=AAAA stecker=CO JV MP NY RS
Hybrid gen 11/16 pop=16 blockB_greeks=0
  gen-best  10/19 (53%) tmpl=kurzsignal:pad:KURZSIGX+KURZSIGN@g2@2 IC=0.0462 pos=BABW | UKWC beta VI-II-VII rings=AAAA stecker=CO JV MP NY RS
  all-time  10/19 tmpl=kurzsignal:pad:KURZSIGX+KURZSIGN@g2@2 pos=BABW | UKWC beta VI-II-VII rings=AAAA stecker=CO JV MP NY RS
Hybrid gen 12/16 pop=16 blockB_greeks=0
  gen-best  10/19 (53%) tmpl=kurzsignal:pad:KURZSIGX+KURZSIGN@g2@2 IC=0.0462 pos=BABW | UKWC beta VI-II-VII rings=AAAA stecker=CO JV MP NY RS
  all-time  10/19 tmpl=kurzsignal:pad:KURZSIGX+KURZSIGN@g2@2 pos=BABW | UKWC beta VI-II-VII rings=AAAA stecker=CO JV MP NY RS
Hybrid gen 13/16 pop=16 blockB_greeks=0
  gen-best  10/19 (53%) tmpl=kurzsignal:pad:KURZSIGX+KURZSIGN@g2@2 IC=0.0462 pos=BABW | UKWC beta VI-II-VII rings=AAAA stecker=CO JV MP NY RS
  all-time  10/19 tmpl=kurzsignal:pad:KURZSIGX+KURZSIGN@g2@2 pos=BABW | UKWC beta VI-II-VII rings=AAAA stecker=CO JV MP NY RS
Hybrid gen 14/16 pop=16 blockB_greeks=0
  gen-best  10/19 (53%) tmpl=kurzsignal:pad:KURZSIGX+KURZSIGN@g2@2 IC=0.0462 pos=BABW | UKWC beta VI-II-VII rings=AAAA stecker=CO JV MP NY RS
  all-time  10/19 tmpl=kurzsignal:pad:KURZSIGX+KURZSIGN@g2@2 pos=BABW | UKWC beta VI-II-VII rings=AAAA stecker=CO JV MP NY RS
Hybrid gen 15/16 pop=16 blockB_greeks=0
  gen-best  10/19 (53%) tmpl=kurzsignal:pad:KURZSIGX+KURZSIGN@g2@2 IC=0.0462 pos=BABW | UKWC beta VI-II-VII rings=AAAA stecker=CO JV MP NY RS
  all-time  10/19 tmpl=kurzsignal:pad:KURZSIGX+KURZSIGN@g2@2 pos=BABW | UKWC beta VI-II-VII rings=AAAA stecker=CO JV MP NY RS
Hybrid gen 16/16 pop=16 blockB_greeks=0
  gen-best  10/19 (53%) tmpl=kurzsignal:pad:KURZSIGX+KURZSIGN@g2@2 IC=0.0462 pos=BABW | UKWC beta VI-II-VII rings=AAAA stecker=CO JV MP NY RS
  all-time  10/19 tmpl=kurzsignal:pad:KURZSIGX+KURZSIGN@g2@2 pos=BABW | UKWC beta VI-II-VII rings=AAAA stecker=CO JV MP NY RS
ASIC datapath backend: Metal-cleartext-KPA (B=17576 cleartext lanes/Greek)
Stochastic templates: 1 (constrained 19…19)
Shell evolution: ON freeRings=false WO=126 ringSeeds=2 subspace=naval-two-notch-right
Block B Greeks (fixed): (none) — fitness higher=better (KPA letter-match)
Hybrid gen 1/16 pop=16 blockB_greeks=0
  gen-best  7/19 (37%) tmpl=kurzsignal:pad:KURZSIGX+POSITION@g2@2 IC=0.0336 pos=DNDK | UKWB gamma I-II-VI rings=AAAA stecker=(none)
  all-time  7/19 tmpl=kurzsignal:pad:KURZSIGX+POSITION@g2@2 pos=DNDK | UKWB gamma I-II-VI rings=AAAA stecker=(none)
Hybrid gen 2/16 pop=16 blockB_greeks=0
  gen-best  8/19 (42%) tmpl=kurzsignal:pad:KURZSIGX+POSITION@g2@2 IC=0.0368 pos=SMIC | UKWB gamma VII-III-VI rings=AACU stecker=AP BF CE DH GJ KV LO NU XZ
  all-time  8/19 tmpl=kurzsignal:pad:KURZSIGX+POSITION@g2@2 pos=SMIC | UKWB gamma VII-III-VI rings=AACU stecker=AP BF CE DH GJ KV LO NU XZ
Hybrid gen 3/16 pop=16 blockB_greeks=0
  gen-best  8/19 (42%) tmpl=kurzsignal:pad:KURZSIGX+POSITION@g2@2 IC=0.0368 pos=SMIC | UKWB gamma VII-III-VI rings=AACU stecker=AP BF CE DH GJ KV LO NU XZ
  all-time  8/19 tmpl=kurzsignal:pad:KURZSIGX+POSITION@g2@2 pos=SMIC | UKWB gamma VII-III-VI rings=AACU stecker=AP BF CE DH GJ KV LO NU XZ
Hybrid gen 4/16 pop=16 blockB_greeks=0
  gen-best  8/19 (42%) tmpl=kurzsignal:pad:KURZSIGX+POSITION@g2@2 IC=0.0368 pos=SMIC | UKWB gamma VII-III-VI rings=AACU stecker=AP BF CE DH GJ KV LO NU XZ
  all-time  8/19 tmpl=kurzsignal:pad:KURZSIGX+POSITION@g2@2 pos=SMIC | UKWB gamma VII-III-VI rings=AACU stecker=AP BF CE DH GJ KV LO NU XZ
Hybrid gen 5/16 pop=16 blockB_greeks=0
  gen-best  8/19 (42%) tmpl=kurzsignal:pad:KURZSIGX+POSITION@g2@2 IC=0.0368 pos=SMIC | UKWB gamma VII-III-VI rings=AACU stecker=AP BF CE DH GJ KV LO NU XZ
  all-time  8/19 tmpl=kurzsignal:pad:KURZSIGX+POSITION@g2@2 pos=SMIC | UKWB gamma VII-III-VI rings=AACU stecker=AP BF CE DH GJ KV LO NU XZ
Hybrid gen 6/16 pop=16 blockB_greeks=0
  gen-best  8/19 (42%) tmpl=kurzsignal:pad:KURZSIGX+POSITION@g2@2 IC=0.0368 pos=SMIC | UKWB gamma VII-III-VI rings=AACU stecker=AP BF CE DH GJ KV LO NU XZ
  all-time  8/19 tmpl=kurzsignal:pad:KURZSIGX+POSITION@g2@2 pos=SMIC | UKWB gamma VII-III-VI rings=AACU stecker=AP BF CE DH GJ KV LO NU XZ
Hybrid gen 7/16 pop=16 blockB_greeks=0
  gen-best  9/19 (47%) tmpl=kurzsignal:pad:KURZSIGX+POSITION@g2@2 IC=0.0352 pos=WSDO | UKWB beta III-IV-VI rings=AAAA stecker=AD BG CS FR HO
  all-time  9/19 tmpl=kurzsignal:pad:KURZSIGX+POSITION@g2@2 pos=WSDO | UKWB beta III-IV-VI rings=AAAA stecker=AD BG CS FR HO
Hybrid gen 8/16 pop=16 blockB_greeks=0
  gen-best  9/19 (47%) tmpl=kurzsignal:pad:KURZSIGX+POSITION@g2@2 IC=0.0352 pos=WSDO | UKWB beta III-IV-VI rings=AAAA stecker=AD BG CS FR HO
  all-time  9/19 tmpl=kurzsignal:pad:KURZSIGX+POSITION@g2@2 pos=WSDO | UKWB beta III-IV-VI rings=AAAA stecker=AD BG CS FR HO
Hybrid gen 9/16 pop=16 blockB_greeks=0
  gen-best  9/19 (47%) tmpl=kurzsignal:pad:KURZSIGX+POSITION@g2@2 IC=0.0352 pos=WSDO | UKWB beta III-IV-VI rings=AAAA stecker=AD BG CS FR HO
  all-time  9/19 tmpl=kurzsignal:pad:KURZSIGX+POSITION@g2@2 pos=WSDO | UKWB beta III-IV-VI rings=AAAA stecker=AD BG CS FR HO
Hybrid gen 10/16 pop=16 blockB_greeks=0
  gen-best  9/19 (47%) tmpl=kurzsignal:pad:KURZSIGX+POSITION@g2@2 IC=0.0352 pos=WSDO | UKWB beta III-IV-VI rings=AAAA stecker=AD BG CS FR HO
  all-time  9/19 tmpl=kurzsignal:pad:KURZSIGX+POSITION@g2@2 pos=WSDO | UKWB beta III-IV-VI rings=AAAA stecker=AD BG CS FR HO
Hybrid gen 11/16 pop=16 blockB_greeks=0
  gen-best  9/19 (47%) tmpl=kurzsignal:pad:KURZSIGX+POSITION@g2@2 IC=0.0352 pos=WSDO | UKWB beta III-IV-VI rings=AAAA stecker=AD BG CS FR HO
  all-time  9/19 tmpl=kurzsignal:pad:KURZSIGX+POSITION@g2@2 pos=WSDO | UKWB beta III-IV-VI rings=AAAA stecker=AD BG CS FR HO
Hybrid gen 12/16 pop=16 blockB_greeks=0
  gen-best  9/19 (47%) tmpl=kurzsignal:pad:KURZSIGX+POSITION@g2@2 IC=0.0352 pos=WSDO | UKWB beta III-IV-VI rings=AAAA stecker=AD BG CS FR HO
  all-time  9/19 tmpl=kurzsignal:pad:KURZSIGX+POSITION@g2@2 pos=WSDO | UKWB beta III-IV-VI rings=AAAA stecker=AD BG CS FR HO
Hybrid gen 13/16 pop=16 blockB_greeks=0
  gen-best  9/19 (47%) tmpl=kurzsignal:pad:KURZSIGX+POSITION@g2@2 IC=0.0352 pos=WSDO | UKWB beta III-IV-VI rings=AAAA stecker=AD BG CS FR HO
  all-time  9/19 tmpl=kurzsignal:pad:KURZSIGX+POSITION@g2@2 pos=WSDO | UKWB beta III-IV-VI rings=AAAA stecker=AD BG CS FR HO
Hybrid gen 14/16 pop=16 blockB_greeks=0
  gen-best  9/19 (47%) tmpl=kurzsignal:pad:KURZSIGX+POSITION@g2@2 IC=0.0352 pos=WSDO | UKWB beta III-IV-VI rings=AAAA stecker=AD BG CS FR HO
  all-time  9/19 tmpl=kurzsignal:pad:KURZSIGX+POSITION@g2@2 pos=WSDO | UKWB beta III-IV-VI rings=AAAA stecker=AD BG CS FR HO
Hybrid gen 15/16 pop=16 blockB_greeks=0
  gen-best  9/19 (47%) tmpl=kurzsignal:pad:KURZSIGX+POSITION@g2@2 IC=0.0352 pos=WSDO | UKWB beta III-IV-VI rings=AAAA stecker=AD BG CS FR HO
  all-time  9/19 tmpl=kurzsignal:pad:KURZSIGX+POSITION@g2@2 pos=WSDO | UKWB beta III-IV-VI rings=AAAA stecker=AD BG CS FR HO
Hybrid gen 16/16 pop=16 blockB_greeks=0
  gen-best  9/19 (47%) tmpl=kurzsignal:pad:KURZSIGX+POSITION@g2@2 IC=0.0352 pos=WSDO | UKWB beta III-IV-VI rings=AAAA stecker=AD BG CS FR HO
  all-time  9/19 tmpl=kurzsignal:pad:KURZSIGX+POSITION@g2@2 pos=WSDO | UKWB beta III-IV-VI rings=AAAA stecker=AD BG CS FR HO
ASIC datapath backend: Metal-cleartext-KPA (B=17576 cleartext lanes/Greek)
Stochastic templates: 1 (constrained 19…19)
Shell evolution: ON freeRings=false WO=126 ringSeeds=2 subspace=naval-two-notch-right
Block B Greeks (fixed): (none) — fitness higher=better (KPA letter-match)
Hybrid gen 1/16 pop=16 blockB_greeks=0
  gen-best  8/19 (42%) tmpl=kurzsignal:pad:KURZSIGX+POSITION@g4@2 IC=0.0344 pos=WKYO | UKWC beta VII-VIII-VI rings=AACU stecker=RZ
  all-time  8/19 tmpl=kurzsignal:pad:KURZSIGX+POSITION@g4@2 pos=WKYO | UKWC beta VII-VIII-VI rings=AACU stecker=RZ
Hybrid gen 2/16 pop=16 blockB_greeks=0
  gen-best  8/19 (42%) tmpl=kurzsignal:pad:KURZSIGX+POSITION@g4@2 IC=0.0344 pos=WKYO | UKWC beta VII-VIII-VI rings=AACU stecker=RZ
  all-time  8/19 tmpl=kurzsignal:pad:KURZSIGX+POSITION@g4@2 pos=WKYO | UKWC beta VII-VIII-VI rings=AACU stecker=RZ
Hybrid gen 3/16 pop=16 blockB_greeks=0
  gen-best  8/19 (42%) tmpl=kurzsignal:pad:KURZSIGX+POSITION@g4@2 IC=0.0344 pos=WKYO | UKWC beta VII-VIII-VI rings=AACU stecker=RZ
  all-time  8/19 tmpl=kurzsignal:pad:KURZSIGX+POSITION@g4@2 pos=WKYO | UKWC beta VII-VIII-VI rings=AACU stecker=RZ
Hybrid gen 4/16 pop=16 blockB_greeks=0
  gen-best  8/19 (42%) tmpl=kurzsignal:pad:KURZSIGX+POSITION@g4@2 IC=0.0344 pos=WKYO | UKWC beta VII-VIII-VI rings=AACU stecker=RZ
  all-time  8/19 tmpl=kurzsignal:pad:KURZSIGX+POSITION@g4@2 pos=WKYO | UKWC beta VII-VIII-VI rings=AACU stecker=RZ
Hybrid gen 5/16 pop=16 blockB_greeks=0
  gen-best  8/19 (42%) tmpl=kurzsignal:pad:KURZSIGX+POSITION@g4@2 IC=0.0344 pos=WKYO | UKWC beta VII-VIII-VI rings=AACU stecker=RZ
  all-time  8/19 tmpl=kurzsignal:pad:KURZSIGX+POSITION@g4@2 pos=WKYO | UKWC beta VII-VIII-VI rings=AACU stecker=RZ
Hybrid gen 6/16 pop=16 blockB_greeks=0
  gen-best  8/19 (42%) tmpl=kurzsignal:pad:KURZSIGX+POSITION@g4@2 IC=0.0344 pos=WKYO | UKWC beta VII-VIII-VI rings=AACU stecker=RZ
  all-time  8/19 tmpl=kurzsignal:pad:KURZSIGX+POSITION@g4@2 pos=WKYO | UKWC beta VII-VIII-VI rings=AACU stecker=RZ
Hybrid gen 7/16 pop=16 blockB_greeks=0
  gen-best  9/19 (47%) tmpl=kurzsignal:pad:KURZSIGX+POSITION@g4@2 IC=0.0352 pos=EQVT | UKWB gamma IV-V-VI rings=AACU stecker=AB CR DK EG HP IV MZ NO QU SX
  all-time  9/19 tmpl=kurzsignal:pad:KURZSIGX+POSITION@g4@2 pos=EQVT | UKWB gamma IV-V-VI rings=AACU stecker=AB CR DK EG HP IV MZ NO QU SX
Hybrid gen 8/16 pop=16 blockB_greeks=0
  gen-best  9/19 (47%) tmpl=kurzsignal:pad:KURZSIGX+POSITION@g4@2 IC=0.0352 pos=EQVT | UKWB gamma IV-V-VI rings=AACU stecker=AB CR DK EG HP IV MZ NO QU SX
  all-time  9/19 tmpl=kurzsignal:pad:KURZSIGX+POSITION@g4@2 pos=EQVT | UKWB gamma IV-V-VI rings=AACU stecker=AB CR DK EG HP IV MZ NO QU SX
Hybrid gen 9/16 pop=16 blockB_greeks=0
  gen-best  9/19 (47%) tmpl=kurzsignal:pad:KURZSIGX+POSITION@g4@2 IC=0.0352 pos=EQVT | UKWB gamma IV-V-VI rings=AACU stecker=AB CR DK EG HP IV MZ NO QU SX
  all-time  9/19 tmpl=kurzsignal:pad:KURZSIGX+POSITION@g4@2 pos=EQVT | UKWB gamma IV-V-VI rings=AACU stecker=AB CR DK EG HP IV MZ NO QU SX
Hybrid gen 10/16 pop=16 blockB_greeks=0
  gen-best  9/19 (47%) tmpl=kurzsignal:pad:KURZSIGX+POSITION@g4@2 IC=0.0352 pos=EQVT | UKWB gamma IV-V-VI rings=AACU stecker=AB CR DK EG HP IV MZ NO QU SX
  all-time  9/19 tmpl=kurzsignal:pad:KURZSIGX+POSITION@g4@2 pos=EQVT | UKWB gamma IV-V-VI rings=AACU stecker=AB CR DK EG HP IV MZ NO QU SX
Hybrid gen 11/16 pop=16 blockB_greeks=0
  gen-best  9/19 (47%) tmpl=kurzsignal:pad:KURZSIGX+POSITION@g4@2 IC=0.0352 pos=EQVT | UKWB gamma IV-V-VI rings=AACU stecker=AB CR DK EG HP IV MZ NO QU SX
  all-time  9/19 tmpl=kurzsignal:pad:KURZSIGX+POSITION@g4@2 pos=EQVT | UKWB gamma IV-V-VI rings=AACU stecker=AB CR DK EG HP IV MZ NO QU SX
Hybrid gen 12/16 pop=16 blockB_greeks=0
  gen-best  9/19 (47%) tmpl=kurzsignal:pad:KURZSIGX+POSITION@g4@2 IC=0.0352 pos=EQVT | UKWB gamma IV-V-VI rings=AACU stecker=AB CR DK EG HP IV MZ NO QU SX
  all-time  9/19 tmpl=kurzsignal:pad:KURZSIGX+POSITION@g4@2 pos=EQVT | UKWB gamma IV-V-VI rings=AACU stecker=AB CR DK EG HP IV MZ NO QU SX
Hybrid gen 13/16 pop=16 blockB_greeks=0
  gen-best  9/19 (47%) tmpl=kurzsignal:pad:KURZSIGX+POSITION@g4@2 IC=0.0352 pos=EQVT | UKWB gamma IV-V-VI rings=AACU stecker=AB CR DK EG HP IV MZ NO QU SX
  all-time  9/19 tmpl=kurzsignal:pad:KURZSIGX+POSITION@g4@2 pos=EQVT | UKWB gamma IV-V-VI rings=AACU stecker=AB CR DK EG HP IV MZ NO QU SX
Hybrid gen 14/16 pop=16 blockB_greeks=0
  gen-best  9/19 (47%) tmpl=kurzsignal:pad:KURZSIGX+POSITION@g4@2 IC=0.0352 pos=EQVT | UKWB gamma IV-V-VI rings=AACU stecker=AB CR DK EG HP IV MZ NO QU SX
  all-time  9/19 tmpl=kurzsignal:pad:KURZSIGX+POSITION@g4@2 pos=EQVT | UKWB gamma IV-V-VI rings=AACU stecker=AB CR DK EG HP IV MZ NO QU SX
Hybrid gen 15/16 pop=16 blockB_greeks=0
  gen-best  9/19 (47%) tmpl=kurzsignal:pad:KURZSIGX+POSITION@g4@2 IC=0.0352 pos=EQVT | UKWB gamma IV-V-VI rings=AACU stecker=AB CR DK EG HP IV MZ NO QU SX
  all-time  9/19 tmpl=kurzsignal:pad:KURZSIGX+POSITION@g4@2 pos=EQVT | UKWB gamma IV-V-VI rings=AACU stecker=AB CR DK EG HP IV MZ NO QU SX
Hybrid gen 16/16 pop=16 blockB_greeks=0
  gen-best  9/19 (47%) tmpl=kurzsignal:pad:KURZSIGX+POSITION@g4@2 IC=0.0352 pos=EQVT | UKWB gamma IV-V-VI rings=AACU stecker=AB CR DK EG HP IV MZ NO QU SX
  all-time  9/19 tmpl=kurzsignal:pad:KURZSIGX+POSITION@g4@2 pos=EQVT | UKWB gamma IV-V-VI rings=AACU stecker=AB CR DK EG HP IV MZ NO QU SX
ASIC datapath backend: Metal-cleartext-KPA (B=17576 cleartext lanes/Greek)
Stochastic templates: 1 (constrained 19…19)
Shell evolution: ON freeRings=false WO=126 ringSeeds=2 subspace=naval-two-notch-right
Block B Greeks (fixed): (none) — fitness higher=better (KPA letter-match)
Hybrid gen 1/16 pop=16 blockB_greeks=0
  gen-best  9/19 (47%) tmpl=kurzsignal:pad:KURZSIGX+SIGNALGR@g2@2 IC=0.0430 pos=EQXF | UKWC gamma VIII-II-VI rings=AACU stecker=(none)
  all-time  9/19 tmpl=kurzsignal:pad:KURZSIGX+SIGNALGR@g2@2 pos=EQXF | UKWC gamma VIII-II-VI rings=AACU stecker=(none)
Hybrid gen 2/16 pop=16 blockB_greeks=0
  gen-best  9/19 (47%) tmpl=kurzsignal:pad:KURZSIGX+SIGNALGR@g2@2 IC=0.0430 pos=EQXF | UKWC gamma VIII-II-VI rings=AACU stecker=(none)
  all-time  9/19 tmpl=kurzsignal:pad:KURZSIGX+SIGNALGR@g2@2 pos=EQXF | UKWC gamma VIII-II-VI rings=AACU stecker=(none)
Hybrid gen 3/16 pop=16 blockB_greeks=0
  gen-best  9/19 (47%) tmpl=kurzsignal:pad:KURZSIGX+SIGNALGR@g2@2 IC=0.0430 pos=EQXF | UKWC gamma VIII-II-VI rings=AACU stecker=(none)
  all-time  9/19 tmpl=kurzsignal:pad:KURZSIGX+SIGNALGR@g2@2 pos=EQXF | UKWC gamma VIII-II-VI rings=AACU stecker=(none)
Hybrid gen 4/16 pop=16 blockB_greeks=0
  gen-best  10/19 (53%) tmpl=kurzsignal:pad:KURZSIGX+SIGNALGR@g2@2 IC=0.0411 pos=EQXF | UKWC gamma VIII-II-VI rings=AACU stecker=DV NT
  all-time  10/19 tmpl=kurzsignal:pad:KURZSIGX+SIGNALGR@g2@2 pos=EQXF | UKWC gamma VIII-II-VI rings=AACU stecker=DV NT
Hybrid gen 5/16 pop=16 blockB_greeks=0
  gen-best  10/19 (53%) tmpl=kurzsignal:pad:KURZSIGX+SIGNALGR@g2@2 IC=0.0411 pos=EQXF | UKWC gamma VIII-II-VI rings=AACU stecker=DV NT
  all-time  10/19 tmpl=kurzsignal:pad:KURZSIGX+SIGNALGR@g2@2 pos=EQXF | UKWC gamma VIII-II-VI rings=AACU stecker=DV NT
Hybrid gen 6/16 pop=16 blockB_greeks=0
  gen-best  10/19 (53%) tmpl=kurzsignal:pad:KURZSIGX+SIGNALGR@g2@2 IC=0.0411 pos=EQXF | UKWC gamma VIII-II-VI rings=AACU stecker=DV NT
  all-time  10/19 tmpl=kurzsignal:pad:KURZSIGX+SIGNALGR@g2@2 pos=EQXF | UKWC gamma VIII-II-VI rings=AACU stecker=DV NT
Hybrid gen 7/16 pop=16 blockB_greeks=0
  gen-best  10/19 (53%) tmpl=kurzsignal:pad:KURZSIGX+SIGNALGR@g2@2 IC=0.0411 pos=EQXF | UKWC gamma VIII-II-VI rings=AACU stecker=DV NT
  all-time  10/19 tmpl=kurzsignal:pad:KURZSIGX+SIGNALGR@g2@2 pos=EQXF | UKWC gamma VIII-II-VI rings=AACU stecker=DV NT
Hybrid gen 8/16 pop=16 blockB_greeks=0
  gen-best  10/19 (53%) tmpl=kurzsignal:pad:KURZSIGX+SIGNALGR@g2@2 IC=0.0411 pos=EQXF | UKWC gamma VIII-II-VI rings=AACU stecker=DV NT
  all-time  10/19 tmpl=kurzsignal:pad:KURZSIGX+SIGNALGR@g2@2 pos=EQXF | UKWC gamma VIII-II-VI rings=AACU stecker=DV NT
Hybrid gen 9/16 pop=16 blockB_greeks=0
  gen-best  10/19 (53%) tmpl=kurzsignal:pad:KURZSIGX+SIGNALGR@g2@2 IC=0.0411 pos=EQXF | UKWC gamma VIII-II-VI rings=AACU stecker=DV NT
  all-time  10/19 tmpl=kurzsignal:pad:KURZSIGX+SIGNALGR@g2@2 pos=EQXF | UKWC gamma VIII-II-VI rings=AACU stecker=DV NT
Hybrid gen 10/16 pop=16 blockB_greeks=0
  gen-best  11/19 (58%) tmpl=kurzsignal:pad:KURZSIGX+SIGNALGR@g2@2 IC=0.0442 pos=EQXF | UKWC gamma VIII-II-VI rings=AACU stecker=AO DV
  all-time  11/19 tmpl=kurzsignal:pad:KURZSIGX+SIGNALGR@g2@2 pos=EQXF | UKWC gamma VIII-II-VI rings=AACU stecker=AO DV
Hybrid gen 11/16 pop=16 blockB_greeks=0
  gen-best  11/19 (58%) tmpl=kurzsignal:pad:KURZSIGX+SIGNALGR@g2@2 IC=0.0442 pos=EQXF | UKWC gamma VIII-II-VI rings=AACU stecker=AO DV
  all-time  11/19 tmpl=kurzsignal:pad:KURZSIGX+SIGNALGR@g2@2 pos=EQXF | UKWC gamma VIII-II-VI rings=AACU stecker=AO DV
Hybrid gen 12/16 pop=16 blockB_greeks=0
  gen-best  12/19 (63%) tmpl=kurzsignal:pad:KURZSIGX+SIGNALGR@g2@2 IC=0.0411 pos=EQXF | UKWC gamma VIII-II-VI rings=AACU stecker=AO DV NT
  all-time  12/19 tmpl=kurzsignal:pad:KURZSIGX+SIGNALGR@g2@2 pos=EQXF | UKWC gamma VIII-II-VI rings=AACU stecker=AO DV NT
Hybrid gen 13/16 pop=16 blockB_greeks=0
  gen-best  12/19 (63%) tmpl=kurzsignal:pad:KURZSIGX+SIGNALGR@g2@2 IC=0.0411 pos=EQXF | UKWC gamma VIII-II-VI rings=AACU stecker=AO DV NT
  all-time  12/19 tmpl=kurzsignal:pad:KURZSIGX+SIGNALGR@g2@2 pos=EQXF | UKWC gamma VIII-II-VI rings=AACU stecker=AO DV NT
Hybrid gen 14/16 pop=16 blockB_greeks=0
  gen-best  12/19 (63%) tmpl=kurzsignal:pad:KURZSIGX+SIGNALGR@g2@2 IC=0.0411 pos=EQXF | UKWC gamma VIII-II-VI rings=AACU stecker=AO DV NT
  all-time  12/19 tmpl=kurzsignal:pad:KURZSIGX+SIGNALGR@g2@2 pos=EQXF | UKWC gamma VIII-II-VI rings=AACU stecker=AO DV NT
Hybrid gen 15/16 pop=16 blockB_greeks=0
  gen-best  13/19 (68%) tmpl=kurzsignal:pad:KURZSIGX+SIGNALGR@g2@2 IC=0.0423 pos=EQXF | UKWC gamma VIII-II-VI rings=AACU stecker=AO BH DV NT
  all-time  13/19 tmpl=kurzsignal:pad:KURZSIGX+SIGNALGR@g2@2 pos=EQXF | UKWC gamma VIII-II-VI rings=AACU stecker=AO BH DV NT
Hybrid gen 16/16 pop=16 blockB_greeks=0
  gen-best  13/19 (68%) tmpl=kurzsignal:pad:KURZSIGX+SIGNALGR@g2@2 IC=0.0423 pos=EQXF | UKWC gamma VIII-II-VI rings=AACU stecker=AO BH DV NT
  all-time  13/19 tmpl=kurzsignal:pad:KURZSIGX+SIGNALGR@g2@2 pos=EQXF | UKWC gamma VIII-II-VI rings=AACU stecker=AO BH DV NT
HELUT — Stochastic Bombe vs P1030680 [RIGOR]
Ciphertext: JCRSAJTGSJEYEXYKKZZSHVUOCTRFRCRPFVYPLKPPLGRHVVBBTBRSXSWXGGTYTVKQNGSCHVGF
Fitness: match RATIO (×1000 + absolute); halt on exact constrained match
Survivor bar: ratio ≥ 80% AND ≥ noiseFloor + 10%
Templates: Fixtures/p1030680_stochastic_weather.json → 21 masks (constrained 16…24)
  [20] keyboard:pad:ASDFGHJK+QWERTZUI@g2@1
  [20] keyboard:pad:QWERTZUI+ABCDEFGH@g2@0
  [20] keyboard:pad:QWERTZUI+ABCDEFGH@g2@1
  [20] keyboard:pad:QWERTZUI+ABCDEFGH@g4@0
  [20] keyboard:pad:QWERTZUI+POIUZTRE@g2@0
  [20] keyboard:pad:QWERTZUI+POIUZTRE@g2@1
  [20] keyboard:pad:QWERTZUI+POIUZTRE@g4@0
  [20] keyboard:pad:QWERTZUI+QWERTZUI@g2@1
  [19] keyboard:pad:ASDFGHJK+ASDFGHJK@g2@0
  [19] keyboard:pad:ASDFGHJK+ASDFGHJK@g2@1
  [19] keyboard:pad:ASDFGHJK+ASDFGHJK@g4@0
  [19] keyboard:pad:QWERTZUI+ASDFGHJK@g2@0
  [19] keyboard:pad:QWERTZUI+ASDFGHJK@g2@1
  [19] keyboard:pad:QWERTZUI+ASDFGHJK@g4@0
  [19] keyboard:pad:QWERTZUI+YXCVBNML@g4@1
  [19] kurzsignal:pad:KURZSIGX+AABBCCDD@g2@2
  [19] kurzsignal:pad:KURZSIGX+AABBCCDD@g4@2
  [19] kurzsignal:pad:KURZSIGX+KURZSIGN@g2@2
  [19] kurzsignal:pad:KURZSIGX+POSITION@g2@2
  [19] kurzsignal:pad:KURZSIGX+POSITION@g4@2
  [19] kurzsignal:pad:KURZSIGX+SIGNALGR@g2@2
Subspaces: potsdam, two-notch
GA: pop=16 gens=16 hill=16 noiseSamples=12 evolveShell=true freeRings=false

════════ subspace potsdam-neighbourhood (WO=6) ════════
——— [potsdam-neighbourhood] 1/21 keyboard:pad:ASDFGHJK+QWERTZUI@g2@1 (20) ———
  noiseFloor: 8/20 (40%) over 12 random shells
  → 12/20 (60%) noise=40% Δ=+20% reject pos=POLC IC=0.0383
    UKWC gamma III-VIII-IV rings=AACU stecker=AJ CY FZ HO IX KQ LU MV PT RS
——— [potsdam-neighbourhood] 2/21 keyboard:pad:QWERTZUI+ABCDEFGH@g2@0 (20) ———
  noiseFloor: 8/20 (40%) over 12 random shells
  → 11/20 (55%) noise=40% Δ=+15% reject pos=LOGD IC=0.0442
    UKWB gamma III-IV-VIII rings=AACU stecker=AB CZ GW HM IV LQ OR TY
——— [potsdam-neighbourhood] 3/21 keyboard:pad:QWERTZUI+ABCDEFGH@g2@1 (20) ———
  noiseFloor: 7/20 (35%) over 12 random shells
  → 13/20 (65%) noise=35% Δ=+30% reject pos=AIYP IC=0.0407
    UKWC gamma III-VIII-IV rings=AAAA stecker=AS BN CR DY FU IK OX TV
——— [potsdam-neighbourhood] 4/21 keyboard:pad:QWERTZUI+ABCDEFGH@g4@0 (20) ———
  noiseFloor: 8/20 (40%) over 12 random shells
  → 10/20 (50%) noise=40% Δ=+10% reject pos=RDIK IC=0.0325
    UKWC beta IV-III-VIII rings=AACU stecker=AF BP DY EL GR HJ NX OU VZ
——— [potsdam-neighbourhood] 5/21 keyboard:pad:QWERTZUI+POIUZTRE@g2@0 (20) ———
  noiseFloor: 8/20 (40%) over 12 random shells
  → 12/20 (60%) noise=40% Δ=+20% reject pos=THMJ IC=0.0426
    UKWC gamma IV-VIII-III rings=AACU stecker=AO CF GT JZ MQ RV UX
——— [potsdam-neighbourhood] 6/21 keyboard:pad:QWERTZUI+POIUZTRE@g2@1 (20) ———
  noiseFloor: 7/20 (35%) over 12 random shells
  → 9/20 (45%) noise=35% Δ=+10% reject pos=XWIH IC=0.0344
    UKWB beta IV-III-VIII rings=AAAU stecker=CP DK EN LZ OR SV UW
——— [potsdam-neighbourhood] 7/21 keyboard:pad:QWERTZUI+POIUZTRE@g4@0 (20) ———
  noiseFloor: 8/20 (40%) over 12 random shells
  → 10/20 (50%) noise=40% Δ=+10% reject pos=UZKX IC=0.0387
    UKWC gamma VIII-III-IV rings=AACU stecker=AO CW DU FJ HM IS KX NQ
——— [potsdam-neighbourhood] 8/21 keyboard:pad:QWERTZUI+QWERTZUI@g2@1 (20) ———
  noiseFloor: 9/20 (45%) over 12 random shells
  → 10/20 (50%) noise=45% Δ=+5% reject pos=ONTD IC=0.0352
    UKWC gamma III-VIII-IV rings=AACU stecker=BU CK DL FY GV HT IJ PZ QR
——— [potsdam-neighbourhood] 9/21 keyboard:pad:ASDFGHJK+ASDFGHJK@g2@0 (19) ———
  noiseFloor: 8/19 (42%) over 12 random shells
  → 11/19 (58%) noise=42% Δ=+16% reject pos=SXIR IC=0.0399
    UKWB gamma IV-III-VIII rings=AAAA stecker=BG DZ EQ FV IX OP TU WY
——— [potsdam-neighbourhood] 10/21 keyboard:pad:ASDFGHJK+ASDFGHJK@g2@1 (19) ———
  noiseFloor: 8/19 (42%) over 12 random shells
  → 10/19 (53%) noise=42% Δ=+11% reject pos=CTDT IC=0.0379
    UKWC gamma VIII-III-IV rings=AACU stecker=FX HY IP LR
——— [potsdam-neighbourhood] 11/21 keyboard:pad:ASDFGHJK+ASDFGHJK@g4@0 (19) ———
  noiseFloor: 8/19 (42%) over 12 random shells
  → 10/19 (53%) noise=42% Δ=+11% reject pos=TWNF IC=0.0415
    UKWB beta III-IV-VIII rings=AACU stecker=AC BS DQ FP GV HO IM KT RY
——— [potsdam-neighbourhood] 12/21 keyboard:pad:QWERTZUI+ASDFGHJK@g2@0 (19) ———
  noiseFloor: 8/19 (42%) over 12 random shells
  → 10/19 (53%) noise=42% Δ=+11% reject pos=FAHE IC=0.0395
    UKWC beta VIII-IV-III rings=AAAA stecker=AG CU FR HM IN JL KT OS PV WZ
——— [potsdam-neighbourhood] 13/21 keyboard:pad:QWERTZUI+ASDFGHJK@g2@1 (19) ———
  noiseFloor: 9/19 (47%) over 12 random shells
  → 11/19 (58%) noise=47% Δ=+11% reject pos=STKV IC=0.0329
    UKWC beta VIII-IV-III rings=AAAU stecker=AS BN CY DI FH KM LO PU RX TZ
——— [potsdam-neighbourhood] 14/21 keyboard:pad:QWERTZUI+ASDFGHJK@g4@0 (19) ———
  noiseFloor: 8/19 (42%) over 12 random shells
  → 11/19 (58%) noise=42% Δ=+16% reject pos=TMVE IC=0.0423
    UKWB beta IV-VIII-III rings=AACU stecker=AW BL GZ HN MO SU TX
——— [potsdam-neighbourhood] 15/21 keyboard:pad:QWERTZUI+YXCVBNML@g4@1 (19) ———
  noiseFloor: 8/19 (42%) over 12 random shells
  → 10/19 (53%) noise=42% Δ=+11% reject pos=NTTQ IC=0.0383
    UKWB gamma VIII-IV-III rings=AAAA stecker=AO EI HL JN KX MR VY
——— [potsdam-neighbourhood] 16/21 kurzsignal:pad:KURZSIGX+AABBCCDD@g2@2 (19) ———
  noiseFloor: 7/19 (37%) over 12 random shells
  → 10/19 (53%) noise=37% Δ=+16% reject pos=XRYP IC=0.0379
    UKWC gamma IV-III-VIII rings=AACA stecker=AH BT DO EN FV JX KQ LM SY
——— [potsdam-neighbourhood] 17/21 kurzsignal:pad:KURZSIGX+AABBCCDD@g4@2 (19) ———
  noiseFloor: 9/19 (47%) over 12 random shells
  → 11/19 (58%) noise=47% Δ=+11% reject pos=VPRR IC=0.0426
    UKWC beta VIII-III-IV rings=AAAA stecker=AI BZ CG DT EN HW KP LU MR QV
——— [potsdam-neighbourhood] 18/21 kurzsignal:pad:KURZSIGX+KURZSIGN@g2@2 (19) ———
  noiseFloor: 8/19 (42%) over 12 random shells
  → 11/19 (58%) noise=42% Δ=+16% reject pos=CGMB IC=0.0379
    UKWB gamma III-VIII-IV rings=AAAA stecker=DJ FX GO IL KR TW
——— [potsdam-neighbourhood] 19/21 kurzsignal:pad:KURZSIGX+POSITION@g2@2 (19) ———
  noiseFloor: 7/19 (37%) over 12 random shells
  → 12/19 (63%) noise=37% Δ=+26% reject pos=VELL IC=0.0419
    UKWC beta VIII-IV-III rings=AACU stecker=AO BQ CS EL HI JR PV WX YZ
——— [potsdam-neighbourhood] 20/21 kurzsignal:pad:KURZSIGX+POSITION@g4@2 (19) ———
  noiseFloor: 8/19 (42%) over 12 random shells
  → 13/19 (68%) noise=42% Δ=+26% reject pos=VDIN IC=0.0383
    UKWB beta VIII-IV-III rings=AAAA stecker=BJ EL FO MX VY
——— [potsdam-neighbourhood] 21/21 kurzsignal:pad:KURZSIGX+SIGNALGR@g2@2 (19) ———
  noiseFloor: 8/19 (42%) over 12 random shells
  → 10/19 (53%) noise=42% Δ=+11% reject pos=VXJD IC=0.0340
    UKWB gamma IV-VIII-III rings=AACU stecker=CQ DX FS HT LZ MU PY RW
════════ subspace naval-two-notch-right (WO=126) ════════
——— [naval-two-notch-right] 1/21 keyboard:pad:ASDFGHJK+QWERTZUI@g2@1 (20) ———
  noiseFloor: 9/20 (45%) over 12 random shells
  → 11/20 (55%) noise=45% Δ=+10% reject pos=WLXU IC=0.0340
    UKWB beta I-VIII-VI rings=AAAA stecker=BQ CG FI LW
——— [naval-two-notch-right] 2/21 keyboard:pad:QWERTZUI+ABCDEFGH@g2@0 (20) ———
  noiseFloor: 9/20 (45%) over 12 random shells
  → 10/20 (50%) noise=45% Δ=+5% reject pos=PLHK IC=0.0419
    UKWB gamma III-VII-VI rings=AACU stecker=AO DZ ES FP GL HV JW KM RY TU
——— [naval-two-notch-right] 3/21 keyboard:pad:QWERTZUI+ABCDEFGH@g2@1 (20) ———
  noiseFloor: 8/20 (40%) over 12 random shells
  → 11/20 (55%) noise=40% Δ=+15% reject pos=UPDK IC=0.0360
    UKWB beta I-II-VIII rings=AAAA stecker=AF EK OQ PW RV
——— [naval-two-notch-right] 4/21 keyboard:pad:QWERTZUI+ABCDEFGH@g4@0 (20) ———
  noiseFloor: 8/20 (40%) over 12 random shells
  → 9/20 (45%) noise=40% Δ=+5% reject pos=SQFZ IC=0.0387
    UKWB beta V-I-VII rings=AAAA stecker=RY
——— [naval-two-notch-right] 5/21 keyboard:pad:QWERTZUI+POIUZTRE@g2@0 (20) ———
  noiseFloor: 9/20 (45%) over 12 random shells
  → 12/20 (60%) noise=45% Δ=+15% reject pos=AMSJ IC=0.0430
    UKWB beta III-VIII-VII rings=AAAA stecker=AM BE CD FU GW HJ NV RS
——— [naval-two-notch-right] 6/21 keyboard:pad:QWERTZUI+POIUZTRE@g2@1 (20) ———
  noiseFloor: 8/20 (40%) over 12 random shells
  → 11/20 (55%) noise=40% Δ=+15% reject pos=OMBH IC=0.0391
    UKWC gamma VII-III-VIII rings=AACU stecker=AJ BI ER FH GV KN PT QU WX
——— [naval-two-notch-right] 7/21 keyboard:pad:QWERTZUI+POIUZTRE@g4@0 (20) ———
  noiseFloor: 8/20 (40%) over 12 random shells
  → 13/20 (65%) noise=40% Δ=+25% reject pos=CYIJ IC=0.0458
    UKWB beta VIII-VII-VI rings=AACU stecker=AO BE DN FH GX JZ KV MQ PS RT
——— [naval-two-notch-right] 8/21 keyboard:pad:QWERTZUI+QWERTZUI@g2@1 (20) ———
  noiseFloor: 8/20 (40%) over 12 random shells
  → 10/20 (50%) noise=40% Δ=+10% reject pos=BGPQ IC=0.0352
    UKWB gamma I-II-VI rings=AAAA stecker=AQ
——— [naval-two-notch-right] 9/21 keyboard:pad:ASDFGHJK+ASDFGHJK@g2@0 (19) ———
  noiseFloor: 8/19 (42%) over 12 random shells
  → 10/19 (53%) noise=42% Δ=+11% reject pos=DKHT IC=0.0434
    UKWC gamma VI-V-VIII rings=AACU stecker=AN BK GQ IX LS MY
——— [naval-two-notch-right] 10/21 keyboard:pad:ASDFGHJK+ASDFGHJK@g2@1 (19) ———
  noiseFloor: 8/19 (42%) over 12 random shells
  → 11/19 (58%) noise=42% Δ=+16% reject pos=FVRL IC=0.0336
    UKWB gamma I-II-VI rings=AAAA stecker=AW ET PU
——— [naval-two-notch-right] 11/21 keyboard:pad:ASDFGHJK+ASDFGHJK@g4@0 (19) ———
  noiseFloor: 8/19 (42%) over 12 random shells
  → 9/19 (47%) noise=42% Δ=+5% reject pos=JRVK IC=0.0399
    UKWB gamma I-IV-VII rings=AAAA stecker=DZ RY
——— [naval-two-notch-right] 12/21 keyboard:pad:QWERTZUI+ASDFGHJK@g2@0 (19) ———
  noiseFloor: 8/19 (42%) over 12 random shells
  → 11/19 (58%) noise=42% Δ=+16% reject pos=NFIZ IC=0.0336
    UKWB gamma III-V-VI rings=AACU stecker=AS BO DT GU HI LP MW NX VY
——— [naval-two-notch-right] 13/21 keyboard:pad:QWERTZUI+ASDFGHJK@g2@1 (19) ———
  noiseFloor: 8/19 (42%) over 12 random shells
  → 11/19 (58%) noise=42% Δ=+16% reject pos=ZOYZ IC=0.0352
    UKWB gamma I-II-VI rings=AACA stecker=BL DH EJ FN IK OS PZ QW
——— [naval-two-notch-right] 14/21 keyboard:pad:QWERTZUI+ASDFGHJK@g4@0 (19) ———
  noiseFloor: 8/19 (42%) over 12 random shells
  → 10/19 (53%) noise=42% Δ=+11% reject pos=DSCL IC=0.0352
    UKWC beta III-VII-VIII rings=AACU stecker=AF CI DM GW HO JX KY LT NZ QR
——— [naval-two-notch-right] 15/21 keyboard:pad:QWERTZUI+YXCVBNML@g4@1 (19) ———
  noiseFloor: 8/19 (42%) over 12 random shells
  → 11/19 (58%) noise=42% Δ=+16% reject pos=AMLZ IC=0.0352
    UKWB beta II-V-VI rings=AACU stecker=AK CL EO FU IM NP WY
——— [naval-two-notch-right] 16/21 kurzsignal:pad:KURZSIGX+AABBCCDD@g2@2 (19) ———
  noiseFloor: 7/19 (37%) over 12 random shells
  → 11/19 (58%) noise=37% Δ=+21% reject pos=KCXN IC=0.0446
    UKWB gamma I-III-VI rings=AACU stecker=EV GQ JN RW
——— [naval-two-notch-right] 17/21 kurzsignal:pad:KURZSIGX+AABBCCDD@g4@2 (19) ———
  noiseFloor: 7/19 (37%) over 12 random shells
  → 11/19 (58%) noise=37% Δ=+21% reject pos=MZEP IC=0.0399
    UKWC beta I-V-VI rings=AACU stecker=AI DY EF GQ KZ LU NO WX
——— [naval-two-notch-right] 18/21 kurzsignal:pad:KURZSIGX+KURZSIGN@g2@2 (19) ———
  noiseFloor: 8/19 (42%) over 12 random shells
  → 10/19 (53%) noise=42% Δ=+11% reject pos=BABW IC=0.0462
    UKWC beta VI-II-VII rings=AAAA stecker=CO JV MP NY RS
——— [naval-two-notch-right] 19/21 kurzsignal:pad:KURZSIGX+POSITION@g2@2 (19) ———
  noiseFloor: 8/19 (42%) over 12 random shells
  → 9/19 (47%) noise=42% Δ=+5% reject pos=WSDO IC=0.0352
    UKWB beta III-IV-VI rings=AAAA stecker=AD BG CS FR HO
——— [naval-two-notch-right] 20/21 kurzsignal:pad:KURZSIGX+POSITION@g4@2 (19) ———
  noiseFloor: 8/19 (42%) over 12 random shells
  → 9/19 (47%) noise=42% Δ=+5% reject pos=EQVT IC=0.0352
    UKWB gamma IV-V-VI rings=AACU stecker=AB CR DK EG HP IV MZ NO QU SX
——— [naval-two-notch-right] 21/21 kurzsignal:pad:KURZSIGX+SIGNALGR@g2@2 (19) ———
  noiseFloor: 8/19 (42%) over 12 random shells
  → 13/19 (68%) noise=42% Δ=+26% reject pos=EQXF IC=0.0423
    UKWC gamma VIII-II-VI rings=AACU stecker=AO BH DV NT

——— RIGOR SUMMARY (by ratio) ———
   68.4%  13/19  noise=  42% Δ=+26.3%  potsdam-neighbourhood  kurzsignal:pad:KURZSIGX+POSITION@g4@2  | UKWB beta VIII-IV-III rings=AAAA stecker=BJ EL FO MX VY
   68.4%  13/19  noise=  42% Δ=+26.3%  naval-two-notch-right  kurzsignal:pad:KURZSIGX+SIGNALGR@g2@2  | UKWC gamma VIII-II-VI rings=AACU stecker=AO BH DV NT
   65.0%  13/20  noise=  35% Δ=+30.0%  potsdam-neighbourhood  keyboard:pad:QWERTZUI+ABCDEFGH@g2@1  | UKWC gamma III-VIII-IV rings=AAAA stecker=AS BN CR DY FU IK OX TV
   65.0%  13/20  noise=  40% Δ=+25.0%  naval-two-notch-right  keyboard:pad:QWERTZUI+POIUZTRE@g4@0  | UKWB beta VIII-VII-VI rings=AACU stecker=AO BE DN FH GX JZ KV MQ PS RT
   63.2%  12/19  noise=  37% Δ=+26.3%  potsdam-neighbourhood  kurzsignal:pad:KURZSIGX+POSITION@g2@2  | UKWC beta VIII-IV-III rings=AACU stecker=AO BQ CS EL HI JR PV WX YZ
   60.0%  12/20  noise=  40% Δ=+20.0%  potsdam-neighbourhood  keyboard:pad:ASDFGHJK+QWERTZUI@g2@1  | UKWC gamma III-VIII-IV rings=AACU stecker=AJ CY FZ HO IX KQ LU MV PT RS
   60.0%  12/20  noise=  40% Δ=+20.0%  potsdam-neighbourhood  keyboard:pad:QWERTZUI+POIUZTRE@g2@0  | UKWC gamma IV-VIII-III rings=AACU stecker=AO CF GT JZ MQ RV UX
   60.0%  12/20  noise=  45% Δ=+15.0%  naval-two-notch-right  keyboard:pad:QWERTZUI+POIUZTRE@g2@0  | UKWB beta III-VIII-VII rings=AAAA stecker=AM BE CD FU GW HJ NV RS
   57.9%  11/19  noise=  42% Δ=+15.8%  potsdam-neighbourhood  keyboard:pad:ASDFGHJK+ASDFGHJK@g2@0  | UKWB gamma IV-III-VIII rings=AAAA stecker=BG DZ EQ FV IX OP TU WY
   57.9%  11/19  noise=  47% Δ=+10.5%  potsdam-neighbourhood  keyboard:pad:QWERTZUI+ASDFGHJK@g2@1  | UKWC beta VIII-IV-III rings=AAAU stecker=AS BN CY DI FH KM LO PU RX TZ
   57.9%  11/19  noise=  42% Δ=+15.8%  potsdam-neighbourhood  keyboard:pad:QWERTZUI+ASDFGHJK@g4@0  | UKWB beta IV-VIII-III rings=AACU stecker=AW BL GZ HN MO SU TX
   57.9%  11/19  noise=  47% Δ=+10.5%  potsdam-neighbourhood  kurzsignal:pad:KURZSIGX+AABBCCDD@g4@2  | UKWC beta VIII-III-IV rings=AAAA stecker=AI BZ CG DT EN HW KP LU MR QV
   57.9%  11/19  noise=  42% Δ=+15.8%  potsdam-neighbourhood  kurzsignal:pad:KURZSIGX+KURZSIGN@g2@2  | UKWB gamma III-VIII-IV rings=AAAA stecker=DJ FX GO IL KR TW
   57.9%  11/19  noise=  42% Δ=+15.8%  naval-two-notch-right  keyboard:pad:ASDFGHJK+ASDFGHJK@g2@1  | UKWB gamma I-II-VI rings=AAAA stecker=AW ET PU
   57.9%  11/19  noise=  42% Δ=+15.8%  naval-two-notch-right  keyboard:pad:QWERTZUI+ASDFGHJK@g2@0  | UKWB gamma III-V-VI rings=AACU stecker=AS BO DT GU HI LP MW NX VY
   57.9%  11/19  noise=  42% Δ=+15.8%  naval-two-notch-right  keyboard:pad:QWERTZUI+ASDFGHJK@g2@1  | UKWB gamma I-II-VI rings=AACA stecker=BL DH EJ FN IK OS PZ QW
   57.9%  11/19  noise=  42% Δ=+15.8%  naval-two-notch-right  keyboard:pad:QWERTZUI+YXCVBNML@g4@1  | UKWB beta II-V-VI rings=AACU stecker=AK CL EO FU IM NP WY
   57.9%  11/19  noise=  37% Δ=+21.1%  naval-two-notch-right  kurzsignal:pad:KURZSIGX+AABBCCDD@g2@2  | UKWB gamma I-III-VI rings=AACU stecker=EV GQ JN RW
   57.9%  11/19  noise=  37% Δ=+21.1%  naval-two-notch-right  kurzsignal:pad:KURZSIGX+AABBCCDD@g4@2  | UKWC beta I-V-VI rings=AACU stecker=AI DY EF GQ KZ LU NO WX
   55.0%  11/20  noise=  40% Δ=+15.0%  potsdam-neighbourhood  keyboard:pad:QWERTZUI+ABCDEFGH@g2@0  | UKWB gamma III-IV-VIII rings=AACU stecker=AB CZ GW HM IV LQ OR TY
   55.0%  11/20  noise=  45% Δ=+10.0%  naval-two-notch-right  keyboard:pad:ASDFGHJK+QWERTZUI@g2@1  | UKWB beta I-VIII-VI rings=AAAA stecker=BQ CG FI LW
   55.0%  11/20  noise=  40% Δ=+15.0%  naval-two-notch-right  keyboard:pad:QWERTZUI+ABCDEFGH@g2@1  | UKWB beta I-II-VIII rings=AAAA stecker=AF EK OQ PW RV
   55.0%  11/20  noise=  40% Δ=+15.0%  naval-two-notch-right  keyboard:pad:QWERTZUI+POIUZTRE@g2@1  | UKWC gamma VII-III-VIII rings=AACU stecker=AJ BI ER FH GV KN PT QU WX
   52.6%  10/19  noise=  42% Δ=+10.5%  potsdam-neighbourhood  keyboard:pad:ASDFGHJK+ASDFGHJK@g2@1  | UKWC gamma VIII-III-IV rings=AACU stecker=FX HY IP LR
   52.6%  10/19  noise=  42% Δ=+10.5%  potsdam-neighbourhood  keyboard:pad:ASDFGHJK+ASDFGHJK@g4@0  | UKWB beta III-IV-VIII rings=AACU stecker=AC BS DQ FP GV HO IM KT RY
   52.6%  10/19  noise=  42% Δ=+10.5%  potsdam-neighbourhood  keyboard:pad:QWERTZUI+ASDFGHJK@g2@0  | UKWC beta VIII-IV-III rings=AAAA stecker=AG CU FR HM IN JL KT OS PV WZ
   52.6%  10/19  noise=  42% Δ=+10.5%  potsdam-neighbourhood  keyboard:pad:QWERTZUI+YXCVBNML@g4@1  | UKWB gamma VIII-IV-III rings=AAAA stecker=AO EI HL JN KX MR VY
   52.6%  10/19  noise=  37% Δ=+15.8%  potsdam-neighbourhood  kurzsignal:pad:KURZSIGX+AABBCCDD@g2@2  | UKWC gamma IV-III-VIII rings=AACA stecker=AH BT DO EN FV JX KQ LM SY
   52.6%  10/19  noise=  42% Δ=+10.5%  potsdam-neighbourhood  kurzsignal:pad:KURZSIGX+SIGNALGR@g2@2  | UKWB gamma IV-VIII-III rings=AACU stecker=CQ DX FS HT LZ MU PY RW
   52.6%  10/19  noise=  42% Δ=+10.5%  naval-two-notch-right  keyboard:pad:ASDFGHJK+ASDFGHJK@g2@0  | UKWC gamma VI-V-VIII rings=AACU stecker=AN BK GQ IX LS MY
   52.6%  10/19  noise=  42% Δ=+10.5%  naval-two-notch-right  keyboard:pad:QWERTZUI+ASDFGHJK@g4@0  | UKWC beta III-VII-VIII rings=AACU stecker=AF CI DM GW HO JX KY LT NZ QR
   52.6%  10/19  noise=  42% Δ=+10.5%  naval-two-notch-right  kurzsignal:pad:KURZSIGX+KURZSIGN@g2@2  | UKWC beta VI-II-VII rings=AAAA stecker=CO JV MP NY RS
   50.0%  10/20  noise=  40% Δ=+10.0%  potsdam-neighbourhood  keyboard:pad:QWERTZUI+ABCDEFGH@g4@0  | UKWC beta IV-III-VIII rings=AACU stecker=AF BP DY EL GR HJ NX OU VZ
   50.0%  10/20  noise=  40% Δ=+10.0%  potsdam-neighbourhood  keyboard:pad:QWERTZUI+POIUZTRE@g4@0  | UKWC gamma VIII-III-IV rings=AACU stecker=AO CW DU FJ HM IS KX NQ
   50.0%  10/20  noise=  45% Δ= +5.0%  potsdam-neighbourhood  keyboard:pad:QWERTZUI+QWERTZUI@g2@1  | UKWC gamma III-VIII-IV rings=AACU stecker=BU CK DL FY GV HT IJ PZ QR
   50.0%  10/20  noise=  45% Δ= +5.0%  naval-two-notch-right  keyboard:pad:QWERTZUI+ABCDEFGH@g2@0  | UKWB gamma III-VII-VI rings=AACU stecker=AO DZ ES FP GL HV JW KM RY TU
   50.0%  10/20  noise=  40% Δ=+10.0%  naval-two-notch-right  keyboard:pad:QWERTZUI+QWERTZUI@g2@1  | UKWB gamma I-II-VI rings=AAAA stecker=AQ
   47.4%   9/19  noise=  42% Δ= +5.3%  naval-two-notch-right  keyboard:pad:ASDFGHJK+ASDFGHJK@g4@0  | UKWB gamma I-IV-VII rings=AAAA stecker=DZ RY
   47.4%   9/19  noise=  42% Δ= +5.3%  naval-two-notch-right  kurzsignal:pad:KURZSIGX+POSITION@g2@2  | UKWB beta III-IV-VI rings=AAAA stecker=AD BG CS FR HO
   47.4%   9/19  noise=  42% Δ= +5.3%  naval-two-notch-right  kurzsignal:pad:KURZSIGX+POSITION@g4@2  | UKWB gamma IV-V-VI rings=AACU stecker=AB CR DK EG HP IV MZ NO QU SX
   45.0%   9/20  noise=  35% Δ=+10.0%  potsdam-neighbourhood  keyboard:pad:QWERTZUI+POIUZTRE@g2@1  | UKWB beta IV-III-VIII rings=AAAU stecker=CP DK EN LZ OR SV UW
   45.0%   9/20  noise=  40% Δ= +5.0%  naval-two-notch-right  keyboard:pad:QWERTZUI+ABCDEFGH@g4@0  | UKWB beta V-I-VII rings=AAAA stecker=RY

Elapsed: 259.9 s
Survivors (≥80% and ≥noise+10%): 0
*** CLEAN NEGATIVE under rigor bar — templates/prior not near-true ***
Next: invent new structural hypotheses; do not burn catalog rings yet.
Wrote logs/stochastic-bombe-p1030680-weather-rigor.json
See stochastic-bombe.md / BREAK_P1030680.md Phase 18
