ASIC datapath backend: Metal-cleartext-KPA (B=17576 cleartext lanes/Greek)
Stochastic templates: 1 (constrained 19…19)
Shell evolution: ON freeRings=false WO=6 ringSeeds=2 subspace=potsdam-neighbourhood
Block B Greeks (fixed): (none) — fitness higher=better (KPA letter-match)
Hybrid gen 1/12 pop=12 blockB_greeks=0
  gen-best  8/19 (42%) tmpl=collapse:ALLEBOOTESVERSEN@3 IC=0.0423 pos=DMMU | UKWC beta VIII-III-IV rings=AAAA stecker=AB
  all-time  8/19 tmpl=collapse:ALLEBOOTESVERSEN@3 pos=DMMU | UKWC beta VIII-III-IV rings=AAAA stecker=AB
Hybrid gen 2/12 pop=12 blockB_greeks=0
  gen-best  8/19 (42%) tmpl=collapse:ALLEBOOTESVERSEN@3 IC=0.0423 pos=DMMU | UKWC beta VIII-III-IV rings=AAAA stecker=AB
  all-time  8/19 tmpl=collapse:ALLEBOOTESVERSEN@3 pos=DMMU | UKWC beta VIII-III-IV rings=AAAA stecker=AB
Hybrid gen 3/12 pop=12 blockB_greeks=0
  gen-best  8/19 (42%) tmpl=collapse:ALLEBOOTESVERSEN@3 IC=0.0423 pos=DMMU | UKWC beta VIII-III-IV rings=AAAA stecker=AB
  all-time  8/19 tmpl=collapse:ALLEBOOTESVERSEN@3 pos=DMMU | UKWC beta VIII-III-IV rings=AAAA stecker=AB
Hybrid gen 4/12 pop=12 blockB_greeks=0
  gen-best  8/19 (42%) tmpl=collapse:ALLEBOOTESVERSEN@3 IC=0.0423 pos=DMMU | UKWC beta VIII-III-IV rings=AAAA stecker=AB
  all-time  8/19 tmpl=collapse:ALLEBOOTESVERSEN@3 pos=DMMU | UKWC beta VIII-III-IV rings=AAAA stecker=AB
Hybrid gen 5/12 pop=12 blockB_greeks=0
  gen-best  9/19 (47%) tmpl=collapse:ALLEBOOTESVERSEN@3 IC=0.0430 pos=KIJS | UKWB beta III-IV-VIII rings=AAAA stecker=AG CJ DU EV FH LZ MR OP ST XY
  all-time  9/19 tmpl=collapse:ALLEBOOTESVERSEN@3 pos=KIJS | UKWB beta III-IV-VIII rings=AAAA stecker=AG CJ DU EV FH LZ MR OP ST XY
Hybrid gen 6/12 pop=12 blockB_greeks=0
  gen-best  9/19 (47%) tmpl=collapse:ALLEBOOTESVERSEN@3 IC=0.0430 pos=KIJS | UKWB beta III-IV-VIII rings=AAAA stecker=AG CJ DU EV FH LZ MR OP ST XY
  all-time  9/19 tmpl=collapse:ALLEBOOTESVERSEN@3 pos=KIJS | UKWB beta III-IV-VIII rings=AAAA stecker=AG CJ DU EV FH LZ MR OP ST XY
Hybrid gen 7/12 pop=12 blockB_greeks=0
  gen-best  9/19 (47%) tmpl=collapse:ALLEBOOTESVERSEN@3 IC=0.0430 pos=KIJS | UKWB beta III-IV-VIII rings=AAAA stecker=AG CJ DU EV FH LZ MR OP ST XY
  all-time  9/19 tmpl=collapse:ALLEBOOTESVERSEN@3 pos=KIJS | UKWB beta III-IV-VIII rings=AAAA stecker=AG CJ DU EV FH LZ MR OP ST XY
Hybrid gen 8/12 pop=12 blockB_greeks=0
  gen-best  9/19 (47%) tmpl=collapse:ALLEBOOTESVERSEN@3 IC=0.0430 pos=KIJS | UKWB beta III-IV-VIII rings=AAAA stecker=AG CJ DU EV FH LZ MR OP ST XY
  all-time  9/19 tmpl=collapse:ALLEBOOTESVERSEN@3 pos=KIJS | UKWB beta III-IV-VIII rings=AAAA stecker=AG CJ DU EV FH LZ MR OP ST XY
Hybrid gen 9/12 pop=12 blockB_greeks=0
  gen-best  9/19 (47%) tmpl=collapse:ALLEBOOTESVERSEN@3 IC=0.0430 pos=KIJS | UKWB beta III-IV-VIII rings=AAAA stecker=AG CJ DU EV FH LZ MR OP ST XY
  all-time  9/19 tmpl=collapse:ALLEBOOTESVERSEN@3 pos=KIJS | UKWB beta III-IV-VIII rings=AAAA stecker=AG CJ DU EV FH LZ MR OP ST XY
Hybrid gen 10/12 pop=12 blockB_greeks=0
  gen-best  9/19 (47%) tmpl=collapse:ALLEBOOTESVERSEN@3 IC=0.0430 pos=KIJS | UKWB beta III-IV-VIII rings=AAAA stecker=AG CJ DU EV FH LZ MR OP ST XY
  all-time  9/19 tmpl=collapse:ALLEBOOTESVERSEN@3 pos=KIJS | UKWB beta III-IV-VIII rings=AAAA stecker=AG CJ DU EV FH LZ MR OP ST XY
Hybrid gen 11/12 pop=12 blockB_greeks=0
  gen-best  9/19 (47%) tmpl=collapse:ALLEBOOTESVERSEN@3 IC=0.0430 pos=KIJS | UKWB beta III-IV-VIII rings=AAAA stecker=AG CJ DU EV FH LZ MR OP ST XY
  all-time  9/19 tmpl=collapse:ALLEBOOTESVERSEN@3 pos=KIJS | UKWB beta III-IV-VIII rings=AAAA stecker=AG CJ DU EV FH LZ MR OP ST XY
Hybrid gen 12/12 pop=12 blockB_greeks=0
  gen-best  9/19 (47%) tmpl=collapse:ALLEBOOTESVERSEN@3 IC=0.0430 pos=KIJS | UKWB beta III-IV-VIII rings=AAAA stecker=AG CJ DU EV FH LZ MR OP ST XY
  all-time  9/19 tmpl=collapse:ALLEBOOTESVERSEN@3 pos=KIJS | UKWB beta III-IV-VIII rings=AAAA stecker=AG CJ DU EV FH LZ MR OP ST XY
ASIC datapath backend: Metal-cleartext-KPA (B=17576 cleartext lanes/Greek)
Stochastic templates: 1 (constrained 19…19)
Shell evolution: ON freeRings=false WO=6 ringSeeds=2 subspace=potsdam-neighbourhood
Block B Greeks (fixed): (none) — fitness higher=better (KPA letter-match)
Hybrid gen 1/12 pop=12 blockB_greeks=0
  gen-best  7/19 (37%) tmpl=collapse:ALLEBOOTESVERSEN@5 IC=0.0376 pos=IIEG | UKWB gamma IV-III-VIII rings=AAAA stecker=(none)
  all-time  7/19 tmpl=collapse:ALLEBOOTESVERSEN@5 pos=IIEG | UKWB gamma IV-III-VIII rings=AAAA stecker=(none)
Hybrid gen 2/12 pop=12 blockB_greeks=0
  gen-best  8/19 (42%) tmpl=collapse:ALLEBOOTESVERSEN@5 IC=0.0368 pos=IIEG | UKWB gamma IV-III-VIII rings=AAAA stecker=AI
  all-time  8/19 tmpl=collapse:ALLEBOOTESVERSEN@5 pos=IIEG | UKWB gamma IV-III-VIII rings=AAAA stecker=AI
Hybrid gen 3/12 pop=12 blockB_greeks=0
  gen-best  9/19 (47%) tmpl=collapse:ALLEBOOTESVERSEN@5 IC=0.0360 pos=IQNA | UKWB beta VIII-IV-III rings=AAAA stecker=FO JR NZ SY
  all-time  9/19 tmpl=collapse:ALLEBOOTESVERSEN@5 pos=IQNA | UKWB beta VIII-IV-III rings=AAAA stecker=FO JR NZ SY
Hybrid gen 4/12 pop=12 blockB_greeks=0
  gen-best  9/19 (47%) tmpl=collapse:ALLEBOOTESVERSEN@5 IC=0.0360 pos=IQNA | UKWB beta VIII-IV-III rings=AAAA stecker=FO JR NZ SY
  all-time  9/19 tmpl=collapse:ALLEBOOTESVERSEN@5 pos=IQNA | UKWB beta VIII-IV-III rings=AAAA stecker=FO JR NZ SY
Hybrid gen 5/12 pop=12 blockB_greeks=0
  gen-best  9/19 (47%) tmpl=collapse:ALLEBOOTESVERSEN@5 IC=0.0360 pos=IQNA | UKWB beta VIII-IV-III rings=AAAA stecker=FO JR NZ SY
  all-time  9/19 tmpl=collapse:ALLEBOOTESVERSEN@5 pos=IQNA | UKWB beta VIII-IV-III rings=AAAA stecker=FO JR NZ SY
Hybrid gen 6/12 pop=12 blockB_greeks=0
  gen-best  9/19 (47%) tmpl=collapse:ALLEBOOTESVERSEN@5 IC=0.0360 pos=IQNA | UKWB beta VIII-IV-III rings=AAAA stecker=FO JR NZ SY
  all-time  9/19 tmpl=collapse:ALLEBOOTESVERSEN@5 pos=IQNA | UKWB beta VIII-IV-III rings=AAAA stecker=FO JR NZ SY
Hybrid gen 7/12 pop=12 blockB_greeks=0
  gen-best  9/19 (47%) tmpl=collapse:ALLEBOOTESVERSEN@5 IC=0.0360 pos=IQNA | UKWB beta VIII-IV-III rings=AAAA stecker=FO JR NZ SY
  all-time  9/19 tmpl=collapse:ALLEBOOTESVERSEN@5 pos=IQNA | UKWB beta VIII-IV-III rings=AAAA stecker=FO JR NZ SY
Hybrid gen 8/12 pop=12 blockB_greeks=0
  gen-best  9/19 (47%) tmpl=collapse:ALLEBOOTESVERSEN@5 IC=0.0360 pos=IQNA | UKWB beta VIII-IV-III rings=AAAA stecker=FO JR NZ SY
  all-time  9/19 tmpl=collapse:ALLEBOOTESVERSEN@5 pos=IQNA | UKWB beta VIII-IV-III rings=AAAA stecker=FO JR NZ SY
Hybrid gen 9/12 pop=12 blockB_greeks=0
  gen-best  9/19 (47%) tmpl=collapse:ALLEBOOTESVERSEN@5 IC=0.0360 pos=IQNA | UKWB beta VIII-IV-III rings=AAAA stecker=FO JR NZ SY
  all-time  9/19 tmpl=collapse:ALLEBOOTESVERSEN@5 pos=IQNA | UKWB beta VIII-IV-III rings=AAAA stecker=FO JR NZ SY
Hybrid gen 10/12 pop=12 blockB_greeks=0
  gen-best  9/19 (47%) tmpl=collapse:ALLEBOOTESVERSEN@5 IC=0.0360 pos=IQNA | UKWB beta VIII-IV-III rings=AAAA stecker=FO JR NZ SY
  all-time  9/19 tmpl=collapse:ALLEBOOTESVERSEN@5 pos=IQNA | UKWB beta VIII-IV-III rings=AAAA stecker=FO JR NZ SY
Hybrid gen 11/12 pop=12 blockB_greeks=0
  gen-best  9/19 (47%) tmpl=collapse:ALLEBOOTESVERSEN@5 IC=0.0360 pos=IQNA | UKWB beta VIII-IV-III rings=AAAA stecker=FO JR NZ SY
  all-time  9/19 tmpl=collapse:ALLEBOOTESVERSEN@5 pos=IQNA | UKWB beta VIII-IV-III rings=AAAA stecker=FO JR NZ SY
Hybrid gen 12/12 pop=12 blockB_greeks=0
  gen-best  9/19 (47%) tmpl=collapse:ALLEBOOTESVERSEN@5 IC=0.0360 pos=IQNA | UKWB beta VIII-IV-III rings=AAAA stecker=FO JR NZ SY
  all-time  9/19 tmpl=collapse:ALLEBOOTESVERSEN@5 pos=IQNA | UKWB beta VIII-IV-III rings=AAAA stecker=FO JR NZ SY
ASIC datapath backend: Metal-cleartext-KPA (B=17576 cleartext lanes/Greek)
Stochastic templates: 1 (constrained 18…18)
Shell evolution: ON freeRings=false WO=6 ringSeeds=2 subspace=potsdam-neighbourhood
Block B Greeks (fixed): (none) — fitness higher=better (KPA letter-match)
Hybrid gen 1/12 pop=12 blockB_greeks=0
  gen-best  8/18 (44%) tmpl=collapse:stack:DOENITZDOENI@0 IC=0.0329 pos=YVQV | UKWC beta III-VIII-IV rings=AACU stecker=FI KR MS NZ XY
  all-time  8/18 tmpl=collapse:stack:DOENITZDOENI@0 pos=YVQV | UKWC beta III-VIII-IV rings=AACU stecker=FI KR MS NZ XY
Hybrid gen 2/12 pop=12 blockB_greeks=0
  gen-best  9/18 (50%) tmpl=collapse:stack:DOENITZDOENI@0 IC=0.0336 pos=YVQV | UKWC beta III-VIII-IV rings=AACU stecker=FI GM KR NZ XY
  all-time  9/18 tmpl=collapse:stack:DOENITZDOENI@0 pos=YVQV | UKWC beta III-VIII-IV rings=AACU stecker=FI GM KR NZ XY
Hybrid gen 3/12 pop=12 blockB_greeks=0
  gen-best  10/18 (56%) tmpl=collapse:stack:DOENITZDOENI@0 IC=0.0387 pos=YVQV | UKWC beta III-VIII-IV rings=AACU stecker=FI GM HY KR NZ
  all-time  10/18 tmpl=collapse:stack:DOENITZDOENI@0 pos=YVQV | UKWC beta III-VIII-IV rings=AACU stecker=FI GM HY KR NZ
Hybrid gen 4/12 pop=12 blockB_greeks=0
  gen-best  10/18 (56%) tmpl=collapse:stack:DOENITZDOENI@0 IC=0.0387 pos=YVQV | UKWC beta III-VIII-IV rings=AACU stecker=FI GM HY KR NZ
  all-time  10/18 tmpl=collapse:stack:DOENITZDOENI@0 pos=YVQV | UKWC beta III-VIII-IV rings=AACU stecker=FI GM HY KR NZ
Hybrid gen 5/12 pop=12 blockB_greeks=0
  gen-best  10/18 (56%) tmpl=collapse:stack:DOENITZDOENI@0 IC=0.0387 pos=YVQV | UKWC beta III-VIII-IV rings=AACU stecker=FI GM HY KR NZ
  all-time  10/18 tmpl=collapse:stack:DOENITZDOENI@0 pos=YVQV | UKWC beta III-VIII-IV rings=AACU stecker=FI GM HY KR NZ
Hybrid gen 6/12 pop=12 blockB_greeks=0
  gen-best  10/18 (56%) tmpl=collapse:stack:DOENITZDOENI@0 IC=0.0387 pos=YVQV | UKWC beta III-VIII-IV rings=AACU stecker=FI GM HY KR NZ
  all-time  10/18 tmpl=collapse:stack:DOENITZDOENI@0 pos=YVQV | UKWC beta III-VIII-IV rings=AACU stecker=FI GM HY KR NZ
Hybrid gen 7/12 pop=12 blockB_greeks=0
  gen-best  10/18 (56%) tmpl=collapse:stack:DOENITZDOENI@0 IC=0.0387 pos=YVQV | UKWC beta III-VIII-IV rings=AACU stecker=FI GM HY KR NZ
  all-time  10/18 tmpl=collapse:stack:DOENITZDOENI@0 pos=YVQV | UKWC beta III-VIII-IV rings=AACU stecker=FI GM HY KR NZ
Hybrid gen 8/12 pop=12 blockB_greeks=0
  gen-best  10/18 (56%) tmpl=collapse:stack:DOENITZDOENI@0 IC=0.0387 pos=YVQV | UKWC beta III-VIII-IV rings=AACU stecker=FI GM HY KR NZ
  all-time  10/18 tmpl=collapse:stack:DOENITZDOENI@0 pos=YVQV | UKWC beta III-VIII-IV rings=AACU stecker=FI GM HY KR NZ
Hybrid gen 9/12 pop=12 blockB_greeks=0
  gen-best  10/18 (56%) tmpl=collapse:stack:DOENITZDOENI@0 IC=0.0387 pos=YVQV | UKWC beta III-VIII-IV rings=AACU stecker=FI GM HY KR NZ
  all-time  10/18 tmpl=collapse:stack:DOENITZDOENI@0 pos=YVQV | UKWC beta III-VIII-IV rings=AACU stecker=FI GM HY KR NZ
Hybrid gen 10/12 pop=12 blockB_greeks=0
  gen-best  11/18 (61%) tmpl=collapse:stack:DOENITZDOENI@0 IC=0.0415 pos=YVQV | UKWC beta III-VIII-IV rings=AACU stecker=CS FI GM HY KR NZ
  all-time  11/18 tmpl=collapse:stack:DOENITZDOENI@0 pos=YVQV | UKWC beta III-VIII-IV rings=AACU stecker=CS FI GM HY KR NZ
Hybrid gen 11/12 pop=12 blockB_greeks=0
  gen-best  11/18 (61%) tmpl=collapse:stack:DOENITZDOENI@0 IC=0.0415 pos=YVQV | UKWC beta III-VIII-IV rings=AACU stecker=CS FI GM HY KR NZ
  all-time  11/18 tmpl=collapse:stack:DOENITZDOENI@0 pos=YVQV | UKWC beta III-VIII-IV rings=AACU stecker=CS FI GM HY KR NZ
Hybrid gen 12/12 pop=12 blockB_greeks=0
  gen-best  11/18 (61%) tmpl=collapse:stack:DOENITZDOENI@0 IC=0.0415 pos=YVQV | UKWC beta III-VIII-IV rings=AACU stecker=CS FI GM HY KR NZ
  all-time  11/18 tmpl=collapse:stack:DOENITZDOENI@0 pos=YVQV | UKWC beta III-VIII-IV rings=AACU stecker=CS FI GM HY KR NZ
ASIC datapath backend: Metal-cleartext-KPA (B=17576 cleartext lanes/Greek)
Stochastic templates: 1 (constrained 18…18)
Shell evolution: ON freeRings=false WO=6 ringSeeds=2 subspace=potsdam-neighbourhood
Block B Greeks (fixed): (none) — fitness higher=better (KPA letter-match)
Hybrid gen 1/12 pop=12 blockB_greeks=0
  gen-best  8/18 (44%) tmpl=collapse:stack:DOENITZDOENI@2 IC=0.0321 pos=AFWY | UKWC beta III-VIII-IV rings=AAAA stecker=AP BN DH ER IY KQ LT
  all-time  8/18 tmpl=collapse:stack:DOENITZDOENI@2 pos=AFWY | UKWC beta III-VIII-IV rings=AAAA stecker=AP BN DH ER IY KQ LT
Hybrid gen 2/12 pop=12 blockB_greeks=0
  gen-best  9/18 (50%) tmpl=collapse:stack:DOENITZDOENI@2 IC=0.0321 pos=AFWY | UKWC beta III-VIII-IV rings=AAAA stecker=AP BN DH ER IY KQ TW
  all-time  9/18 tmpl=collapse:stack:DOENITZDOENI@2 pos=AFWY | UKWC beta III-VIII-IV rings=AAAA stecker=AP BN DH ER IY KQ TW
Hybrid gen 3/12 pop=12 blockB_greeks=0
  gen-best  9/18 (50%) tmpl=collapse:stack:DOENITZDOENI@2 IC=0.0321 pos=AFWY | UKWC beta III-VIII-IV rings=AAAA stecker=AP BN DH ER IY KQ TW
  all-time  9/18 tmpl=collapse:stack:DOENITZDOENI@2 pos=AFWY | UKWC beta III-VIII-IV rings=AAAA stecker=AP BN DH ER IY KQ TW
Hybrid gen 4/12 pop=12 blockB_greeks=0
  gen-best  9/18 (50%) tmpl=collapse:stack:DOENITZDOENI@2 IC=0.0321 pos=AFWY | UKWC beta III-VIII-IV rings=AAAA stecker=AP BN DH ER IY KQ TW
  all-time  9/18 tmpl=collapse:stack:DOENITZDOENI@2 pos=AFWY | UKWC beta III-VIII-IV rings=AAAA stecker=AP BN DH ER IY KQ TW
Hybrid gen 5/12 pop=12 blockB_greeks=0
  gen-best  10/18 (56%) tmpl=collapse:stack:DOENITZDOENI@2 IC=0.0411 pos=GNZU | UKWC gamma VIII-IV-III rings=AAAA stecker=BF DN EY GK VX
  all-time  10/18 tmpl=collapse:stack:DOENITZDOENI@2 pos=GNZU | UKWC gamma VIII-IV-III rings=AAAA stecker=BF DN EY GK VX
Hybrid gen 6/12 pop=12 blockB_greeks=0
  gen-best  10/18 (56%) tmpl=collapse:stack:DOENITZDOENI@2 IC=0.0411 pos=GNZU | UKWC gamma VIII-IV-III rings=AAAA stecker=BF DN EY GK VX
  all-time  10/18 tmpl=collapse:stack:DOENITZDOENI@2 pos=GNZU | UKWC gamma VIII-IV-III rings=AAAA stecker=BF DN EY GK VX
Hybrid gen 7/12 pop=12 blockB_greeks=0
  gen-best  10/18 (56%) tmpl=collapse:stack:DOENITZDOENI@2 IC=0.0411 pos=GNZU | UKWC gamma VIII-IV-III rings=AAAA stecker=BF DN EY GK VX
  all-time  10/18 tmpl=collapse:stack:DOENITZDOENI@2 pos=GNZU | UKWC gamma VIII-IV-III rings=AAAA stecker=BF DN EY GK VX
Hybrid gen 8/12 pop=12 blockB_greeks=0
  gen-best  10/18 (56%) tmpl=collapse:stack:DOENITZDOENI@2 IC=0.0411 pos=GNZU | UKWC gamma VIII-IV-III rings=AAAA stecker=BF DN EY GK VX
  all-time  10/18 tmpl=collapse:stack:DOENITZDOENI@2 pos=GNZU | UKWC gamma VIII-IV-III rings=AAAA stecker=BF DN EY GK VX
Hybrid gen 9/12 pop=12 blockB_greeks=0
  gen-best  10/18 (56%) tmpl=collapse:stack:DOENITZDOENI@2 IC=0.0411 pos=GNZU | UKWC gamma VIII-IV-III rings=AAAA stecker=BF DN EY GK VX
  all-time  10/18 tmpl=collapse:stack:DOENITZDOENI@2 pos=GNZU | UKWC gamma VIII-IV-III rings=AAAA stecker=BF DN EY GK VX
Hybrid gen 10/12 pop=12 blockB_greeks=0
  gen-best  10/18 (56%) tmpl=collapse:stack:DOENITZDOENI@2 IC=0.0411 pos=GNZU | UKWC gamma VIII-IV-III rings=AAAA stecker=BF DN EY GK VX
  all-time  10/18 tmpl=collapse:stack:DOENITZDOENI@2 pos=GNZU | UKWC gamma VIII-IV-III rings=AAAA stecker=BF DN EY GK VX
Hybrid gen 11/12 pop=12 blockB_greeks=0
  gen-best  10/18 (56%) tmpl=collapse:stack:DOENITZDOENI@2 IC=0.0411 pos=GNZU | UKWC gamma VIII-IV-III rings=AAAA stecker=BF DN EY GK VX
  all-time  10/18 tmpl=collapse:stack:DOENITZDOENI@2 pos=GNZU | UKWC gamma VIII-IV-III rings=AAAA stecker=BF DN EY GK VX
Hybrid gen 12/12 pop=12 blockB_greeks=0
  gen-best  11/18 (61%) tmpl=collapse:stack:DOENITZDOENI@2 IC=0.0391 pos=GNZU | UKWC gamma VIII-IV-III rings=AAAA stecker=BF DN EY GK LP RU VX
  all-time  11/18 tmpl=collapse:stack:DOENITZDOENI@2 pos=GNZU | UKWC gamma VIII-IV-III rings=AAAA stecker=BF DN EY GK LP RU VX
ASIC datapath backend: Metal-cleartext-KPA (B=17576 cleartext lanes/Greek)
Stochastic templates: 1 (constrained 18…18)
Shell evolution: ON freeRings=false WO=6 ringSeeds=2 subspace=potsdam-neighbourhood
Block B Greeks (fixed): (none) — fitness higher=better (KPA letter-match)
Hybrid gen 1/12 pop=12 blockB_greeks=0
  gen-best  7/18 (39%) tmpl=collapse:stack:FLENSBURGFLE@0 IC=0.0403 pos=NIZC | UKWB gamma IV-III-VIII rings=AAAA stecker=(none)
  all-time  7/18 tmpl=collapse:stack:FLENSBURGFLE@0 pos=NIZC | UKWB gamma IV-III-VIII rings=AAAA stecker=(none)
Hybrid gen 2/12 pop=12 blockB_greeks=0
  gen-best  8/18 (44%) tmpl=collapse:stack:FLENSBURGFLE@0 IC=0.0340 pos=YZQN | UKWB gamma IV-III-VIII rings=AAAA stecker=AG BW HV
  all-time  8/18 tmpl=collapse:stack:FLENSBURGFLE@0 pos=YZQN | UKWB gamma IV-III-VIII rings=AAAA stecker=AG BW HV
Hybrid gen 3/12 pop=12 blockB_greeks=0
  gen-best  9/18 (50%) tmpl=collapse:stack:FLENSBURGFLE@0 IC=0.0403 pos=BFKB | UKWC gamma VIII-III-IV rings=AAAA stecker=CN EH FU IV OY QX WZ
  all-time  9/18 tmpl=collapse:stack:FLENSBURGFLE@0 pos=BFKB | UKWC gamma VIII-III-IV rings=AAAA stecker=CN EH FU IV OY QX WZ
Hybrid gen 4/12 pop=12 blockB_greeks=0
  gen-best  9/18 (50%) tmpl=collapse:stack:FLENSBURGFLE@0 IC=0.0403 pos=BFKB | UKWC gamma VIII-III-IV rings=AAAA stecker=CN EH FU IV OY QX WZ
  all-time  9/18 tmpl=collapse:stack:FLENSBURGFLE@0 pos=BFKB | UKWC gamma VIII-III-IV rings=AAAA stecker=CN EH FU IV OY QX WZ
Hybrid gen 5/12 pop=12 blockB_greeks=0
  gen-best  9/18 (50%) tmpl=collapse:stack:FLENSBURGFLE@0 IC=0.0403 pos=BFKB | UKWC gamma VIII-III-IV rings=AAAA stecker=CN EH FU IV OY QX WZ
  all-time  9/18 tmpl=collapse:stack:FLENSBURGFLE@0 pos=BFKB | UKWC gamma VIII-III-IV rings=AAAA stecker=CN EH FU IV OY QX WZ
Hybrid gen 6/12 pop=12 blockB_greeks=0
  gen-best  9/18 (50%) tmpl=collapse:stack:FLENSBURGFLE@0 IC=0.0403 pos=BFKB | UKWC gamma VIII-III-IV rings=AAAA stecker=CN EH FU IV OY QX WZ
  all-time  9/18 tmpl=collapse:stack:FLENSBURGFLE@0 pos=BFKB | UKWC gamma VIII-III-IV rings=AAAA stecker=CN EH FU IV OY QX WZ
Hybrid gen 7/12 pop=12 blockB_greeks=0
  gen-best  9/18 (50%) tmpl=collapse:stack:FLENSBURGFLE@0 IC=0.0403 pos=BFKB | UKWC gamma VIII-III-IV rings=AAAA stecker=CN EH FU IV OY QX WZ
  all-time  9/18 tmpl=collapse:stack:FLENSBURGFLE@0 pos=BFKB | UKWC gamma VIII-III-IV rings=AAAA stecker=CN EH FU IV OY QX WZ
Hybrid gen 8/12 pop=12 blockB_greeks=0
  gen-best  9/18 (50%) tmpl=collapse:stack:FLENSBURGFLE@0 IC=0.0403 pos=BFKB | UKWC gamma VIII-III-IV rings=AAAA stecker=CN EH FU IV OY QX WZ
  all-time  9/18 tmpl=collapse:stack:FLENSBURGFLE@0 pos=BFKB | UKWC gamma VIII-III-IV rings=AAAA stecker=CN EH FU IV OY QX WZ
Hybrid gen 9/12 pop=12 blockB_greeks=0
  gen-best  9/18 (50%) tmpl=collapse:stack:FLENSBURGFLE@0 IC=0.0403 pos=BFKB | UKWC gamma VIII-III-IV rings=AAAA stecker=CN EH FU IV OY QX WZ
  all-time  9/18 tmpl=collapse:stack:FLENSBURGFLE@0 pos=BFKB | UKWC gamma VIII-III-IV rings=AAAA stecker=CN EH FU IV OY QX WZ
Hybrid gen 10/12 pop=12 blockB_greeks=0
  gen-best  9/18 (50%) tmpl=collapse:stack:FLENSBURGFLE@0 IC=0.0403 pos=BFKB | UKWC gamma VIII-III-IV rings=AAAA stecker=CN EH FU IV OY QX WZ
  all-time  9/18 tmpl=collapse:stack:FLENSBURGFLE@0 pos=BFKB | UKWC gamma VIII-III-IV rings=AAAA stecker=CN EH FU IV OY QX WZ
Hybrid gen 11/12 pop=12 blockB_greeks=0
  gen-best  9/18 (50%) tmpl=collapse:stack:FLENSBURGFLE@0 IC=0.0403 pos=BFKB | UKWC gamma VIII-III-IV rings=AAAA stecker=CN EH FU IV OY QX WZ
  all-time  9/18 tmpl=collapse:stack:FLENSBURGFLE@0 pos=BFKB | UKWC gamma VIII-III-IV rings=AAAA stecker=CN EH FU IV OY QX WZ
Hybrid gen 12/12 pop=12 blockB_greeks=0
  gen-best  9/18 (50%) tmpl=collapse:stack:FLENSBURGFLE@0 IC=0.0403 pos=BFKB | UKWC gamma VIII-III-IV rings=AAAA stecker=CN EH FU IV OY QX WZ
  all-time  9/18 tmpl=collapse:stack:FLENSBURGFLE@0 pos=BFKB | UKWC gamma VIII-III-IV rings=AAAA stecker=CN EH FU IV OY QX WZ
ASIC datapath backend: Metal-cleartext-KPA (B=17576 cleartext lanes/Greek)
Stochastic templates: 1 (constrained 18…18)
Shell evolution: ON freeRings=false WO=6 ringSeeds=2 subspace=potsdam-neighbourhood
Block B Greeks (fixed): (none) — fitness higher=better (KPA letter-match)
Hybrid gen 1/12 pop=12 blockB_greeks=0
  gen-best  7/18 (39%) tmpl=collapse:stack:FLENSBURGFLE@2 IC=0.0313 pos=DVRN | UKWB gamma IV-III-VIII rings=AAAA stecker=(none)
  all-time  7/18 tmpl=collapse:stack:FLENSBURGFLE@2 pos=DVRN | UKWB gamma IV-III-VIII rings=AAAA stecker=(none)
Hybrid gen 2/12 pop=12 blockB_greeks=0
  gen-best  8/18 (44%) tmpl=collapse:stack:FLENSBURGFLE@2 IC=0.0372 pos=WMDK | UKWB gamma VIII-IV-III rings=AAAA stecker=BK
  all-time  8/18 tmpl=collapse:stack:FLENSBURGFLE@2 pos=WMDK | UKWB gamma VIII-IV-III rings=AAAA stecker=BK
Hybrid gen 3/12 pop=12 blockB_greeks=0
  gen-best  8/18 (44%) tmpl=collapse:stack:FLENSBURGFLE@2 IC=0.0372 pos=WMDK | UKWB gamma VIII-IV-III rings=AAAA stecker=BK
  all-time  8/18 tmpl=collapse:stack:FLENSBURGFLE@2 pos=WMDK | UKWB gamma VIII-IV-III rings=AAAA stecker=BK
Hybrid gen 4/12 pop=12 blockB_greeks=0
  gen-best  9/18 (50%) tmpl=collapse:stack:FLENSBURGFLE@2 IC=0.0379 pos=WMDK | UKWB gamma VIII-IV-III rings=AAAA stecker=BK IN
  all-time  9/18 tmpl=collapse:stack:FLENSBURGFLE@2 pos=WMDK | UKWB gamma VIII-IV-III rings=AAAA stecker=BK IN
Hybrid gen 5/12 pop=12 blockB_greeks=0
  gen-best  9/18 (50%) tmpl=collapse:stack:FLENSBURGFLE@2 IC=0.0379 pos=WMDK | UKWB gamma VIII-IV-III rings=AAAA stecker=BK IN
  all-time  9/18 tmpl=collapse:stack:FLENSBURGFLE@2 pos=WMDK | UKWB gamma VIII-IV-III rings=AAAA stecker=BK IN
Hybrid gen 6/12 pop=12 blockB_greeks=0
  gen-best  9/18 (50%) tmpl=collapse:stack:FLENSBURGFLE@2 IC=0.0379 pos=WMDK | UKWB gamma VIII-IV-III rings=AAAA stecker=BK IN
  all-time  9/18 tmpl=collapse:stack:FLENSBURGFLE@2 pos=WMDK | UKWB gamma VIII-IV-III rings=AAAA stecker=BK IN
Hybrid gen 7/12 pop=12 blockB_greeks=0
  gen-best  9/18 (50%) tmpl=collapse:stack:FLENSBURGFLE@2 IC=0.0379 pos=WMDK | UKWB gamma VIII-IV-III rings=AAAA stecker=BK IN
  all-time  9/18 tmpl=collapse:stack:FLENSBURGFLE@2 pos=WMDK | UKWB gamma VIII-IV-III rings=AAAA stecker=BK IN
Hybrid gen 8/12 pop=12 blockB_greeks=0
  gen-best  9/18 (50%) tmpl=collapse:stack:FLENSBURGFLE@2 IC=0.0379 pos=WMDK | UKWB gamma VIII-IV-III rings=AAAA stecker=BK IN
  all-time  9/18 tmpl=collapse:stack:FLENSBURGFLE@2 pos=WMDK | UKWB gamma VIII-IV-III rings=AAAA stecker=BK IN
Hybrid gen 9/12 pop=12 blockB_greeks=0
  gen-best  10/18 (56%) tmpl=collapse:stack:FLENSBURGFLE@2 IC=0.0376 pos=GAKE | UKWC gamma VIII-IV-III rings=AAAA stecker=DJ FO SZ
  all-time  10/18 tmpl=collapse:stack:FLENSBURGFLE@2 pos=GAKE | UKWC gamma VIII-IV-III rings=AAAA stecker=DJ FO SZ
Hybrid gen 10/12 pop=12 blockB_greeks=0
  gen-best  10/18 (56%) tmpl=collapse:stack:FLENSBURGFLE@2 IC=0.0376 pos=GAKE | UKWC gamma VIII-IV-III rings=AAAA stecker=DJ FO SZ
  all-time  10/18 tmpl=collapse:stack:FLENSBURGFLE@2 pos=GAKE | UKWC gamma VIII-IV-III rings=AAAA stecker=DJ FO SZ
Hybrid gen 11/12 pop=12 blockB_greeks=0
  gen-best  10/18 (56%) tmpl=collapse:stack:FLENSBURGFLE@2 IC=0.0376 pos=GAKE | UKWC gamma VIII-IV-III rings=AAAA stecker=DJ FO SZ
  all-time  10/18 tmpl=collapse:stack:FLENSBURGFLE@2 pos=GAKE | UKWC gamma VIII-IV-III rings=AAAA stecker=DJ FO SZ
Hybrid gen 12/12 pop=12 blockB_greeks=0
  gen-best  10/18 (56%) tmpl=collapse:stack:FLENSBURGFLE@2 IC=0.0376 pos=GAKE | UKWC gamma VIII-IV-III rings=AAAA stecker=DJ FO SZ
  all-time  10/18 tmpl=collapse:stack:FLENSBURGFLE@2 pos=GAKE | UKWC gamma VIII-IV-III rings=AAAA stecker=DJ FO SZ
ASIC datapath backend: Metal-cleartext-KPA (B=17576 cleartext lanes/Greek)
Stochastic templates: 1 (constrained 18…18)
Shell evolution: ON freeRings=false WO=6 ringSeeds=2 subspace=potsdam-neighbourhood
Block B Greeks (fixed): (none) — fitness higher=better (KPA letter-match)
Hybrid gen 1/12 pop=12 blockB_greeks=0
  gen-best  8/18 (44%) tmpl=collapse:stack:GEHEIMGEHEIM@0 IC=0.0407 pos=HLHO | UKWC gamma IV-VIII-III rings=AAAA stecker=CZ DU ET FV GI HP JO LW QR
  all-time  8/18 tmpl=collapse:stack:GEHEIMGEHEIM@0 pos=HLHO | UKWC gamma IV-VIII-III rings=AAAA stecker=CZ DU ET FV GI HP JO LW QR
Hybrid gen 2/12 pop=12 blockB_greeks=0
  gen-best  8/18 (44%) tmpl=collapse:stack:GEHEIMGEHEIM@0 IC=0.0407 pos=HLHO | UKWC gamma IV-VIII-III rings=AAAA stecker=CZ DU ET FV GI HP JO LW QR
  all-time  8/18 tmpl=collapse:stack:GEHEIMGEHEIM@0 pos=HLHO | UKWC gamma IV-VIII-III rings=AAAA stecker=CZ DU ET FV GI HP JO LW QR
Hybrid gen 3/12 pop=12 blockB_greeks=0
  gen-best  8/18 (44%) tmpl=collapse:stack:GEHEIMGEHEIM@0 IC=0.0407 pos=HLHO | UKWC gamma IV-VIII-III rings=AAAA stecker=CZ DU ET FV GI HP JO LW QR
  all-time  8/18 tmpl=collapse:stack:GEHEIMGEHEIM@0 pos=HLHO | UKWC gamma IV-VIII-III rings=AAAA stecker=CZ DU ET FV GI HP JO LW QR
Hybrid gen 4/12 pop=12 blockB_greeks=0
  gen-best  9/18 (50%) tmpl=collapse:stack:GEHEIMGEHEIM@0 IC=0.0454 pos=HLHO | UKWC gamma IV-VIII-III rings=AAAA stecker=AL CZ DU ET GI HP JO QR WX
  all-time  9/18 tmpl=collapse:stack:GEHEIMGEHEIM@0 pos=HLHO | UKWC gamma IV-VIII-III rings=AAAA stecker=AL CZ DU ET GI HP JO QR WX
Hybrid gen 5/12 pop=12 blockB_greeks=0
  gen-best  9/18 (50%) tmpl=collapse:stack:GEHEIMGEHEIM@0 IC=0.0454 pos=HLHO | UKWC gamma IV-VIII-III rings=AAAA stecker=AL CZ DU ET GI HP JO QR WX
  all-time  9/18 tmpl=collapse:stack:GEHEIMGEHEIM@0 pos=HLHO | UKWC gamma IV-VIII-III rings=AAAA stecker=AL CZ DU ET GI HP JO QR WX
Hybrid gen 6/12 pop=12 blockB_greeks=0
  gen-best  9/18 (50%) tmpl=collapse:stack:GEHEIMGEHEIM@0 IC=0.0454 pos=HLHO | UKWC gamma IV-VIII-III rings=AAAA stecker=AL CZ DU ET GI HP JO QR WX
  all-time  9/18 tmpl=collapse:stack:GEHEIMGEHEIM@0 pos=HLHO | UKWC gamma IV-VIII-III rings=AAAA stecker=AL CZ DU ET GI HP JO QR WX
Hybrid gen 7/12 pop=12 blockB_greeks=0
  gen-best  10/18 (56%) tmpl=collapse:stack:GEHEIMGEHEIM@0 IC=0.0466 pos=HLHO | UKWC gamma IV-VIII-III rings=AAAA stecker=AL BS CZ DU ET GI HP JO QR WX
  all-time  10/18 tmpl=collapse:stack:GEHEIMGEHEIM@0 pos=HLHO | UKWC gamma IV-VIII-III rings=AAAA stecker=AL BS CZ DU ET GI HP JO QR WX
Hybrid gen 8/12 pop=12 blockB_greeks=0
  gen-best  10/18 (56%) tmpl=collapse:stack:GEHEIMGEHEIM@0 IC=0.0466 pos=HLHO | UKWC gamma IV-VIII-III rings=AAAA stecker=AL BS CZ DU ET GI HP JO QR WX
  all-time  10/18 tmpl=collapse:stack:GEHEIMGEHEIM@0 pos=HLHO | UKWC gamma IV-VIII-III rings=AAAA stecker=AL BS CZ DU ET GI HP JO QR WX
Hybrid gen 9/12 pop=12 blockB_greeks=0
  gen-best  10/18 (56%) tmpl=collapse:stack:GEHEIMGEHEIM@0 IC=0.0466 pos=HLHO | UKWC gamma IV-VIII-III rings=AAAA stecker=AL BS CZ DU ET GI HP JO QR WX
  all-time  10/18 tmpl=collapse:stack:GEHEIMGEHEIM@0 pos=HLHO | UKWC gamma IV-VIII-III rings=AAAA stecker=AL BS CZ DU ET GI HP JO QR WX
Hybrid gen 10/12 pop=12 blockB_greeks=0
  gen-best  10/18 (56%) tmpl=collapse:stack:GEHEIMGEHEIM@0 IC=0.0466 pos=HLHO | UKWC gamma IV-VIII-III rings=AAAA stecker=AL BS CZ DU ET GI HP JO QR WX
  all-time  10/18 tmpl=collapse:stack:GEHEIMGEHEIM@0 pos=HLHO | UKWC gamma IV-VIII-III rings=AAAA stecker=AL BS CZ DU ET GI HP JO QR WX
Hybrid gen 11/12 pop=12 blockB_greeks=0
  gen-best  10/18 (56%) tmpl=collapse:stack:GEHEIMGEHEIM@0 IC=0.0466 pos=HLHO | UKWC gamma IV-VIII-III rings=AAAA stecker=AL BS CZ DU ET GI HP JO QR WX
  all-time  10/18 tmpl=collapse:stack:GEHEIMGEHEIM@0 pos=HLHO | UKWC gamma IV-VIII-III rings=AAAA stecker=AL BS CZ DU ET GI HP JO QR WX
Hybrid gen 12/12 pop=12 blockB_greeks=0
  gen-best  10/18 (56%) tmpl=collapse:stack:GEHEIMGEHEIM@0 IC=0.0466 pos=HLHO | UKWC gamma IV-VIII-III rings=AAAA stecker=AL BS CZ DU ET GI HP JO QR WX
  all-time  10/18 tmpl=collapse:stack:GEHEIMGEHEIM@0 pos=HLHO | UKWC gamma IV-VIII-III rings=AAAA stecker=AL BS CZ DU ET GI HP JO QR WX
ASIC datapath backend: Metal-cleartext-KPA (B=17576 cleartext lanes/Greek)
Stochastic templates: 1 (constrained 18…18)
Shell evolution: ON freeRings=false WO=6 ringSeeds=2 subspace=potsdam-neighbourhood
Block B Greeks (fixed): (none) — fitness higher=better (KPA letter-match)
Hybrid gen 1/12 pop=12 blockB_greeks=0
  gen-best  7/18 (39%) tmpl=collapse:stack:GEHEIMGEHEIM@2 IC=0.0383 pos=COMH | UKWB gamma IV-III-VIII rings=AAAA stecker=(none)
  all-time  7/18 tmpl=collapse:stack:GEHEIMGEHEIM@2 pos=COMH | UKWB gamma IV-III-VIII rings=AAAA stecker=(none)
Hybrid gen 2/12 pop=12 blockB_greeks=0
  gen-best  8/18 (44%) tmpl=collapse:stack:GEHEIMGEHEIM@2 IC=0.0399 pos=CEMZ | UKWB beta IV-VIII-III rings=AACU stecker=JU
  all-time  8/18 tmpl=collapse:stack:GEHEIMGEHEIM@2 pos=CEMZ | UKWB beta IV-VIII-III rings=AACU stecker=JU
Hybrid gen 3/12 pop=12 blockB_greeks=0
  gen-best  8/18 (44%) tmpl=collapse:stack:GEHEIMGEHEIM@2 IC=0.0399 pos=CEMZ | UKWB beta IV-VIII-III rings=AACU stecker=JU
  all-time  8/18 tmpl=collapse:stack:GEHEIMGEHEIM@2 pos=CEMZ | UKWB beta IV-VIII-III rings=AACU stecker=JU
Hybrid gen 4/12 pop=12 blockB_greeks=0
  gen-best  8/18 (44%) tmpl=collapse:stack:GEHEIMGEHEIM@2 IC=0.0399 pos=CEMZ | UKWB beta IV-VIII-III rings=AACU stecker=JU
  all-time  8/18 tmpl=collapse:stack:GEHEIMGEHEIM@2 pos=CEMZ | UKWB beta IV-VIII-III rings=AACU stecker=JU
Hybrid gen 5/12 pop=12 blockB_greeks=0
  gen-best  8/18 (44%) tmpl=collapse:stack:GEHEIMGEHEIM@2 IC=0.0399 pos=CEMZ | UKWB beta IV-VIII-III rings=AACU stecker=JU
  all-time  8/18 tmpl=collapse:stack:GEHEIMGEHEIM@2 pos=CEMZ | UKWB beta IV-VIII-III rings=AACU stecker=JU
Hybrid gen 6/12 pop=12 blockB_greeks=0
  gen-best  8/18 (44%) tmpl=collapse:stack:GEHEIMGEHEIM@2 IC=0.0399 pos=CEMZ | UKWB beta IV-VIII-III rings=AACU stecker=JU
  all-time  8/18 tmpl=collapse:stack:GEHEIMGEHEIM@2 pos=CEMZ | UKWB beta IV-VIII-III rings=AACU stecker=JU
Hybrid gen 7/12 pop=12 blockB_greeks=0
  gen-best  9/18 (50%) tmpl=collapse:stack:GEHEIMGEHEIM@2 IC=0.0423 pos=IRBK | UKWB beta VIII-IV-III rings=AACA stecker=PY WX
  all-time  9/18 tmpl=collapse:stack:GEHEIMGEHEIM@2 pos=IRBK | UKWB beta VIII-IV-III rings=AACA stecker=PY WX
Hybrid gen 8/12 pop=12 blockB_greeks=0
  gen-best  9/18 (50%) tmpl=collapse:stack:GEHEIMGEHEIM@2 IC=0.0423 pos=IRBK | UKWB beta VIII-IV-III rings=AACA stecker=PY WX
  all-time  9/18 tmpl=collapse:stack:GEHEIMGEHEIM@2 pos=IRBK | UKWB beta VIII-IV-III rings=AACA stecker=PY WX
Hybrid gen 9/12 pop=12 blockB_greeks=0
  gen-best  9/18 (50%) tmpl=collapse:stack:GEHEIMGEHEIM@2 IC=0.0423 pos=IRBK | UKWB beta VIII-IV-III rings=AACA stecker=PY WX
  all-time  9/18 tmpl=collapse:stack:GEHEIMGEHEIM@2 pos=IRBK | UKWB beta VIII-IV-III rings=AACA stecker=PY WX
Hybrid gen 10/12 pop=12 blockB_greeks=0
  gen-best  9/18 (50%) tmpl=collapse:stack:GEHEIMGEHEIM@2 IC=0.0423 pos=IRBK | UKWB beta VIII-IV-III rings=AACA stecker=PY WX
  all-time  9/18 tmpl=collapse:stack:GEHEIMGEHEIM@2 pos=IRBK | UKWB beta VIII-IV-III rings=AACA stecker=PY WX
Hybrid gen 11/12 pop=12 blockB_greeks=0
  gen-best  9/18 (50%) tmpl=collapse:stack:GEHEIMGEHEIM@2 IC=0.0423 pos=IRBK | UKWB beta VIII-IV-III rings=AACA stecker=PY WX
  all-time  9/18 tmpl=collapse:stack:GEHEIMGEHEIM@2 pos=IRBK | UKWB beta VIII-IV-III rings=AACA stecker=PY WX
Hybrid gen 12/12 pop=12 blockB_greeks=0
  gen-best  9/18 (50%) tmpl=collapse:stack:GEHEIMGEHEIM@2 IC=0.0423 pos=IRBK | UKWB beta VIII-IV-III rings=AACA stecker=PY WX
  all-time  9/18 tmpl=collapse:stack:GEHEIMGEHEIM@2 pos=IRBK | UKWB beta VIII-IV-III rings=AACA stecker=PY WX
ASIC datapath backend: Metal-cleartext-KPA (B=17576 cleartext lanes/Greek)
Stochastic templates: 1 (constrained 18…18)
Shell evolution: ON freeRings=false WO=6 ringSeeds=2 subspace=potsdam-neighbourhood
Block B Greeks (fixed): (none) — fitness higher=better (KPA letter-match)
Hybrid gen 1/12 pop=12 blockB_greeks=0
  gen-best  7/18 (39%) tmpl=collapse:stack:MELDENMELDEN@1 IC=0.0352 pos=FXRZ | UKWB gamma IV-III-VIII rings=AAAA stecker=(none)
  all-time  7/18 tmpl=collapse:stack:MELDENMELDEN@1 pos=FXRZ | UKWB gamma IV-III-VIII rings=AAAA stecker=(none)
Hybrid gen 2/12 pop=12 blockB_greeks=0
  gen-best  8/18 (44%) tmpl=collapse:stack:MELDENMELDEN@1 IC=0.0403 pos=QVNW | UKWB gamma IV-III-VIII rings=AAAA stecker=BD CZ FW KL OT PS XY
  all-time  8/18 tmpl=collapse:stack:MELDENMELDEN@1 pos=QVNW | UKWB gamma IV-III-VIII rings=AAAA stecker=BD CZ FW KL OT PS XY
Hybrid gen 3/12 pop=12 blockB_greeks=0
  gen-best  8/18 (44%) tmpl=collapse:stack:MELDENMELDEN@1 IC=0.0403 pos=QVNW | UKWB gamma IV-III-VIII rings=AAAA stecker=BD CZ FW KL OT PS XY
  all-time  8/18 tmpl=collapse:stack:MELDENMELDEN@1 pos=QVNW | UKWB gamma IV-III-VIII rings=AAAA stecker=BD CZ FW KL OT PS XY
Hybrid gen 4/12 pop=12 blockB_greeks=0
  gen-best  8/18 (44%) tmpl=collapse:stack:MELDENMELDEN@1 IC=0.0403 pos=QVNW | UKWB gamma IV-III-VIII rings=AAAA stecker=BD CZ FW KL OT PS XY
  all-time  8/18 tmpl=collapse:stack:MELDENMELDEN@1 pos=QVNW | UKWB gamma IV-III-VIII rings=AAAA stecker=BD CZ FW KL OT PS XY
Hybrid gen 5/12 pop=12 blockB_greeks=0
  gen-best  9/18 (50%) tmpl=collapse:stack:MELDENMELDEN@1 IC=0.0407 pos=POFH | UKWB gamma IV-III-VIII rings=AAAA stecker=BD CZ EF IS KL NW OT XY
  all-time  9/18 tmpl=collapse:stack:MELDENMELDEN@1 pos=POFH | UKWB gamma IV-III-VIII rings=AAAA stecker=BD CZ EF IS KL NW OT XY
Hybrid gen 6/12 pop=12 blockB_greeks=0
  gen-best  9/18 (50%) tmpl=collapse:stack:MELDENMELDEN@1 IC=0.0407 pos=POFH | UKWB gamma IV-III-VIII rings=AAAA stecker=BD CZ EF IS KL NW OT XY
  all-time  9/18 tmpl=collapse:stack:MELDENMELDEN@1 pos=POFH | UKWB gamma IV-III-VIII rings=AAAA stecker=BD CZ EF IS KL NW OT XY
Hybrid gen 7/12 pop=12 blockB_greeks=0
  gen-best  10/18 (56%) tmpl=collapse:stack:MELDENMELDEN@1 IC=0.0415 pos=POFH | UKWB gamma IV-III-VIII rings=AAAA stecker=BD CZ EF GR IS KL NW OT XY
  all-time  10/18 tmpl=collapse:stack:MELDENMELDEN@1 pos=POFH | UKWB gamma IV-III-VIII rings=AAAA stecker=BD CZ EF GR IS KL NW OT XY
Hybrid gen 8/12 pop=12 blockB_greeks=0
  gen-best  10/18 (56%) tmpl=collapse:stack:MELDENMELDEN@1 IC=0.0415 pos=POFH | UKWB gamma IV-III-VIII rings=AAAA stecker=BD CZ EF GR IS KL NW OT XY
  all-time  10/18 tmpl=collapse:stack:MELDENMELDEN@1 pos=POFH | UKWB gamma IV-III-VIII rings=AAAA stecker=BD CZ EF GR IS KL NW OT XY
Hybrid gen 9/12 pop=12 blockB_greeks=0
  gen-best  10/18 (56%) tmpl=collapse:stack:MELDENMELDEN@1 IC=0.0415 pos=POFH | UKWB gamma IV-III-VIII rings=AAAA stecker=BD CZ EF GR IS KL NW OT XY
  all-time  10/18 tmpl=collapse:stack:MELDENMELDEN@1 pos=POFH | UKWB gamma IV-III-VIII rings=AAAA stecker=BD CZ EF GR IS KL NW OT XY
Hybrid gen 10/12 pop=12 blockB_greeks=0
  gen-best  10/18 (56%) tmpl=collapse:stack:MELDENMELDEN@1 IC=0.0415 pos=POFH | UKWB gamma IV-III-VIII rings=AAAA stecker=BD CZ EF GR IS KL NW OT XY
  all-time  10/18 tmpl=collapse:stack:MELDENMELDEN@1 pos=POFH | UKWB gamma IV-III-VIII rings=AAAA stecker=BD CZ EF GR IS KL NW OT XY
Hybrid gen 11/12 pop=12 blockB_greeks=0
  gen-best  10/18 (56%) tmpl=collapse:stack:MELDENMELDEN@1 IC=0.0415 pos=POFH | UKWB gamma IV-III-VIII rings=AAAA stecker=BD CZ EF GR IS KL NW OT XY
  all-time  10/18 tmpl=collapse:stack:MELDENMELDEN@1 pos=POFH | UKWB gamma IV-III-VIII rings=AAAA stecker=BD CZ EF GR IS KL NW OT XY
Hybrid gen 12/12 pop=12 blockB_greeks=0
  gen-best  11/18 (61%) tmpl=collapse:stack:MELDENMELDEN@1 IC=0.0419 pos=POFH | UKWB gamma IV-III-VIII rings=AAAA stecker=BD CZ EF GR IS JU KL NW OT XY
  all-time  11/18 tmpl=collapse:stack:MELDENMELDEN@1 pos=POFH | UKWB gamma IV-III-VIII rings=AAAA stecker=BD CZ EF GR IS JU KL NW OT XY
ASIC datapath backend: Metal-cleartext-KPA (B=17576 cleartext lanes/Greek)
Stochastic templates: 1 (constrained 18…18)
Shell evolution: ON freeRings=false WO=6 ringSeeds=2 subspace=potsdam-neighbourhood
Block B Greeks (fixed): (none) — fitness higher=better (KPA letter-match)
Hybrid gen 1/12 pop=12 blockB_greeks=0
  gen-best  8/18 (44%) tmpl=collapse:stack:REGENBOGENRE@3 IC=0.0411 pos=QSZE | UKWB gamma IV-III-VIII rings=AAAA stecker=(none)
  all-time  8/18 tmpl=collapse:stack:REGENBOGENRE@3 pos=QSZE | UKWB gamma IV-III-VIII rings=AAAA stecker=(none)
Hybrid gen 2/12 pop=12 blockB_greeks=0
  gen-best  8/18 (44%) tmpl=collapse:stack:REGENBOGENRE@3 IC=0.0411 pos=QSZE | UKWB gamma IV-III-VIII rings=AAAA stecker=(none)
  all-time  8/18 tmpl=collapse:stack:REGENBOGENRE@3 pos=QSZE | UKWB gamma IV-III-VIII rings=AAAA stecker=(none)
Hybrid gen 3/12 pop=12 blockB_greeks=0
  gen-best  9/18 (50%) tmpl=collapse:stack:REGENBOGENRE@3 IC=0.0344 pos=WGBC | UKWB beta VIII-III-IV rings=AACU stecker=AI BU CY EM GZ HK JQ RS WX
  all-time  9/18 tmpl=collapse:stack:REGENBOGENRE@3 pos=WGBC | UKWB beta VIII-III-IV rings=AACU stecker=AI BU CY EM GZ HK JQ RS WX
Hybrid gen 4/12 pop=12 blockB_greeks=0
  gen-best  9/18 (50%) tmpl=collapse:stack:REGENBOGENRE@3 IC=0.0344 pos=WGBC | UKWB beta VIII-III-IV rings=AACU stecker=AI BU CY EM GZ HK JQ RS WX
  all-time  9/18 tmpl=collapse:stack:REGENBOGENRE@3 pos=WGBC | UKWB beta VIII-III-IV rings=AACU stecker=AI BU CY EM GZ HK JQ RS WX
Hybrid gen 5/12 pop=12 blockB_greeks=0
  gen-best  9/18 (50%) tmpl=collapse:stack:REGENBOGENRE@3 IC=0.0344 pos=WGBC | UKWB beta VIII-III-IV rings=AACU stecker=AI BU CY EM GZ HK JQ RS WX
  all-time  9/18 tmpl=collapse:stack:REGENBOGENRE@3 pos=WGBC | UKWB beta VIII-III-IV rings=AACU stecker=AI BU CY EM GZ HK JQ RS WX
Hybrid gen 6/12 pop=12 blockB_greeks=0
  gen-best  9/18 (50%) tmpl=collapse:stack:REGENBOGENRE@3 IC=0.0344 pos=WGBC | UKWB beta VIII-III-IV rings=AACU stecker=AI BU CY EM GZ HK JQ RS WX
  all-time  9/18 tmpl=collapse:stack:REGENBOGENRE@3 pos=WGBC | UKWB beta VIII-III-IV rings=AACU stecker=AI BU CY EM GZ HK JQ RS WX
Hybrid gen 7/12 pop=12 blockB_greeks=0
  gen-best  10/18 (56%) tmpl=collapse:stack:REGENBOGENRE@3 IC=0.0360 pos=WGBC | UKWB beta VIII-III-IV rings=AACU stecker=AI BU CY DV EM GZ HK JL RS WX
  all-time  10/18 tmpl=collapse:stack:REGENBOGENRE@3 pos=WGBC | UKWB beta VIII-III-IV rings=AACU stecker=AI BU CY DV EM GZ HK JL RS WX
Hybrid gen 8/12 pop=12 blockB_greeks=0
  gen-best  10/18 (56%) tmpl=collapse:stack:REGENBOGENRE@3 IC=0.0360 pos=WGBC | UKWB beta VIII-III-IV rings=AACU stecker=AI BU CY DV EM GZ HK JL RS WX
  all-time  10/18 tmpl=collapse:stack:REGENBOGENRE@3 pos=WGBC | UKWB beta VIII-III-IV rings=AACU stecker=AI BU CY DV EM GZ HK JL RS WX
Hybrid gen 9/12 pop=12 blockB_greeks=0
  gen-best  10/18 (56%) tmpl=collapse:stack:REGENBOGENRE@3 IC=0.0360 pos=WGBC | UKWB beta VIII-III-IV rings=AACU stecker=AI BU CY DV EM GZ HK JL RS WX
  all-time  10/18 tmpl=collapse:stack:REGENBOGENRE@3 pos=WGBC | UKWB beta VIII-III-IV rings=AACU stecker=AI BU CY DV EM GZ HK JL RS WX
Hybrid gen 10/12 pop=12 blockB_greeks=0
  gen-best  10/18 (56%) tmpl=collapse:stack:REGENBOGENRE@3 IC=0.0360 pos=WGBC | UKWB beta VIII-III-IV rings=AACU stecker=AI BU CY DV EM GZ HK JL RS WX
  all-time  10/18 tmpl=collapse:stack:REGENBOGENRE@3 pos=WGBC | UKWB beta VIII-III-IV rings=AACU stecker=AI BU CY DV EM GZ HK JL RS WX
Hybrid gen 11/12 pop=12 blockB_greeks=0
  gen-best  10/18 (56%) tmpl=collapse:stack:REGENBOGENRE@3 IC=0.0360 pos=WGBC | UKWB beta VIII-III-IV rings=AACU stecker=AI BU CY DV EM GZ HK JL RS WX
  all-time  10/18 tmpl=collapse:stack:REGENBOGENRE@3 pos=WGBC | UKWB beta VIII-III-IV rings=AACU stecker=AI BU CY DV EM GZ HK JL RS WX
Hybrid gen 12/12 pop=12 blockB_greeks=0
  gen-best  10/18 (56%) tmpl=collapse:stack:REGENBOGENRE@3 IC=0.0360 pos=WGBC | UKWB beta VIII-III-IV rings=AACU stecker=AI BU CY DV EM GZ HK JL RS WX
  all-time  10/18 tmpl=collapse:stack:REGENBOGENRE@3 pos=WGBC | UKWB beta VIII-III-IV rings=AACU stecker=AI BU CY DV EM GZ HK JL RS WX
ASIC datapath backend: Metal-cleartext-KPA (B=17576 cleartext lanes/Greek)
Stochastic templates: 1 (constrained 18…18)
Shell evolution: ON freeRings=false WO=6 ringSeeds=2 subspace=potsdam-neighbourhood
Block B Greeks (fixed): (none) — fitness higher=better (KPA letter-match)
Hybrid gen 1/12 pop=12 blockB_greeks=0
  gen-best  7/18 (39%) tmpl=collapse:stack:SOFORTSOFORT@0 IC=0.0403 pos=AWPE | UKWB gamma IV-III-VIII rings=AAAA stecker=(none)
  all-time  7/18 tmpl=collapse:stack:SOFORTSOFORT@0 pos=AWPE | UKWB gamma IV-III-VIII rings=AAAA stecker=(none)
Hybrid gen 2/12 pop=12 blockB_greeks=0
  gen-best  8/18 (44%) tmpl=collapse:stack:SOFORTSOFORT@0 IC=0.0419 pos=YUMM | UKWC gamma III-VIII-IV rings=AACU stecker=HS
  all-time  8/18 tmpl=collapse:stack:SOFORTSOFORT@0 pos=YUMM | UKWC gamma III-VIII-IV rings=AACU stecker=HS
Hybrid gen 3/12 pop=12 blockB_greeks=0
  gen-best  8/18 (44%) tmpl=collapse:stack:SOFORTSOFORT@0 IC=0.0419 pos=YUMM | UKWC gamma III-VIII-IV rings=AACU stecker=HS
  all-time  8/18 tmpl=collapse:stack:SOFORTSOFORT@0 pos=YUMM | UKWC gamma III-VIII-IV rings=AACU stecker=HS
Hybrid gen 4/12 pop=12 blockB_greeks=0
  gen-best  8/18 (44%) tmpl=collapse:stack:SOFORTSOFORT@0 IC=0.0419 pos=YUMM | UKWC gamma III-VIII-IV rings=AACU stecker=HS
  all-time  8/18 tmpl=collapse:stack:SOFORTSOFORT@0 pos=YUMM | UKWC gamma III-VIII-IV rings=AACU stecker=HS
Hybrid gen 5/12 pop=12 blockB_greeks=0
  gen-best  9/18 (50%) tmpl=collapse:stack:SOFORTSOFORT@0 IC=0.0372 pos=WNMF | UKWC gamma IV-III-VIII rings=AACU stecker=AS DX IW OR TV
  all-time  9/18 tmpl=collapse:stack:SOFORTSOFORT@0 pos=WNMF | UKWC gamma IV-III-VIII rings=AACU stecker=AS DX IW OR TV
Hybrid gen 6/12 pop=12 blockB_greeks=0
  gen-best  9/18 (50%) tmpl=collapse:stack:SOFORTSOFORT@0 IC=0.0372 pos=WNMF | UKWC gamma IV-III-VIII rings=AACU stecker=AS DX IW OR TV
  all-time  9/18 tmpl=collapse:stack:SOFORTSOFORT@0 pos=WNMF | UKWC gamma IV-III-VIII rings=AACU stecker=AS DX IW OR TV
Hybrid gen 7/12 pop=12 blockB_greeks=0
  gen-best  9/18 (50%) tmpl=collapse:stack:SOFORTSOFORT@0 IC=0.0372 pos=WNMF | UKWC gamma IV-III-VIII rings=AACU stecker=AS DX IW OR TV
  all-time  9/18 tmpl=collapse:stack:SOFORTSOFORT@0 pos=WNMF | UKWC gamma IV-III-VIII rings=AACU stecker=AS DX IW OR TV
Hybrid gen 8/12 pop=12 blockB_greeks=0
  gen-best  9/18 (50%) tmpl=collapse:stack:SOFORTSOFORT@0 IC=0.0372 pos=WNMF | UKWC gamma IV-III-VIII rings=AACU stecker=AS DX IW OR TV
  all-time  9/18 tmpl=collapse:stack:SOFORTSOFORT@0 pos=WNMF | UKWC gamma IV-III-VIII rings=AACU stecker=AS DX IW OR TV
Hybrid gen 9/12 pop=12 blockB_greeks=0
  gen-best  9/18 (50%) tmpl=collapse:stack:SOFORTSOFORT@0 IC=0.0372 pos=WNMF | UKWC gamma IV-III-VIII rings=AACU stecker=AS DX IW OR TV
  all-time  9/18 tmpl=collapse:stack:SOFORTSOFORT@0 pos=WNMF | UKWC gamma IV-III-VIII rings=AACU stecker=AS DX IW OR TV
Hybrid gen 10/12 pop=12 blockB_greeks=0
  gen-best  9/18 (50%) tmpl=collapse:stack:SOFORTSOFORT@0 IC=0.0372 pos=WNMF | UKWC gamma IV-III-VIII rings=AACU stecker=AS DX IW OR TV
  all-time  9/18 tmpl=collapse:stack:SOFORTSOFORT@0 pos=WNMF | UKWC gamma IV-III-VIII rings=AACU stecker=AS DX IW OR TV
Hybrid gen 11/12 pop=12 blockB_greeks=0
  gen-best  9/18 (50%) tmpl=collapse:stack:SOFORTSOFORT@0 IC=0.0372 pos=WNMF | UKWC gamma IV-III-VIII rings=AACU stecker=AS DX IW OR TV
  all-time  9/18 tmpl=collapse:stack:SOFORTSOFORT@0 pos=WNMF | UKWC gamma IV-III-VIII rings=AACU stecker=AS DX IW OR TV
Hybrid gen 12/12 pop=12 blockB_greeks=0
  gen-best  10/18 (56%) tmpl=collapse:stack:SOFORTSOFORT@0 IC=0.0356 pos=WNMF | UKWC gamma IV-III-VIII rings=AACU stecker=AS DX IW OR TV YZ
  all-time  10/18 tmpl=collapse:stack:SOFORTSOFORT@0 pos=WNMF | UKWC gamma IV-III-VIII rings=AACU stecker=AS DX IW OR TV YZ
ASIC datapath backend: Metal-cleartext-KPA (B=17576 cleartext lanes/Greek)
Stochastic templates: 1 (constrained 17…17)
Shell evolution: ON freeRings=false WO=6 ringSeeds=2 subspace=potsdam-neighbourhood
Block B Greeks (fixed): (none) — fitness higher=better (KPA letter-match)
Hybrid gen 1/12 pop=12 blockB_greeks=0
  gen-best  7/17 (41%) tmpl=collapse:ALLESTELLENMELDE@2 IC=0.0376 pos=AFRI | UKWB gamma IV-III-VIII rings=AAAA stecker=(none)
  all-time  7/17 tmpl=collapse:ALLESTELLENMELDE@2 pos=AFRI | UKWB gamma IV-III-VIII rings=AAAA stecker=(none)
Hybrid gen 2/12 pop=12 blockB_greeks=0
  gen-best  9/17 (53%) tmpl=collapse:ALLESTELLENMELDE@2 IC=0.0399 pos=BNCT | UKWC beta VIII-IV-III rings=AACU stecker=AS BG HM NV UZ
  all-time  9/17 tmpl=collapse:ALLESTELLENMELDE@2 pos=BNCT | UKWC beta VIII-IV-III rings=AACU stecker=AS BG HM NV UZ
Hybrid gen 3/12 pop=12 blockB_greeks=0
  gen-best  9/17 (53%) tmpl=collapse:ALLESTELLENMELDE@2 IC=0.0399 pos=BNCT | UKWC beta VIII-IV-III rings=AACU stecker=AS BG HM NV UZ
  all-time  9/17 tmpl=collapse:ALLESTELLENMELDE@2 pos=BNCT | UKWC beta VIII-IV-III rings=AACU stecker=AS BG HM NV UZ
Hybrid gen 4/12 pop=12 blockB_greeks=0
  gen-best  9/17 (53%) tmpl=collapse:ALLESTELLENMELDE@2 IC=0.0399 pos=BNCT | UKWC beta VIII-IV-III rings=AACU stecker=AS BG HM NV UZ
  all-time  9/17 tmpl=collapse:ALLESTELLENMELDE@2 pos=BNCT | UKWC beta VIII-IV-III rings=AACU stecker=AS BG HM NV UZ
Hybrid gen 5/12 pop=12 blockB_greeks=0
  gen-best  9/17 (53%) tmpl=collapse:ALLESTELLENMELDE@2 IC=0.0399 pos=BNCT | UKWC beta VIII-IV-III rings=AACU stecker=AS BG HM NV UZ
  all-time  9/17 tmpl=collapse:ALLESTELLENMELDE@2 pos=BNCT | UKWC beta VIII-IV-III rings=AACU stecker=AS BG HM NV UZ
Hybrid gen 6/12 pop=12 blockB_greeks=0
  gen-best  9/17 (53%) tmpl=collapse:ALLESTELLENMELDE@2 IC=0.0399 pos=BNCT | UKWC beta VIII-IV-III rings=AACU stecker=AS BG HM NV UZ
  all-time  9/17 tmpl=collapse:ALLESTELLENMELDE@2 pos=BNCT | UKWC beta VIII-IV-III rings=AACU stecker=AS BG HM NV UZ
Hybrid gen 7/12 pop=12 blockB_greeks=0
  gen-best  9/17 (53%) tmpl=collapse:ALLESTELLENMELDE@2 IC=0.0399 pos=BNCT | UKWC beta VIII-IV-III rings=AACU stecker=AS BG HM NV UZ
  all-time  9/17 tmpl=collapse:ALLESTELLENMELDE@2 pos=BNCT | UKWC beta VIII-IV-III rings=AACU stecker=AS BG HM NV UZ
Hybrid gen 8/12 pop=12 blockB_greeks=0
  gen-best  10/17 (59%) tmpl=collapse:ALLESTELLENMELDE@2 IC=0.0356 pos=BNDZ | UKWC beta VIII-IV-III rings=AACA stecker=AS BG HM NV UX
  all-time  10/17 tmpl=collapse:ALLESTELLENMELDE@2 pos=BNDZ | UKWC beta VIII-IV-III rings=AACA stecker=AS BG HM NV UX
Hybrid gen 9/12 pop=12 blockB_greeks=0
  gen-best  10/17 (59%) tmpl=collapse:ALLESTELLENMELDE@2 IC=0.0356 pos=BNDZ | UKWC beta VIII-IV-III rings=AACA stecker=AS BG HM NV UX
  all-time  10/17 tmpl=collapse:ALLESTELLENMELDE@2 pos=BNDZ | UKWC beta VIII-IV-III rings=AACA stecker=AS BG HM NV UX
Hybrid gen 10/12 pop=12 blockB_greeks=0
  gen-best  10/17 (59%) tmpl=collapse:ALLESTELLENMELDE@2 IC=0.0356 pos=BNDZ | UKWC beta VIII-IV-III rings=AACA stecker=AS BG HM NV UX
  all-time  10/17 tmpl=collapse:ALLESTELLENMELDE@2 pos=BNDZ | UKWC beta VIII-IV-III rings=AACA stecker=AS BG HM NV UX
Hybrid gen 11/12 pop=12 blockB_greeks=0
  gen-best  10/17 (59%) tmpl=collapse:ALLESTELLENMELDE@2 IC=0.0356 pos=BNDZ | UKWC beta VIII-IV-III rings=AACA stecker=AS BG HM NV UX
  all-time  10/17 tmpl=collapse:ALLESTELLENMELDE@2 pos=BNDZ | UKWC beta VIII-IV-III rings=AACA stecker=AS BG HM NV UX
Hybrid gen 12/12 pop=12 blockB_greeks=0
  gen-best  10/17 (59%) tmpl=collapse:ALLESTELLENMELDE@2 IC=0.0356 pos=BNDZ | UKWC beta VIII-IV-III rings=AACA stecker=AS BG HM NV UX
  all-time  10/17 tmpl=collapse:ALLESTELLENMELDE@2 pos=BNDZ | UKWC beta VIII-IV-III rings=AACA stecker=AS BG HM NV UX
ASIC datapath backend: Metal-cleartext-KPA (B=17576 cleartext lanes/Greek)
Stochastic templates: 1 (constrained 17…17)
Shell evolution: ON freeRings=false WO=6 ringSeeds=2 subspace=potsdam-neighbourhood
Block B Greeks (fixed): (none) — fitness higher=better (KPA letter-match)
Hybrid gen 1/12 pop=12 blockB_greeks=0
  gen-best  8/17 (47%) tmpl=collapse:ALLESTELLENMELDE@5 IC=0.0415 pos=YAUI | UKWB gamma III-VIII-IV rings=AAAA stecker=BK CH DN FJ LY MZ OP SW
  all-time  8/17 tmpl=collapse:ALLESTELLENMELDE@5 pos=YAUI | UKWB gamma III-VIII-IV rings=AAAA stecker=BK CH DN FJ LY MZ OP SW
Hybrid gen 2/12 pop=12 blockB_greeks=0
  gen-best  8/17 (47%) tmpl=collapse:ALLESTELLENMELDE@5 IC=0.0415 pos=YAUI | UKWB gamma III-VIII-IV rings=AAAA stecker=BK CH DN FJ LY MZ OP SW
  all-time  8/17 tmpl=collapse:ALLESTELLENMELDE@5 pos=YAUI | UKWB gamma III-VIII-IV rings=AAAA stecker=BK CH DN FJ LY MZ OP SW
Hybrid gen 3/12 pop=12 blockB_greeks=0
  gen-best  9/17 (53%) tmpl=collapse:ALLESTELLENMELDE@5 IC=0.0391 pos=COTI | UKWB beta III-VIII-IV rings=AAAA stecker=BK CH DN EU FJ IS LY MZ OP
  all-time  9/17 tmpl=collapse:ALLESTELLENMELDE@5 pos=COTI | UKWB beta III-VIII-IV rings=AAAA stecker=BK CH DN EU FJ IS LY MZ OP
Hybrid gen 4/12 pop=12 blockB_greeks=0
  gen-best  10/17 (59%) tmpl=collapse:ALLESTELLENMELDE@5 IC=0.0395 pos=COTI | UKWB beta III-VIII-IV rings=AAAA stecker=BK DN EU FJ HV IS LY MZ OP
  all-time  10/17 tmpl=collapse:ALLESTELLENMELDE@5 pos=COTI | UKWB beta III-VIII-IV rings=AAAA stecker=BK DN EU FJ HV IS LY MZ OP
Hybrid gen 5/12 pop=12 blockB_greeks=0
  gen-best  10/17 (59%) tmpl=collapse:ALLESTELLENMELDE@5 IC=0.0395 pos=COTI | UKWB beta III-VIII-IV rings=AAAA stecker=BK DN EU FJ HV IS LY MZ OP
  all-time  10/17 tmpl=collapse:ALLESTELLENMELDE@5 pos=COTI | UKWB beta III-VIII-IV rings=AAAA stecker=BK DN EU FJ HV IS LY MZ OP
Hybrid gen 6/12 pop=12 blockB_greeks=0
  gen-best  10/17 (59%) tmpl=collapse:ALLESTELLENMELDE@5 IC=0.0395 pos=COTI | UKWB beta III-VIII-IV rings=AAAA stecker=BK DN EU FJ HV IS LY MZ OP
  all-time  10/17 tmpl=collapse:ALLESTELLENMELDE@5 pos=COTI | UKWB beta III-VIII-IV rings=AAAA stecker=BK DN EU FJ HV IS LY MZ OP
Hybrid gen 7/12 pop=12 blockB_greeks=0
  gen-best  10/17 (59%) tmpl=collapse:ALLESTELLENMELDE@5 IC=0.0395 pos=COTI | UKWB beta III-VIII-IV rings=AAAA stecker=BK DN EU FJ HV IS LY MZ OP
  all-time  10/17 tmpl=collapse:ALLESTELLENMELDE@5 pos=COTI | UKWB beta III-VIII-IV rings=AAAA stecker=BK DN EU FJ HV IS LY MZ OP
Hybrid gen 8/12 pop=12 blockB_greeks=0
  gen-best  10/17 (59%) tmpl=collapse:ALLESTELLENMELDE@5 IC=0.0395 pos=COTI | UKWB beta III-VIII-IV rings=AAAA stecker=BK DN EU FJ HV IS LY MZ OP
  all-time  10/17 tmpl=collapse:ALLESTELLENMELDE@5 pos=COTI | UKWB beta III-VIII-IV rings=AAAA stecker=BK DN EU FJ HV IS LY MZ OP
Hybrid gen 9/12 pop=12 blockB_greeks=0
  gen-best  10/17 (59%) tmpl=collapse:ALLESTELLENMELDE@5 IC=0.0395 pos=COTI | UKWB beta III-VIII-IV rings=AAAA stecker=BK DN EU FJ HV IS LY MZ OP
  all-time  10/17 tmpl=collapse:ALLESTELLENMELDE@5 pos=COTI | UKWB beta III-VIII-IV rings=AAAA stecker=BK DN EU FJ HV IS LY MZ OP
Hybrid gen 10/12 pop=12 blockB_greeks=0
  gen-best  10/17 (59%) tmpl=collapse:ALLESTELLENMELDE@5 IC=0.0395 pos=COTI | UKWB beta III-VIII-IV rings=AAAA stecker=BK DN EU FJ HV IS LY MZ OP
  all-time  10/17 tmpl=collapse:ALLESTELLENMELDE@5 pos=COTI | UKWB beta III-VIII-IV rings=AAAA stecker=BK DN EU FJ HV IS LY MZ OP
Hybrid gen 11/12 pop=12 blockB_greeks=0
  gen-best  10/17 (59%) tmpl=collapse:ALLESTELLENMELDE@5 IC=0.0395 pos=COTI | UKWB beta III-VIII-IV rings=AAAA stecker=BK DN EU FJ HV IS LY MZ OP
  all-time  10/17 tmpl=collapse:ALLESTELLENMELDE@5 pos=COTI | UKWB beta III-VIII-IV rings=AAAA stecker=BK DN EU FJ HV IS LY MZ OP
Hybrid gen 12/12 pop=12 blockB_greeks=0
  gen-best  10/17 (59%) tmpl=collapse:ALLESTELLENMELDE@5 IC=0.0395 pos=COTI | UKWB beta III-VIII-IV rings=AAAA stecker=BK DN EU FJ HV IS LY MZ OP
  all-time  10/17 tmpl=collapse:ALLESTELLENMELDE@5 pos=COTI | UKWB beta III-VIII-IV rings=AAAA stecker=BK DN EU FJ HV IS LY MZ OP
ASIC datapath backend: Metal-cleartext-KPA (B=17576 cleartext lanes/Greek)
Stochastic templates: 1 (constrained 17…17)
Shell evolution: ON freeRings=false WO=6 ringSeeds=2 subspace=potsdam-neighbourhood
Block B Greeks (fixed): (none) — fitness higher=better (KPA letter-match)
Hybrid gen 1/12 pop=12 blockB_greeks=0
  gen-best  7/17 (41%) tmpl=collapse:NICHTKAPITULIERE@0 IC=0.0364 pos=BANC | UKWB beta III-VIII-IV rings=AACU stecker=(none)
  all-time  7/17 tmpl=collapse:NICHTKAPITULIERE@0 pos=BANC | UKWB beta III-VIII-IV rings=AACU stecker=(none)
Hybrid gen 2/12 pop=12 blockB_greeks=0
  gen-best  7/17 (41%) tmpl=collapse:NICHTKAPITULIERE@0 IC=0.0364 pos=BANC | UKWB beta III-VIII-IV rings=AACU stecker=(none)
  all-time  7/17 tmpl=collapse:NICHTKAPITULIERE@0 pos=BANC | UKWB beta III-VIII-IV rings=AACU stecker=(none)
Hybrid gen 3/12 pop=12 blockB_greeks=0
  gen-best  8/17 (47%) tmpl=collapse:NICHTKAPITULIERE@0 IC=0.0403 pos=PNVH | UKWC beta III-VIII-IV rings=AAAA stecker=CU DZ FG HJ IV KQ MT PW RS
  all-time  8/17 tmpl=collapse:NICHTKAPITULIERE@0 pos=PNVH | UKWC beta III-VIII-IV rings=AAAA stecker=CU DZ FG HJ IV KQ MT PW RS
Hybrid gen 4/12 pop=12 blockB_greeks=0
  gen-best  9/17 (53%) tmpl=collapse:NICHTKAPITULIERE@0 IC=0.0434 pos=WUUH | UKWB beta III-VIII-IV rings=AACA stecker=AV DP HL IO JU KQ MZ RS XY
  all-time  9/17 tmpl=collapse:NICHTKAPITULIERE@0 pos=WUUH | UKWB beta III-VIII-IV rings=AACA stecker=AV DP HL IO JU KQ MZ RS XY
Hybrid gen 5/12 pop=12 blockB_greeks=0
  gen-best  9/17 (53%) tmpl=collapse:NICHTKAPITULIERE@0 IC=0.0434 pos=WUUH | UKWB beta III-VIII-IV rings=AACA stecker=AV DP HL IO JU KQ MZ RS XY
  all-time  9/17 tmpl=collapse:NICHTKAPITULIERE@0 pos=WUUH | UKWB beta III-VIII-IV rings=AACA stecker=AV DP HL IO JU KQ MZ RS XY
Hybrid gen 6/12 pop=12 blockB_greeks=0
  gen-best  9/17 (53%) tmpl=collapse:NICHTKAPITULIERE@0 IC=0.0434 pos=WUUH | UKWB beta III-VIII-IV rings=AACA stecker=AV DP HL IO JU KQ MZ RS XY
  all-time  9/17 tmpl=collapse:NICHTKAPITULIERE@0 pos=WUUH | UKWB beta III-VIII-IV rings=AACA stecker=AV DP HL IO JU KQ MZ RS XY
Hybrid gen 7/12 pop=12 blockB_greeks=0
  gen-best  9/17 (53%) tmpl=collapse:NICHTKAPITULIERE@0 IC=0.0434 pos=WUUH | UKWB beta III-VIII-IV rings=AACA stecker=AV DP HL IO JU KQ MZ RS XY
  all-time  9/17 tmpl=collapse:NICHTKAPITULIERE@0 pos=WUUH | UKWB beta III-VIII-IV rings=AACA stecker=AV DP HL IO JU KQ MZ RS XY
Hybrid gen 8/12 pop=12 blockB_greeks=0
  gen-best  9/17 (53%) tmpl=collapse:NICHTKAPITULIERE@0 IC=0.0434 pos=WUUH | UKWB beta III-VIII-IV rings=AACA stecker=AV DP HL IO JU KQ MZ RS XY
  all-time  9/17 tmpl=collapse:NICHTKAPITULIERE@0 pos=WUUH | UKWB beta III-VIII-IV rings=AACA stecker=AV DP HL IO JU KQ MZ RS XY
Hybrid gen 9/12 pop=12 blockB_greeks=0
  gen-best  10/17 (59%) tmpl=collapse:NICHTKAPITULIERE@0 IC=0.0376 pos=WUSH | UKWB beta III-VIII-IV rings=AAAA stecker=AV BE DP HL IO JU KQ MZ RS XY
  all-time  10/17 tmpl=collapse:NICHTKAPITULIERE@0 pos=WUSH | UKWB beta III-VIII-IV rings=AAAA stecker=AV BE DP HL IO JU KQ MZ RS XY
Hybrid gen 10/12 pop=12 blockB_greeks=0
  gen-best  10/17 (59%) tmpl=collapse:NICHTKAPITULIERE@0 IC=0.0376 pos=WUSH | UKWB beta III-VIII-IV rings=AAAA stecker=AV BE DP HL IO JU KQ MZ RS XY
  all-time  10/17 tmpl=collapse:NICHTKAPITULIERE@0 pos=WUSH | UKWB beta III-VIII-IV rings=AAAA stecker=AV BE DP HL IO JU KQ MZ RS XY
Hybrid gen 11/12 pop=12 blockB_greeks=0
  gen-best  10/17 (59%) tmpl=collapse:NICHTKAPITULIERE@0 IC=0.0376 pos=WUSH | UKWB beta III-VIII-IV rings=AAAA stecker=AV BE DP HL IO JU KQ MZ RS XY
  all-time  10/17 tmpl=collapse:NICHTKAPITULIERE@0 pos=WUSH | UKWB beta III-VIII-IV rings=AAAA stecker=AV BE DP HL IO JU KQ MZ RS XY
Hybrid gen 12/12 pop=12 blockB_greeks=0
  gen-best  10/17 (59%) tmpl=collapse:NICHTKAPITULIERE@0 IC=0.0376 pos=WUSH | UKWB beta III-VIII-IV rings=AAAA stecker=AV BE DP HL IO JU KQ MZ RS XY
  all-time  10/17 tmpl=collapse:NICHTKAPITULIERE@0 pos=WUSH | UKWB beta III-VIII-IV rings=AAAA stecker=AV BE DP HL IO JU KQ MZ RS XY
ASIC datapath backend: Metal-cleartext-KPA (B=17576 cleartext lanes/Greek)
Stochastic templates: 1 (constrained 17…17)
Shell evolution: ON freeRings=false WO=6 ringSeeds=2 subspace=potsdam-neighbourhood
Block B Greeks (fixed): (none) — fitness higher=better (KPA letter-match)
Hybrid gen 1/12 pop=12 blockB_greeks=0
  gen-best  7/17 (41%) tmpl=collapse:NICHTKAPITULIERE@1 IC=0.0340 pos=UPNU | UKWB gamma IV-III-VIII rings=AAAA stecker=(none)
  all-time  7/17 tmpl=collapse:NICHTKAPITULIERE@1 pos=UPNU | UKWB gamma IV-III-VIII rings=AAAA stecker=(none)
Hybrid gen 2/12 pop=12 blockB_greeks=0
  gen-best  8/17 (47%) tmpl=collapse:NICHTKAPITULIERE@1 IC=0.0391 pos=ZNUJ | UKWB beta III-IV-VIII rings=AACU stecker=AB DG HN MO UY
  all-time  8/17 tmpl=collapse:NICHTKAPITULIERE@1 pos=ZNUJ | UKWB beta III-IV-VIII rings=AACU stecker=AB DG HN MO UY
Hybrid gen 3/12 pop=12 blockB_greeks=0
  gen-best  9/17 (53%) tmpl=collapse:NICHTKAPITULIERE@1 IC=0.0395 pos=URRK | UKWB beta IV-III-VIII rings=AAAA stecker=AT BS FG HN IO KR QU VY XZ
  all-time  9/17 tmpl=collapse:NICHTKAPITULIERE@1 pos=URRK | UKWB beta IV-III-VIII rings=AAAA stecker=AT BS FG HN IO KR QU VY XZ
Hybrid gen 4/12 pop=12 blockB_greeks=0
  gen-best  9/17 (53%) tmpl=collapse:NICHTKAPITULIERE@1 IC=0.0395 pos=URRK | UKWB beta IV-III-VIII rings=AAAA stecker=AT BS FG HN IO KR QU VY XZ
  all-time  9/17 tmpl=collapse:NICHTKAPITULIERE@1 pos=URRK | UKWB beta IV-III-VIII rings=AAAA stecker=AT BS FG HN IO KR QU VY XZ
Hybrid gen 5/12 pop=12 blockB_greeks=0
  gen-best  9/17 (53%) tmpl=collapse:NICHTKAPITULIERE@1 IC=0.0395 pos=URRK | UKWB beta IV-III-VIII rings=AAAA stecker=AT BS FG HN IO KR QU VY XZ
  all-time  9/17 tmpl=collapse:NICHTKAPITULIERE@1 pos=URRK | UKWB beta IV-III-VIII rings=AAAA stecker=AT BS FG HN IO KR QU VY XZ
Hybrid gen 6/12 pop=12 blockB_greeks=0
  gen-best  9/17 (53%) tmpl=collapse:NICHTKAPITULIERE@1 IC=0.0395 pos=URRK | UKWB beta IV-III-VIII rings=AAAA stecker=AT BS FG HN IO KR QU VY XZ
  all-time  9/17 tmpl=collapse:NICHTKAPITULIERE@1 pos=URRK | UKWB beta IV-III-VIII rings=AAAA stecker=AT BS FG HN IO KR QU VY XZ
Hybrid gen 7/12 pop=12 blockB_greeks=0
  gen-best  9/17 (53%) tmpl=collapse:NICHTKAPITULIERE@1 IC=0.0395 pos=URRK | UKWB beta IV-III-VIII rings=AAAA stecker=AT BS FG HN IO KR QU VY XZ
  all-time  9/17 tmpl=collapse:NICHTKAPITULIERE@1 pos=URRK | UKWB beta IV-III-VIII rings=AAAA stecker=AT BS FG HN IO KR QU VY XZ
Hybrid gen 8/12 pop=12 blockB_greeks=0
  gen-best  9/17 (53%) tmpl=collapse:NICHTKAPITULIERE@1 IC=0.0395 pos=URRK | UKWB beta IV-III-VIII rings=AAAA stecker=AT BS FG HN IO KR QU VY XZ
  all-time  9/17 tmpl=collapse:NICHTKAPITULIERE@1 pos=URRK | UKWB beta IV-III-VIII rings=AAAA stecker=AT BS FG HN IO KR QU VY XZ
Hybrid gen 9/12 pop=12 blockB_greeks=0
  gen-best  9/17 (53%) tmpl=collapse:NICHTKAPITULIERE@1 IC=0.0395 pos=URRK | UKWB beta IV-III-VIII rings=AAAA stecker=AT BS FG HN IO KR QU VY XZ
  all-time  9/17 tmpl=collapse:NICHTKAPITULIERE@1 pos=URRK | UKWB beta IV-III-VIII rings=AAAA stecker=AT BS FG HN IO KR QU VY XZ
Hybrid gen 10/12 pop=12 blockB_greeks=0
  gen-best  9/17 (53%) tmpl=collapse:NICHTKAPITULIERE@1 IC=0.0395 pos=URRK | UKWB beta IV-III-VIII rings=AAAA stecker=AT BS FG HN IO KR QU VY XZ
  all-time  9/17 tmpl=collapse:NICHTKAPITULIERE@1 pos=URRK | UKWB beta IV-III-VIII rings=AAAA stecker=AT BS FG HN IO KR QU VY XZ
Hybrid gen 11/12 pop=12 blockB_greeks=0
  gen-best  9/17 (53%) tmpl=collapse:NICHTKAPITULIERE@1 IC=0.0395 pos=URRK | UKWB beta IV-III-VIII rings=AAAA stecker=AT BS FG HN IO KR QU VY XZ
  all-time  9/17 tmpl=collapse:NICHTKAPITULIERE@1 pos=URRK | UKWB beta IV-III-VIII rings=AAAA stecker=AT BS FG HN IO KR QU VY XZ
Hybrid gen 12/12 pop=12 blockB_greeks=0
  gen-best  9/17 (53%) tmpl=collapse:NICHTKAPITULIERE@1 IC=0.0395 pos=URRK | UKWB beta IV-III-VIII rings=AAAA stecker=AT BS FG HN IO KR QU VY XZ
  all-time  9/17 tmpl=collapse:NICHTKAPITULIERE@1 pos=URRK | UKWB beta IV-III-VIII rings=AAAA stecker=AT BS FG HN IO KR QU VY XZ
ASIC datapath backend: Metal-cleartext-KPA (B=17576 cleartext lanes/Greek)
Stochastic templates: 1 (constrained 16…16)
Shell evolution: ON freeRings=false WO=6 ringSeeds=2 subspace=potsdam-neighbourhood
Block B Greeks (fixed): (none) — fitness higher=better (KPA letter-match)
Hybrid gen 1/12 pop=12 blockB_greeks=0
  gen-best  8/16 (50%) tmpl=collapse:DOENITZFLENSBURG@0 IC=0.0450 pos=DLNW | UKWC gamma VIII-III-IV rings=AAAA stecker=DV FH JR KY LS TW
  all-time  8/16 tmpl=collapse:DOENITZFLENSBURG@0 pos=DLNW | UKWC gamma VIII-III-IV rings=AAAA stecker=DV FH JR KY LS TW
Hybrid gen 2/12 pop=12 blockB_greeks=0
  gen-best  8/16 (50%) tmpl=collapse:DOENITZFLENSBURG@0 IC=0.0450 pos=DLNW | UKWC gamma VIII-III-IV rings=AAAA stecker=DV FH JR KY LS TW
  all-time  8/16 tmpl=collapse:DOENITZFLENSBURG@0 pos=DLNW | UKWC gamma VIII-III-IV rings=AAAA stecker=DV FH JR KY LS TW
Hybrid gen 3/12 pop=12 blockB_greeks=0
  gen-best  8/16 (50%) tmpl=collapse:DOENITZFLENSBURG@0 IC=0.0450 pos=DLNW | UKWC gamma VIII-III-IV rings=AAAA stecker=DV FH JR KY LS TW
  all-time  8/16 tmpl=collapse:DOENITZFLENSBURG@0 pos=DLNW | UKWC gamma VIII-III-IV rings=AAAA stecker=DV FH JR KY LS TW
Hybrid gen 4/12 pop=12 blockB_greeks=0
  gen-best  9/16 (56%) tmpl=collapse:DOENITZFLENSBURG@0 IC=0.0501 pos=DLNW | UKWC gamma VIII-III-IV rings=AAAA stecker=CJ DV FH KY LS TW
  all-time  9/16 tmpl=collapse:DOENITZFLENSBURG@0 pos=DLNW | UKWC gamma VIII-III-IV rings=AAAA stecker=CJ DV FH KY LS TW
Hybrid gen 5/12 pop=12 blockB_greeks=0
  gen-best  10/16 (62%) tmpl=collapse:DOENITZFLENSBURG@0 IC=0.0501 pos=DLPQ | UKWC gamma VIII-III-IV rings=AACU stecker=DU FH KY LS OQ TW
  all-time  10/16 tmpl=collapse:DOENITZFLENSBURG@0 pos=DLPQ | UKWC gamma VIII-III-IV rings=AACU stecker=DU FH KY LS OQ TW
Hybrid gen 6/12 pop=12 blockB_greeks=0
  gen-best  10/16 (62%) tmpl=collapse:DOENITZFLENSBURG@0 IC=0.0501 pos=DLPQ | UKWC gamma VIII-III-IV rings=AACU stecker=DU FH KY LS OQ TW
  all-time  10/16 tmpl=collapse:DOENITZFLENSBURG@0 pos=DLPQ | UKWC gamma VIII-III-IV rings=AACU stecker=DU FH KY LS OQ TW
Hybrid gen 7/12 pop=12 blockB_greeks=0
  gen-best  10/16 (62%) tmpl=collapse:DOENITZFLENSBURG@0 IC=0.0501 pos=DLPQ | UKWC gamma VIII-III-IV rings=AACU stecker=DU FH KY LS OQ TW
  all-time  10/16 tmpl=collapse:DOENITZFLENSBURG@0 pos=DLPQ | UKWC gamma VIII-III-IV rings=AACU stecker=DU FH KY LS OQ TW
Hybrid gen 8/12 pop=12 blockB_greeks=0
  gen-best  10/16 (62%) tmpl=collapse:DOENITZFLENSBURG@0 IC=0.0501 pos=DLPQ | UKWC gamma VIII-III-IV rings=AACU stecker=DU FH KY LS OQ TW
  all-time  10/16 tmpl=collapse:DOENITZFLENSBURG@0 pos=DLPQ | UKWC gamma VIII-III-IV rings=AACU stecker=DU FH KY LS OQ TW
Hybrid gen 9/12 pop=12 blockB_greeks=0
  gen-best  11/16 (69%) tmpl=collapse:DOENITZFLENSBURG@0 IC=0.0450 pos=DLPQ | UKWC gamma VIII-III-IV rings=AACU stecker=DU FH KY LS MR OQ TW
  all-time  11/16 tmpl=collapse:DOENITZFLENSBURG@0 pos=DLPQ | UKWC gamma VIII-III-IV rings=AACU stecker=DU FH KY LS MR OQ TW
Hybrid gen 10/12 pop=12 blockB_greeks=0
  gen-best  11/16 (69%) tmpl=collapse:DOENITZFLENSBURG@0 IC=0.0450 pos=DLPQ | UKWC gamma VIII-III-IV rings=AACU stecker=DU FH KY LS MR OQ TW
  all-time  11/16 tmpl=collapse:DOENITZFLENSBURG@0 pos=DLPQ | UKWC gamma VIII-III-IV rings=AACU stecker=DU FH KY LS MR OQ TW
Hybrid gen 11/12 pop=12 blockB_greeks=0
  gen-best  11/16 (69%) tmpl=collapse:DOENITZFLENSBURG@0 IC=0.0450 pos=DLPQ | UKWC gamma VIII-III-IV rings=AACU stecker=DU FH KY LS MR OQ TW
  all-time  11/16 tmpl=collapse:DOENITZFLENSBURG@0 pos=DLPQ | UKWC gamma VIII-III-IV rings=AACU stecker=DU FH KY LS MR OQ TW
Hybrid gen 12/12 pop=12 blockB_greeks=0
  gen-best  11/16 (69%) tmpl=collapse:DOENITZFLENSBURG@0 IC=0.0450 pos=DLPQ | UKWC gamma VIII-III-IV rings=AACU stecker=DU FH KY LS MR OQ TW
  all-time  11/16 tmpl=collapse:DOENITZFLENSBURG@0 pos=DLPQ | UKWC gamma VIII-III-IV rings=AACU stecker=DU FH KY LS MR OQ TW
ASIC datapath backend: Metal-cleartext-KPA (B=17576 cleartext lanes/Greek)
Stochastic templates: 1 (constrained 16…16)
Shell evolution: ON freeRings=false WO=6 ringSeeds=2 subspace=potsdam-neighbourhood
Block B Greeks (fixed): (none) — fitness higher=better (KPA letter-match)
Hybrid gen 1/12 pop=12 blockB_greeks=0
  gen-best  8/16 (50%) tmpl=collapse:DOENITZFLENSBURG@2 IC=0.0466 pos=DGJQ | UKWB gamma IV-VIII-III rings=AACU stecker=BU FJ HI NQ
  all-time  8/16 tmpl=collapse:DOENITZFLENSBURG@2 pos=DGJQ | UKWB gamma IV-VIII-III rings=AACU stecker=BU FJ HI NQ
Hybrid gen 2/12 pop=12 blockB_greeks=0
  gen-best  8/16 (50%) tmpl=collapse:DOENITZFLENSBURG@2 IC=0.0466 pos=DGJQ | UKWB gamma IV-VIII-III rings=AACU stecker=BU FJ HI NQ
  all-time  8/16 tmpl=collapse:DOENITZFLENSBURG@2 pos=DGJQ | UKWB gamma IV-VIII-III rings=AACU stecker=BU FJ HI NQ
Hybrid gen 3/12 pop=12 blockB_greeks=0
  gen-best  8/16 (50%) tmpl=collapse:DOENITZFLENSBURG@2 IC=0.0466 pos=DGJQ | UKWB gamma IV-VIII-III rings=AACU stecker=BU FJ HI NQ
  all-time  8/16 tmpl=collapse:DOENITZFLENSBURG@2 pos=DGJQ | UKWB gamma IV-VIII-III rings=AACU stecker=BU FJ HI NQ
Hybrid gen 4/12 pop=12 blockB_greeks=0
  gen-best  9/16 (56%) tmpl=collapse:DOENITZFLENSBURG@2 IC=0.0462 pos=DGJQ | UKWB gamma IV-VIII-III rings=AACU stecker=AM BU FJ HI NQ
  all-time  9/16 tmpl=collapse:DOENITZFLENSBURG@2 pos=DGJQ | UKWB gamma IV-VIII-III rings=AACU stecker=AM BU FJ HI NQ
Hybrid gen 5/12 pop=12 blockB_greeks=0
  gen-best  9/16 (56%) tmpl=collapse:DOENITZFLENSBURG@2 IC=0.0462 pos=DGJQ | UKWB gamma IV-VIII-III rings=AACU stecker=AM BU FJ HI NQ
  all-time  9/16 tmpl=collapse:DOENITZFLENSBURG@2 pos=DGJQ | UKWB gamma IV-VIII-III rings=AACU stecker=AM BU FJ HI NQ
Hybrid gen 6/12 pop=12 blockB_greeks=0
  gen-best  9/16 (56%) tmpl=collapse:DOENITZFLENSBURG@2 IC=0.0462 pos=DGJQ | UKWB gamma IV-VIII-III rings=AACU stecker=AM BU FJ HI NQ
  all-time  9/16 tmpl=collapse:DOENITZFLENSBURG@2 pos=DGJQ | UKWB gamma IV-VIII-III rings=AACU stecker=AM BU FJ HI NQ
Hybrid gen 7/12 pop=12 blockB_greeks=0
  gen-best  9/16 (56%) tmpl=collapse:DOENITZFLENSBURG@2 IC=0.0462 pos=DGJQ | UKWB gamma IV-VIII-III rings=AACU stecker=AM BU FJ HI NQ
  all-time  9/16 tmpl=collapse:DOENITZFLENSBURG@2 pos=DGJQ | UKWB gamma IV-VIII-III rings=AACU stecker=AM BU FJ HI NQ
Hybrid gen 8/12 pop=12 blockB_greeks=0
  gen-best  9/16 (56%) tmpl=collapse:DOENITZFLENSBURG@2 IC=0.0462 pos=DGJQ | UKWB gamma IV-VIII-III rings=AACU stecker=AM BU FJ HI NQ
  all-time  9/16 tmpl=collapse:DOENITZFLENSBURG@2 pos=DGJQ | UKWB gamma IV-VIII-III rings=AACU stecker=AM BU FJ HI NQ
Hybrid gen 9/12 pop=12 blockB_greeks=0
  gen-best  10/16 (62%) tmpl=collapse:DOENITZFLENSBURG@2 IC=0.0450 pos=DGJQ | UKWB gamma IV-VIII-III rings=AACU stecker=AM BU DR FJ HI NQ
  all-time  10/16 tmpl=collapse:DOENITZFLENSBURG@2 pos=DGJQ | UKWB gamma IV-VIII-III rings=AACU stecker=AM BU DR FJ HI NQ
Hybrid gen 10/12 pop=12 blockB_greeks=0
  gen-best  10/16 (62%) tmpl=collapse:DOENITZFLENSBURG@2 IC=0.0450 pos=DGJQ | UKWB gamma IV-VIII-III rings=AACU stecker=AM BU DR FJ HI NQ
  all-time  10/16 tmpl=collapse:DOENITZFLENSBURG@2 pos=DGJQ | UKWB gamma IV-VIII-III rings=AACU stecker=AM BU DR FJ HI NQ
Hybrid gen 11/12 pop=12 blockB_greeks=0
  gen-best  10/16 (62%) tmpl=collapse:DOENITZFLENSBURG@2 IC=0.0450 pos=DGJQ | UKWB gamma IV-VIII-III rings=AACU stecker=AM BU DR FJ HI NQ
  all-time  10/16 tmpl=collapse:DOENITZFLENSBURG@2 pos=DGJQ | UKWB gamma IV-VIII-III rings=AACU stecker=AM BU DR FJ HI NQ
Hybrid gen 12/12 pop=12 blockB_greeks=0
  gen-best  10/16 (62%) tmpl=collapse:DOENITZFLENSBURG@2 IC=0.0450 pos=DGJQ | UKWB gamma IV-VIII-III rings=AACU stecker=AM BU DR FJ HI NQ
  all-time  10/16 tmpl=collapse:DOENITZFLENSBURG@2 pos=DGJQ | UKWB gamma IV-VIII-III rings=AACU stecker=AM BU DR FJ HI NQ
ASIC datapath backend: Metal-cleartext-KPA (B=17576 cleartext lanes/Greek)
Stochastic templates: 1 (constrained 16…16)
Shell evolution: ON freeRings=false WO=6 ringSeeds=2 subspace=potsdam-neighbourhood
Block B Greeks (fixed): (none) — fitness higher=better (KPA letter-match)
Hybrid gen 1/12 pop=12 blockB_greeks=0
  gen-best  7/16 (44%) tmpl=collapse:FLENSBURGDOENITZ@0 IC=0.0352 pos=YRLN | UKWC beta VIII-III-IV rings=AAAA stecker=(none)
  all-time  7/16 tmpl=collapse:FLENSBURGDOENITZ@0 pos=YRLN | UKWC beta VIII-III-IV rings=AAAA stecker=(none)
Hybrid gen 2/12 pop=12 blockB_greeks=0
  gen-best  7/16 (44%) tmpl=collapse:FLENSBURGDOENITZ@0 IC=0.0352 pos=YRLN | UKWC beta VIII-III-IV rings=AAAA stecker=(none)
  all-time  7/16 tmpl=collapse:FLENSBURGDOENITZ@0 pos=YRLN | UKWC beta VIII-III-IV rings=AAAA stecker=(none)
Hybrid gen 3/12 pop=12 blockB_greeks=0
  gen-best  7/16 (44%) tmpl=collapse:FLENSBURGDOENITZ@0 IC=0.0352 pos=YRLN | UKWC beta VIII-III-IV rings=AAAA stecker=(none)
  all-time  7/16 tmpl=collapse:FLENSBURGDOENITZ@0 pos=YRLN | UKWC beta VIII-III-IV rings=AAAA stecker=(none)
Hybrid gen 4/12 pop=12 blockB_greeks=0
  gen-best  8/16 (50%) tmpl=collapse:FLENSBURGDOENITZ@0 IC=0.0352 pos=YRLN | UKWC beta VIII-III-IV rings=AAAA stecker=KM
  all-time  8/16 tmpl=collapse:FLENSBURGDOENITZ@0 pos=YRLN | UKWC beta VIII-III-IV rings=AAAA stecker=KM
Hybrid gen 5/12 pop=12 blockB_greeks=0
  gen-best  8/16 (50%) tmpl=collapse:FLENSBURGDOENITZ@0 IC=0.0352 pos=YRLN | UKWC beta VIII-III-IV rings=AAAA stecker=KM
  all-time  8/16 tmpl=collapse:FLENSBURGDOENITZ@0 pos=YRLN | UKWC beta VIII-III-IV rings=AAAA stecker=KM
Hybrid gen 6/12 pop=12 blockB_greeks=0
  gen-best  8/16 (50%) tmpl=collapse:FLENSBURGDOENITZ@0 IC=0.0352 pos=YRLN | UKWC beta VIII-III-IV rings=AAAA stecker=KM
  all-time  8/16 tmpl=collapse:FLENSBURGDOENITZ@0 pos=YRLN | UKWC beta VIII-III-IV rings=AAAA stecker=KM
Hybrid gen 7/12 pop=12 blockB_greeks=0
  gen-best  8/16 (50%) tmpl=collapse:FLENSBURGDOENITZ@0 IC=0.0352 pos=YRLN | UKWC beta VIII-III-IV rings=AAAA stecker=KM
  all-time  8/16 tmpl=collapse:FLENSBURGDOENITZ@0 pos=YRLN | UKWC beta VIII-III-IV rings=AAAA stecker=KM
Hybrid gen 8/12 pop=12 blockB_greeks=0
  gen-best  9/16 (56%) tmpl=collapse:FLENSBURGDOENITZ@0 IC=0.0391 pos=PNQT | UKWB beta IV-VIII-III rings=AACU stecker=AB DN FW GQ IP JL
  all-time  9/16 tmpl=collapse:FLENSBURGDOENITZ@0 pos=PNQT | UKWB beta IV-VIII-III rings=AACU stecker=AB DN FW GQ IP JL
Hybrid gen 9/12 pop=12 blockB_greeks=0
  gen-best  9/16 (56%) tmpl=collapse:FLENSBURGDOENITZ@0 IC=0.0391 pos=PNQT | UKWB beta IV-VIII-III rings=AACU stecker=AB DN FW GQ IP JL
  all-time  9/16 tmpl=collapse:FLENSBURGDOENITZ@0 pos=PNQT | UKWB beta IV-VIII-III rings=AACU stecker=AB DN FW GQ IP JL
Hybrid gen 10/12 pop=12 blockB_greeks=0
  gen-best  9/16 (56%) tmpl=collapse:FLENSBURGDOENITZ@0 IC=0.0391 pos=PNQT | UKWB beta IV-VIII-III rings=AACU stecker=AB DN FW GQ IP JL
  all-time  9/16 tmpl=collapse:FLENSBURGDOENITZ@0 pos=PNQT | UKWB beta IV-VIII-III rings=AACU stecker=AB DN FW GQ IP JL
Hybrid gen 11/12 pop=12 blockB_greeks=0
  gen-best  9/16 (56%) tmpl=collapse:FLENSBURGDOENITZ@0 IC=0.0391 pos=PNQT | UKWB beta IV-VIII-III rings=AACU stecker=AB DN FW GQ IP JL
  all-time  9/16 tmpl=collapse:FLENSBURGDOENITZ@0 pos=PNQT | UKWB beta IV-VIII-III rings=AACU stecker=AB DN FW GQ IP JL
Hybrid gen 12/12 pop=12 blockB_greeks=0
  gen-best  9/16 (56%) tmpl=collapse:FLENSBURGDOENITZ@0 IC=0.0391 pos=PNQT | UKWB beta IV-VIII-III rings=AACU stecker=AB DN FW GQ IP JL
  all-time  9/16 tmpl=collapse:FLENSBURGDOENITZ@0 pos=PNQT | UKWB beta IV-VIII-III rings=AACU stecker=AB DN FW GQ IP JL
ASIC datapath backend: Metal-cleartext-KPA (B=17576 cleartext lanes/Greek)
Stochastic templates: 1 (constrained 16…16)
Shell evolution: ON freeRings=false WO=6 ringSeeds=2 subspace=potsdam-neighbourhood
Block B Greeks (fixed): (none) — fitness higher=better (KPA letter-match)
Hybrid gen 1/12 pop=12 blockB_greeks=0
  gen-best  7/16 (44%) tmpl=collapse:FLENSBURGDOENITZ@5 IC=0.0395 pos=FQBA | UKWC beta IV-VIII-III rings=AAAA stecker=HJ
  all-time  7/16 tmpl=collapse:FLENSBURGDOENITZ@5 pos=FQBA | UKWC beta IV-VIII-III rings=AAAA stecker=HJ
Hybrid gen 2/12 pop=12 blockB_greeks=0
  gen-best  8/16 (50%) tmpl=collapse:FLENSBURGDOENITZ@5 IC=0.0419 pos=QNCR | UKWC beta III-IV-VIII rings=AACU stecker=CW DE IN
  all-time  8/16 tmpl=collapse:FLENSBURGDOENITZ@5 pos=QNCR | UKWC beta III-IV-VIII rings=AACU stecker=CW DE IN
Hybrid gen 3/12 pop=12 blockB_greeks=0
  gen-best  8/16 (50%) tmpl=collapse:FLENSBURGDOENITZ@5 IC=0.0419 pos=QNCR | UKWC beta III-IV-VIII rings=AACU stecker=CW DE IN
  all-time  8/16 tmpl=collapse:FLENSBURGDOENITZ@5 pos=QNCR | UKWC beta III-IV-VIII rings=AACU stecker=CW DE IN
Hybrid gen 4/12 pop=12 blockB_greeks=0
  gen-best  8/16 (50%) tmpl=collapse:FLENSBURGDOENITZ@5 IC=0.0419 pos=QNCR | UKWC beta III-IV-VIII rings=AACU stecker=CW DE IN
  all-time  8/16 tmpl=collapse:FLENSBURGDOENITZ@5 pos=QNCR | UKWC beta III-IV-VIII rings=AACU stecker=CW DE IN
Hybrid gen 5/12 pop=12 blockB_greeks=0
  gen-best  8/16 (50%) tmpl=collapse:FLENSBURGDOENITZ@5 IC=0.0419 pos=QNCR | UKWC beta III-IV-VIII rings=AACU stecker=CW DE IN
  all-time  8/16 tmpl=collapse:FLENSBURGDOENITZ@5 pos=QNCR | UKWC beta III-IV-VIII rings=AACU stecker=CW DE IN
Hybrid gen 6/12 pop=12 blockB_greeks=0
  gen-best  9/16 (56%) tmpl=collapse:FLENSBURGDOENITZ@5 IC=0.0446 pos=QNCR | UKWC beta III-IV-VIII rings=AACU stecker=DE IN SW
  all-time  9/16 tmpl=collapse:FLENSBURGDOENITZ@5 pos=QNCR | UKWC beta III-IV-VIII rings=AACU stecker=DE IN SW
Hybrid gen 7/12 pop=12 blockB_greeks=0
  gen-best  9/16 (56%) tmpl=collapse:FLENSBURGDOENITZ@5 IC=0.0446 pos=QNCR | UKWC beta III-IV-VIII rings=AACU stecker=DE IN SW
  all-time  9/16 tmpl=collapse:FLENSBURGDOENITZ@5 pos=QNCR | UKWC beta III-IV-VIII rings=AACU stecker=DE IN SW
Hybrid gen 8/12 pop=12 blockB_greeks=0
  gen-best  9/16 (56%) tmpl=collapse:FLENSBURGDOENITZ@5 IC=0.0446 pos=QNCR | UKWC beta III-IV-VIII rings=AACU stecker=DE IN SW
  all-time  9/16 tmpl=collapse:FLENSBURGDOENITZ@5 pos=QNCR | UKWC beta III-IV-VIII rings=AACU stecker=DE IN SW
Hybrid gen 9/12 pop=12 blockB_greeks=0
  gen-best  9/16 (56%) tmpl=collapse:FLENSBURGDOENITZ@5 IC=0.0446 pos=QNCR | UKWC beta III-IV-VIII rings=AACU stecker=DE IN SW
  all-time  9/16 tmpl=collapse:FLENSBURGDOENITZ@5 pos=QNCR | UKWC beta III-IV-VIII rings=AACU stecker=DE IN SW
Hybrid gen 10/12 pop=12 blockB_greeks=0
  gen-best  9/16 (56%) tmpl=collapse:FLENSBURGDOENITZ@5 IC=0.0446 pos=QNCR | UKWC beta III-IV-VIII rings=AACU stecker=DE IN SW
  all-time  9/16 tmpl=collapse:FLENSBURGDOENITZ@5 pos=QNCR | UKWC beta III-IV-VIII rings=AACU stecker=DE IN SW
Hybrid gen 11/12 pop=12 blockB_greeks=0
  gen-best  9/16 (56%) tmpl=collapse:FLENSBURGDOENITZ@5 IC=0.0446 pos=QNCR | UKWC beta III-IV-VIII rings=AACU stecker=DE IN SW
  all-time  9/16 tmpl=collapse:FLENSBURGDOENITZ@5 pos=QNCR | UKWC beta III-IV-VIII rings=AACU stecker=DE IN SW
Hybrid gen 12/12 pop=12 blockB_greeks=0
  gen-best  9/16 (56%) tmpl=collapse:FLENSBURGDOENITZ@5 IC=0.0446 pos=QNCR | UKWC beta III-IV-VIII rings=AACU stecker=DE IN SW
  all-time  9/16 tmpl=collapse:FLENSBURGDOENITZ@5 pos=QNCR | UKWC beta III-IV-VIII rings=AACU stecker=DE IN SW
ASIC datapath backend: Metal-cleartext-KPA (B=17576 cleartext lanes/Greek)
Stochastic templates: 1 (constrained 16…16)
Shell evolution: ON freeRings=false WO=6 ringSeeds=2 subspace=potsdam-neighbourhood
Block B Greeks (fixed): (none) — fitness higher=better (KPA letter-match)
Hybrid gen 1/12 pop=12 blockB_greeks=0
  gen-best  8/16 (50%) tmpl=collapse:FUNKSTELLEMELDEN@0 IC=0.0383 pos=DFJY | UKWB gamma IV-III-VIII rings=AAAA stecker=(none)
  all-time  8/16 tmpl=collapse:FUNKSTELLEMELDEN@0 pos=DFJY | UKWB gamma IV-III-VIII rings=AAAA stecker=(none)
Hybrid gen 2/12 pop=12 blockB_greeks=0
  gen-best  8/16 (50%) tmpl=collapse:FUNKSTELLEMELDEN@0 IC=0.0383 pos=DFJY | UKWB gamma IV-III-VIII rings=AAAA stecker=(none)
  all-time  8/16 tmpl=collapse:FUNKSTELLEMELDEN@0 pos=DFJY | UKWB gamma IV-III-VIII rings=AAAA stecker=(none)
Hybrid gen 3/12 pop=12 blockB_greeks=0
  gen-best  8/16 (50%) tmpl=collapse:FUNKSTELLEMELDEN@0 IC=0.0383 pos=DFJY | UKWB gamma IV-III-VIII rings=AAAA stecker=(none)
  all-time  8/16 tmpl=collapse:FUNKSTELLEMELDEN@0 pos=DFJY | UKWB gamma IV-III-VIII rings=AAAA stecker=(none)
Hybrid gen 4/12 pop=12 blockB_greeks=0
  gen-best  8/16 (50%) tmpl=collapse:FUNKSTELLEMELDEN@0 IC=0.0383 pos=DFJY | UKWB gamma IV-III-VIII rings=AAAA stecker=(none)
  all-time  8/16 tmpl=collapse:FUNKSTELLEMELDEN@0 pos=DFJY | UKWB gamma IV-III-VIII rings=AAAA stecker=(none)
Hybrid gen 5/12 pop=12 blockB_greeks=0
  gen-best  8/16 (50%) tmpl=collapse:FUNKSTELLEMELDEN@0 IC=0.0383 pos=DFJY | UKWB gamma IV-III-VIII rings=AAAA stecker=(none)
  all-time  8/16 tmpl=collapse:FUNKSTELLEMELDEN@0 pos=DFJY | UKWB gamma IV-III-VIII rings=AAAA stecker=(none)
Hybrid gen 6/12 pop=12 blockB_greeks=0
  gen-best  8/16 (50%) tmpl=collapse:FUNKSTELLEMELDEN@0 IC=0.0383 pos=DFJY | UKWB gamma IV-III-VIII rings=AAAA stecker=(none)
  all-time  8/16 tmpl=collapse:FUNKSTELLEMELDEN@0 pos=DFJY | UKWB gamma IV-III-VIII rings=AAAA stecker=(none)
Hybrid gen 7/12 pop=12 blockB_greeks=0
  gen-best  8/16 (50%) tmpl=collapse:FUNKSTELLEMELDEN@0 IC=0.0383 pos=DFJY | UKWB gamma IV-III-VIII rings=AAAA stecker=(none)
  all-time  8/16 tmpl=collapse:FUNKSTELLEMELDEN@0 pos=DFJY | UKWB gamma IV-III-VIII rings=AAAA stecker=(none)
Hybrid gen 8/12 pop=12 blockB_greeks=0
  gen-best  8/16 (50%) tmpl=collapse:FUNKSTELLEMELDEN@0 IC=0.0383 pos=DFJY | UKWB gamma IV-III-VIII rings=AAAA stecker=(none)
  all-time  8/16 tmpl=collapse:FUNKSTELLEMELDEN@0 pos=DFJY | UKWB gamma IV-III-VIII rings=AAAA stecker=(none)
Hybrid gen 9/12 pop=12 blockB_greeks=0
  gen-best  9/16 (56%) tmpl=collapse:FUNKSTELLEMELDEN@0 IC=0.0348 pos=IDFZ | UKWC gamma IV-VIII-III rings=AACU stecker=KQ MP RW
  all-time  9/16 tmpl=collapse:FUNKSTELLEMELDEN@0 pos=IDFZ | UKWC gamma IV-VIII-III rings=AACU stecker=KQ MP RW
Hybrid gen 10/12 pop=12 blockB_greeks=0
  gen-best  9/16 (56%) tmpl=collapse:FUNKSTELLEMELDEN@0 IC=0.0348 pos=IDFZ | UKWC gamma IV-VIII-III rings=AACU stecker=KQ MP RW
  all-time  9/16 tmpl=collapse:FUNKSTELLEMELDEN@0 pos=IDFZ | UKWC gamma IV-VIII-III rings=AACU stecker=KQ MP RW
Hybrid gen 11/12 pop=12 blockB_greeks=0
  gen-best  9/16 (56%) tmpl=collapse:FUNKSTELLEMELDEN@0 IC=0.0348 pos=IDFZ | UKWC gamma IV-VIII-III rings=AACU stecker=KQ MP RW
  all-time  9/16 tmpl=collapse:FUNKSTELLEMELDEN@0 pos=IDFZ | UKWC gamma IV-VIII-III rings=AACU stecker=KQ MP RW
Hybrid gen 12/12 pop=12 blockB_greeks=0
  gen-best  10/16 (62%) tmpl=collapse:FUNKSTELLEMELDEN@0 IC=0.0403 pos=IDDF | UKWC gamma IV-VIII-III rings=AAAA stecker=GZ KQ MV RW
  all-time  10/16 tmpl=collapse:FUNKSTELLEMELDEN@0 pos=IDDF | UKWC gamma IV-VIII-III rings=AAAA stecker=GZ KQ MV RW
ASIC datapath backend: Metal-cleartext-KPA (B=17576 cleartext lanes/Greek)
Stochastic templates: 1 (constrained 16…16)
Shell evolution: ON freeRings=false WO=6 ringSeeds=2 subspace=potsdam-neighbourhood
Block B Greeks (fixed): (none) — fitness higher=better (KPA letter-match)
Hybrid gen 1/12 pop=12 blockB_greeks=0
  gen-best  7/16 (44%) tmpl=collapse:FUNKSTELLEMELDEN@2 IC=0.0411 pos=JZLG | UKWC beta VIII-III-IV rings=AAAA stecker=NV OP
  all-time  7/16 tmpl=collapse:FUNKSTELLEMELDEN@2 pos=JZLG | UKWC beta VIII-III-IV rings=AAAA stecker=NV OP
Hybrid gen 2/12 pop=12 blockB_greeks=0
  gen-best  8/16 (50%) tmpl=collapse:FUNKSTELLEMELDEN@2 IC=0.0329 pos=ALMK | UKWC beta VIII-III-IV rings=AAAA stecker=BL NV OP
  all-time  8/16 tmpl=collapse:FUNKSTELLEMELDEN@2 pos=ALMK | UKWC beta VIII-III-IV rings=AAAA stecker=BL NV OP
Hybrid gen 3/12 pop=12 blockB_greeks=0
  gen-best  8/16 (50%) tmpl=collapse:FUNKSTELLEMELDEN@2 IC=0.0329 pos=ALMK | UKWC beta VIII-III-IV rings=AAAA stecker=BL NV OP
  all-time  8/16 tmpl=collapse:FUNKSTELLEMELDEN@2 pos=ALMK | UKWC beta VIII-III-IV rings=AAAA stecker=BL NV OP
Hybrid gen 4/12 pop=12 blockB_greeks=0
  gen-best  8/16 (50%) tmpl=collapse:FUNKSTELLEMELDEN@2 IC=0.0329 pos=ALMK | UKWC beta VIII-III-IV rings=AAAA stecker=BL NV OP
  all-time  8/16 tmpl=collapse:FUNKSTELLEMELDEN@2 pos=ALMK | UKWC beta VIII-III-IV rings=AAAA stecker=BL NV OP
Hybrid gen 5/12 pop=12 blockB_greeks=0
  gen-best  8/16 (50%) tmpl=collapse:FUNKSTELLEMELDEN@2 IC=0.0329 pos=ALMK | UKWC beta VIII-III-IV rings=AAAA stecker=BL NV OP
  all-time  8/16 tmpl=collapse:FUNKSTELLEMELDEN@2 pos=ALMK | UKWC beta VIII-III-IV rings=AAAA stecker=BL NV OP
Hybrid gen 6/12 pop=12 blockB_greeks=0
  gen-best  9/16 (56%) tmpl=collapse:FUNKSTELLEMELDEN@2 IC=0.0321 pos=ALMK | UKWC beta VIII-III-IV rings=AAAA stecker=BL MQ OP
  all-time  9/16 tmpl=collapse:FUNKSTELLEMELDEN@2 pos=ALMK | UKWC beta VIII-III-IV rings=AAAA stecker=BL MQ OP
Hybrid gen 7/12 pop=12 blockB_greeks=0
  gen-best  9/16 (56%) tmpl=collapse:FUNKSTELLEMELDEN@2 IC=0.0321 pos=ALMK | UKWC beta VIII-III-IV rings=AAAA stecker=BL MQ OP
  all-time  9/16 tmpl=collapse:FUNKSTELLEMELDEN@2 pos=ALMK | UKWC beta VIII-III-IV rings=AAAA stecker=BL MQ OP
Hybrid gen 8/12 pop=12 blockB_greeks=0
  gen-best  10/16 (62%) tmpl=collapse:FUNKSTELLEMELDEN@2 IC=0.0329 pos=ALMK | UKWC beta VIII-III-IV rings=AAAA stecker=BL DX MQ OP
  all-time  10/16 tmpl=collapse:FUNKSTELLEMELDEN@2 pos=ALMK | UKWC beta VIII-III-IV rings=AAAA stecker=BL DX MQ OP
Hybrid gen 9/12 pop=12 blockB_greeks=0
  gen-best  10/16 (62%) tmpl=collapse:FUNKSTELLEMELDEN@2 IC=0.0329 pos=ALMK | UKWC beta VIII-III-IV rings=AAAA stecker=BL DX MQ OP
  all-time  10/16 tmpl=collapse:FUNKSTELLEMELDEN@2 pos=ALMK | UKWC beta VIII-III-IV rings=AAAA stecker=BL DX MQ OP
Hybrid gen 10/12 pop=12 blockB_greeks=0
  gen-best  10/16 (62%) tmpl=collapse:FUNKSTELLEMELDEN@2 IC=0.0329 pos=ALMK | UKWC beta VIII-III-IV rings=AAAA stecker=BL DX MQ OP
  all-time  10/16 tmpl=collapse:FUNKSTELLEMELDEN@2 pos=ALMK | UKWC beta VIII-III-IV rings=AAAA stecker=BL DX MQ OP
Hybrid gen 11/12 pop=12 blockB_greeks=0
  gen-best  10/16 (62%) tmpl=collapse:FUNKSTELLEMELDEN@2 IC=0.0329 pos=ALMK | UKWC beta VIII-III-IV rings=AAAA stecker=BL DX MQ OP
  all-time  10/16 tmpl=collapse:FUNKSTELLEMELDEN@2 pos=ALMK | UKWC beta VIII-III-IV rings=AAAA stecker=BL DX MQ OP
Hybrid gen 12/12 pop=12 blockB_greeks=0
  gen-best  10/16 (62%) tmpl=collapse:FUNKSTELLEMELDEN@2 IC=0.0329 pos=ALMK | UKWC beta VIII-III-IV rings=AAAA stecker=BL DX MQ OP
  all-time  10/16 tmpl=collapse:FUNKSTELLEMELDEN@2 pos=ALMK | UKWC beta VIII-III-IV rings=AAAA stecker=BL DX MQ OP
ASIC datapath backend: Metal-cleartext-KPA (B=17576 cleartext lanes/Greek)
Stochastic templates: 1 (constrained 16…16)
Shell evolution: ON freeRings=false WO=6 ringSeeds=2 subspace=potsdam-neighbourhood
Block B Greeks (fixed): (none) — fitness higher=better (KPA letter-match)
Hybrid gen 1/12 pop=12 blockB_greeks=0
  gen-best  7/16 (44%) tmpl=collapse:REGENBOGENSOFORT@1 IC=0.0473 pos=TMYF | UKWC gamma III-IV-VIII rings=AAAA stecker=BR DJ EM LP VX
  all-time  7/16 tmpl=collapse:REGENBOGENSOFORT@1 pos=TMYF | UKWC gamma III-IV-VIII rings=AAAA stecker=BR DJ EM LP VX
Hybrid gen 2/12 pop=12 blockB_greeks=0
  gen-best  7/16 (44%) tmpl=collapse:REGENBOGENSOFORT@1 IC=0.0473 pos=TMYF | UKWC gamma III-IV-VIII rings=AAAA stecker=BR DJ EM LP VX
  all-time  7/16 tmpl=collapse:REGENBOGENSOFORT@1 pos=TMYF | UKWC gamma III-IV-VIII rings=AAAA stecker=BR DJ EM LP VX
Hybrid gen 3/12 pop=12 blockB_greeks=0
  gen-best  8/16 (50%) tmpl=collapse:REGENBOGENSOFORT@1 IC=0.0379 pos=WPYD | UKWC beta III-VIII-IV rings=AACU stecker=AR BT CM DQ EO FW GN HK IZ SY
  all-time  8/16 tmpl=collapse:REGENBOGENSOFORT@1 pos=WPYD | UKWC beta III-VIII-IV rings=AACU stecker=AR BT CM DQ EO FW GN HK IZ SY
Hybrid gen 4/12 pop=12 blockB_greeks=0
  gen-best  8/16 (50%) tmpl=collapse:REGENBOGENSOFORT@1 IC=0.0379 pos=WPYD | UKWC beta III-VIII-IV rings=AACU stecker=AR BT CM DQ EO FW GN HK IZ SY
  all-time  8/16 tmpl=collapse:REGENBOGENSOFORT@1 pos=WPYD | UKWC beta III-VIII-IV rings=AACU stecker=AR BT CM DQ EO FW GN HK IZ SY
Hybrid gen 5/12 pop=12 blockB_greeks=0
  gen-best  9/16 (56%) tmpl=collapse:REGENBOGENSOFORT@1 IC=0.0364 pos=WPYD | UKWC beta III-VIII-IV rings=AACU stecker=AR BT CM DQ EO FW GN HK LX SY
  all-time  9/16 tmpl=collapse:REGENBOGENSOFORT@1 pos=WPYD | UKWC beta III-VIII-IV rings=AACU stecker=AR BT CM DQ EO FW GN HK LX SY
Hybrid gen 6/12 pop=12 blockB_greeks=0
  gen-best  9/16 (56%) tmpl=collapse:REGENBOGENSOFORT@1 IC=0.0364 pos=WPYD | UKWC beta III-VIII-IV rings=AACU stecker=AR BT CM DQ EO FW GN HK LX SY
  all-time  9/16 tmpl=collapse:REGENBOGENSOFORT@1 pos=WPYD | UKWC beta III-VIII-IV rings=AACU stecker=AR BT CM DQ EO FW GN HK LX SY
Hybrid gen 7/12 pop=12 blockB_greeks=0
  gen-best  9/16 (56%) tmpl=collapse:REGENBOGENSOFORT@1 IC=0.0364 pos=WPYD | UKWC beta III-VIII-IV rings=AACU stecker=AR BT CM DQ EO FW GN HK LX SY
  all-time  9/16 tmpl=collapse:REGENBOGENSOFORT@1 pos=WPYD | UKWC beta III-VIII-IV rings=AACU stecker=AR BT CM DQ EO FW GN HK LX SY
Hybrid gen 8/12 pop=12 blockB_greeks=0
  gen-best  9/16 (56%) tmpl=collapse:REGENBOGENSOFORT@1 IC=0.0364 pos=WPYD | UKWC beta III-VIII-IV rings=AACU stecker=AR BT CM DQ EO FW GN HK LX SY
  all-time  9/16 tmpl=collapse:REGENBOGENSOFORT@1 pos=WPYD | UKWC beta III-VIII-IV rings=AACU stecker=AR BT CM DQ EO FW GN HK LX SY
Hybrid gen 9/12 pop=12 blockB_greeks=0
  gen-best  9/16 (56%) tmpl=collapse:REGENBOGENSOFORT@1 IC=0.0364 pos=WPYD | UKWC beta III-VIII-IV rings=AACU stecker=AR BT CM DQ EO FW GN HK LX SY
  all-time  9/16 tmpl=collapse:REGENBOGENSOFORT@1 pos=WPYD | UKWC beta III-VIII-IV rings=AACU stecker=AR BT CM DQ EO FW GN HK LX SY
Hybrid gen 10/12 pop=12 blockB_greeks=0
  gen-best  9/16 (56%) tmpl=collapse:REGENBOGENSOFORT@1 IC=0.0364 pos=WPYD | UKWC beta III-VIII-IV rings=AACU stecker=AR BT CM DQ EO FW GN HK LX SY
  all-time  9/16 tmpl=collapse:REGENBOGENSOFORT@1 pos=WPYD | UKWC beta III-VIII-IV rings=AACU stecker=AR BT CM DQ EO FW GN HK LX SY
Hybrid gen 11/12 pop=12 blockB_greeks=0
  gen-best  9/16 (56%) tmpl=collapse:REGENBOGENSOFORT@1 IC=0.0364 pos=WPYD | UKWC beta III-VIII-IV rings=AACU stecker=AR BT CM DQ EO FW GN HK LX SY
  all-time  9/16 tmpl=collapse:REGENBOGENSOFORT@1 pos=WPYD | UKWC beta III-VIII-IV rings=AACU stecker=AR BT CM DQ EO FW GN HK LX SY
Hybrid gen 12/12 pop=12 blockB_greeks=0
  gen-best  9/16 (56%) tmpl=collapse:REGENBOGENSOFORT@1 IC=0.0364 pos=WPYD | UKWC beta III-VIII-IV rings=AACU stecker=AR BT CM DQ EO FW GN HK LX SY
  all-time  9/16 tmpl=collapse:REGENBOGENSOFORT@1 pos=WPYD | UKWC beta III-VIII-IV rings=AACU stecker=AR BT CM DQ EO FW GN HK LX SY
ASIC datapath backend: Metal-cleartext-KPA (B=17576 cleartext lanes/Greek)
Stochastic templates: 1 (constrained 16…16)
Shell evolution: ON freeRings=false WO=6 ringSeeds=2 subspace=potsdam-neighbourhood
Block B Greeks (fixed): (none) — fitness higher=better (KPA letter-match)
Hybrid gen 1/12 pop=12 blockB_greeks=0
  gen-best  8/16 (50%) tmpl=collapse:REGENBOGENSOFORT@3 IC=0.0419 pos=CLWK | UKWB gamma III-VIII-IV rings=AACU stecker=DG PZ RT
  all-time  8/16 tmpl=collapse:REGENBOGENSOFORT@3 pos=CLWK | UKWB gamma III-VIII-IV rings=AACU stecker=DG PZ RT
Hybrid gen 2/12 pop=12 blockB_greeks=0
  gen-best  9/16 (56%) tmpl=collapse:REGENBOGENSOFORT@3 IC=0.0360 pos=BRSR | UKWB gamma III-IV-VIII rings=AACU stecker=AT CS FO IJ KY UV XZ
  all-time  9/16 tmpl=collapse:REGENBOGENSOFORT@3 pos=BRSR | UKWB gamma III-IV-VIII rings=AACU stecker=AT CS FO IJ KY UV XZ
Hybrid gen 3/12 pop=12 blockB_greeks=0
  gen-best  9/16 (56%) tmpl=collapse:REGENBOGENSOFORT@3 IC=0.0360 pos=BRSR | UKWB gamma III-IV-VIII rings=AACU stecker=AT CS FO IJ KY UV XZ
  all-time  9/16 tmpl=collapse:REGENBOGENSOFORT@3 pos=BRSR | UKWB gamma III-IV-VIII rings=AACU stecker=AT CS FO IJ KY UV XZ
Hybrid gen 4/12 pop=12 blockB_greeks=0
  gen-best  9/16 (56%) tmpl=collapse:REGENBOGENSOFORT@3 IC=0.0360 pos=BRSR | UKWB gamma III-IV-VIII rings=AACU stecker=AT CS FO IJ KY UV XZ
  all-time  9/16 tmpl=collapse:REGENBOGENSOFORT@3 pos=BRSR | UKWB gamma III-IV-VIII rings=AACU stecker=AT CS FO IJ KY UV XZ
Hybrid gen 5/12 pop=12 blockB_greeks=0
  gen-best  9/16 (56%) tmpl=collapse:REGENBOGENSOFORT@3 IC=0.0360 pos=BRSR | UKWB gamma III-IV-VIII rings=AACU stecker=AT CS FO IJ KY UV XZ
  all-time  9/16 tmpl=collapse:REGENBOGENSOFORT@3 pos=BRSR | UKWB gamma III-IV-VIII rings=AACU stecker=AT CS FO IJ KY UV XZ
Hybrid gen 6/12 pop=12 blockB_greeks=0
  gen-best  9/16 (56%) tmpl=collapse:REGENBOGENSOFORT@3 IC=0.0360 pos=BRSR | UKWB gamma III-IV-VIII rings=AACU stecker=AT CS FO IJ KY UV XZ
  all-time  9/16 tmpl=collapse:REGENBOGENSOFORT@3 pos=BRSR | UKWB gamma III-IV-VIII rings=AACU stecker=AT CS FO IJ KY UV XZ
Hybrid gen 7/12 pop=12 blockB_greeks=0
  gen-best  9/16 (56%) tmpl=collapse:REGENBOGENSOFORT@3 IC=0.0360 pos=BRSR | UKWB gamma III-IV-VIII rings=AACU stecker=AT CS FO IJ KY UV XZ
  all-time  9/16 tmpl=collapse:REGENBOGENSOFORT@3 pos=BRSR | UKWB gamma III-IV-VIII rings=AACU stecker=AT CS FO IJ KY UV XZ
Hybrid gen 8/12 pop=12 blockB_greeks=0
  gen-best  9/16 (56%) tmpl=collapse:REGENBOGENSOFORT@3 IC=0.0360 pos=BRSR | UKWB gamma III-IV-VIII rings=AACU stecker=AT CS FO IJ KY UV XZ
  all-time  9/16 tmpl=collapse:REGENBOGENSOFORT@3 pos=BRSR | UKWB gamma III-IV-VIII rings=AACU stecker=AT CS FO IJ KY UV XZ
Hybrid gen 9/12 pop=12 blockB_greeks=0
  gen-best  9/16 (56%) tmpl=collapse:REGENBOGENSOFORT@3 IC=0.0360 pos=BRSR | UKWB gamma III-IV-VIII rings=AACU stecker=AT CS FO IJ KY UV XZ
  all-time  9/16 tmpl=collapse:REGENBOGENSOFORT@3 pos=BRSR | UKWB gamma III-IV-VIII rings=AACU stecker=AT CS FO IJ KY UV XZ
Hybrid gen 10/12 pop=12 blockB_greeks=0
  gen-best  9/16 (56%) tmpl=collapse:REGENBOGENSOFORT@3 IC=0.0360 pos=BRSR | UKWB gamma III-IV-VIII rings=AACU stecker=AT CS FO IJ KY UV XZ
  all-time  9/16 tmpl=collapse:REGENBOGENSOFORT@3 pos=BRSR | UKWB gamma III-IV-VIII rings=AACU stecker=AT CS FO IJ KY UV XZ
Hybrid gen 11/12 pop=12 blockB_greeks=0
  gen-best  10/16 (62%) tmpl=collapse:REGENBOGENSOFORT@3 IC=0.0368 pos=BRSR | UKWB gamma III-IV-VIII rings=AACU stecker=AT BV CS FO IJ KY XZ
  all-time  10/16 tmpl=collapse:REGENBOGENSOFORT@3 pos=BRSR | UKWB gamma III-IV-VIII rings=AACU stecker=AT BV CS FO IJ KY XZ
Hybrid gen 12/12 pop=12 blockB_greeks=0
  gen-best  10/16 (62%) tmpl=collapse:REGENBOGENSOFORT@3 IC=0.0368 pos=BRSR | UKWB gamma III-IV-VIII rings=AACU stecker=AT BV CS FO IJ KY XZ
  all-time  10/16 tmpl=collapse:REGENBOGENSOFORT@3 pos=BRSR | UKWB gamma III-IV-VIII rings=AACU stecker=AT BV CS FO IJ KY XZ
ASIC datapath backend: Metal-cleartext-KPA (B=17576 cleartext lanes/Greek)
Stochastic templates: 1 (constrained 16…16)
Shell evolution: ON freeRings=false WO=6 ringSeeds=2 subspace=potsdam-neighbourhood
Block B Greeks (fixed): (none) — fitness higher=better (KPA letter-match)
Hybrid gen 1/12 pop=12 blockB_greeks=0
  gen-best  7/16 (44%) tmpl=collapse:STRGEHEIMMELDUNG@1 IC=0.0383 pos=AVVT | UKWB gamma IV-III-VIII rings=AAAA stecker=(none)
  all-time  7/16 tmpl=collapse:STRGEHEIMMELDUNG@1 pos=AVVT | UKWB gamma IV-III-VIII rings=AAAA stecker=(none)
Hybrid gen 2/12 pop=12 blockB_greeks=0
  gen-best  7/16 (44%) tmpl=collapse:STRGEHEIMMELDUNG@1 IC=0.0383 pos=AVVT | UKWB gamma IV-III-VIII rings=AAAA stecker=(none)
  all-time  7/16 tmpl=collapse:STRGEHEIMMELDUNG@1 pos=AVVT | UKWB gamma IV-III-VIII rings=AAAA stecker=(none)
Hybrid gen 3/12 pop=12 blockB_greeks=0
  gen-best  8/16 (50%) tmpl=collapse:STRGEHEIMMELDUNG@1 IC=0.0399 pos=JRRQ | UKWB gamma VIII-III-IV rings=AACU stecker=AO BV CK DF GM HL NT RY SX UW
  all-time  8/16 tmpl=collapse:STRGEHEIMMELDUNG@1 pos=JRRQ | UKWB gamma VIII-III-IV rings=AACU stecker=AO BV CK DF GM HL NT RY SX UW
Hybrid gen 4/12 pop=12 blockB_greeks=0
  gen-best  8/16 (50%) tmpl=collapse:STRGEHEIMMELDUNG@1 IC=0.0399 pos=JRRQ | UKWB gamma VIII-III-IV rings=AACU stecker=AO BV CK DF GM HL NT RY SX UW
  all-time  8/16 tmpl=collapse:STRGEHEIMMELDUNG@1 pos=JRRQ | UKWB gamma VIII-III-IV rings=AACU stecker=AO BV CK DF GM HL NT RY SX UW
Hybrid gen 5/12 pop=12 blockB_greeks=0
  gen-best  8/16 (50%) tmpl=collapse:STRGEHEIMMELDUNG@1 IC=0.0399 pos=JRRQ | UKWB gamma VIII-III-IV rings=AACU stecker=AO BV CK DF GM HL NT RY SX UW
  all-time  8/16 tmpl=collapse:STRGEHEIMMELDUNG@1 pos=JRRQ | UKWB gamma VIII-III-IV rings=AACU stecker=AO BV CK DF GM HL NT RY SX UW
Hybrid gen 6/12 pop=12 blockB_greeks=0
  gen-best  9/16 (56%) tmpl=collapse:STRGEHEIMMELDUNG@1 IC=0.0477 pos=ELCW | UKWB gamma IV-III-VIII rings=AACU stecker=AO BV CK DF GM NT PQ RY SX UW
  all-time  9/16 tmpl=collapse:STRGEHEIMMELDUNG@1 pos=ELCW | UKWB gamma IV-III-VIII rings=AACU stecker=AO BV CK DF GM NT PQ RY SX UW
Hybrid gen 7/12 pop=12 blockB_greeks=0
  gen-best  9/16 (56%) tmpl=collapse:STRGEHEIMMELDUNG@1 IC=0.0477 pos=ELCW | UKWB gamma IV-III-VIII rings=AACU stecker=AO BV CK DF GM NT PQ RY SX UW
  all-time  9/16 tmpl=collapse:STRGEHEIMMELDUNG@1 pos=ELCW | UKWB gamma IV-III-VIII rings=AACU stecker=AO BV CK DF GM NT PQ RY SX UW
Hybrid gen 8/12 pop=12 blockB_greeks=0
  gen-best  9/16 (56%) tmpl=collapse:STRGEHEIMMELDUNG@1 IC=0.0477 pos=ELCW | UKWB gamma IV-III-VIII rings=AACU stecker=AO BV CK DF GM NT PQ RY SX UW
  all-time  9/16 tmpl=collapse:STRGEHEIMMELDUNG@1 pos=ELCW | UKWB gamma IV-III-VIII rings=AACU stecker=AO BV CK DF GM NT PQ RY SX UW
Hybrid gen 9/12 pop=12 blockB_greeks=0
  gen-best  9/16 (56%) tmpl=collapse:STRGEHEIMMELDUNG@1 IC=0.0477 pos=ELCW | UKWB gamma IV-III-VIII rings=AACU stecker=AO BV CK DF GM NT PQ RY SX UW
  all-time  9/16 tmpl=collapse:STRGEHEIMMELDUNG@1 pos=ELCW | UKWB gamma IV-III-VIII rings=AACU stecker=AO BV CK DF GM NT PQ RY SX UW
Hybrid gen 10/12 pop=12 blockB_greeks=0
  gen-best  9/16 (56%) tmpl=collapse:STRGEHEIMMELDUNG@1 IC=0.0477 pos=ELCW | UKWB gamma IV-III-VIII rings=AACU stecker=AO BV CK DF GM NT PQ RY SX UW
  all-time  9/16 tmpl=collapse:STRGEHEIMMELDUNG@1 pos=ELCW | UKWB gamma IV-III-VIII rings=AACU stecker=AO BV CK DF GM NT PQ RY SX UW
Hybrid gen 11/12 pop=12 blockB_greeks=0
  gen-best  9/16 (56%) tmpl=collapse:STRGEHEIMMELDUNG@1 IC=0.0477 pos=ELCW | UKWB gamma IV-III-VIII rings=AACU stecker=AO BV CK DF GM NT PQ RY SX UW
  all-time  9/16 tmpl=collapse:STRGEHEIMMELDUNG@1 pos=ELCW | UKWB gamma IV-III-VIII rings=AACU stecker=AO BV CK DF GM NT PQ RY SX UW
Hybrid gen 12/12 pop=12 blockB_greeks=0
  gen-best  9/16 (56%) tmpl=collapse:STRGEHEIMMELDUNG@1 IC=0.0477 pos=ELCW | UKWB gamma IV-III-VIII rings=AACU stecker=AO BV CK DF GM NT PQ RY SX UW
  all-time  9/16 tmpl=collapse:STRGEHEIMMELDUNG@1 pos=ELCW | UKWB gamma IV-III-VIII rings=AACU stecker=AO BV CK DF GM NT PQ RY SX UW
ASIC datapath backend: Metal-cleartext-KPA (B=17576 cleartext lanes/Greek)
Stochastic templates: 1 (constrained 19…19)
Shell evolution: ON freeRings=false WO=126 ringSeeds=2 subspace=naval-two-notch-right
Block B Greeks (fixed): (none) — fitness higher=better (KPA letter-match)
Hybrid gen 1/12 pop=12 blockB_greeks=0
  gen-best  8/19 (42%) tmpl=collapse:ALLEBOOTESVERSEN@3 IC=0.0399 pos=UBGX | UKWC beta III-VI-VIII rings=AACU stecker=AI BN DZ FO GX KT
  all-time  8/19 tmpl=collapse:ALLEBOOTESVERSEN@3 pos=UBGX | UKWC beta III-VI-VIII rings=AACU stecker=AI BN DZ FO GX KT
Hybrid gen 2/12 pop=12 blockB_greeks=0
  gen-best  8/19 (42%) tmpl=collapse:ALLEBOOTESVERSEN@3 IC=0.0399 pos=UBGX | UKWC beta III-VI-VIII rings=AACU stecker=AI BN DZ FO GX KT
  all-time  8/19 tmpl=collapse:ALLEBOOTESVERSEN@3 pos=UBGX | UKWC beta III-VI-VIII rings=AACU stecker=AI BN DZ FO GX KT
Hybrid gen 3/12 pop=12 blockB_greeks=0
  gen-best  9/19 (47%) tmpl=collapse:ALLEBOOTESVERSEN@3 IC=0.0348 pos=WMGG | UKWB gamma VI-I-VIII rings=AACU stecker=AR BQ DV EI FX GN KL
  all-time  9/19 tmpl=collapse:ALLEBOOTESVERSEN@3 pos=WMGG | UKWB gamma VI-I-VIII rings=AACU stecker=AR BQ DV EI FX GN KL
Hybrid gen 4/12 pop=12 blockB_greeks=0
  gen-best  9/19 (47%) tmpl=collapse:ALLEBOOTESVERSEN@3 IC=0.0348 pos=WMGG | UKWB gamma VI-I-VIII rings=AACU stecker=AR BQ DV EI FX GN KL
  all-time  9/19 tmpl=collapse:ALLEBOOTESVERSEN@3 pos=WMGG | UKWB gamma VI-I-VIII rings=AACU stecker=AR BQ DV EI FX GN KL
Hybrid gen 5/12 pop=12 blockB_greeks=0
  gen-best  9/19 (47%) tmpl=collapse:ALLEBOOTESVERSEN@3 IC=0.0348 pos=WMGG | UKWB gamma VI-I-VIII rings=AACU stecker=AR BQ DV EI FX GN KL
  all-time  9/19 tmpl=collapse:ALLEBOOTESVERSEN@3 pos=WMGG | UKWB gamma VI-I-VIII rings=AACU stecker=AR BQ DV EI FX GN KL
Hybrid gen 6/12 pop=12 blockB_greeks=0
  gen-best  9/19 (47%) tmpl=collapse:ALLEBOOTESVERSEN@3 IC=0.0348 pos=WMGG | UKWB gamma VI-I-VIII rings=AACU stecker=AR BQ DV EI FX GN KL
  all-time  9/19 tmpl=collapse:ALLEBOOTESVERSEN@3 pos=WMGG | UKWB gamma VI-I-VIII rings=AACU stecker=AR BQ DV EI FX GN KL
Hybrid gen 7/12 pop=12 blockB_greeks=0
  gen-best  9/19 (47%) tmpl=collapse:ALLEBOOTESVERSEN@3 IC=0.0348 pos=WMGG | UKWB gamma VI-I-VIII rings=AACU stecker=AR BQ DV EI FX GN KL
  all-time  9/19 tmpl=collapse:ALLEBOOTESVERSEN@3 pos=WMGG | UKWB gamma VI-I-VIII rings=AACU stecker=AR BQ DV EI FX GN KL
Hybrid gen 8/12 pop=12 blockB_greeks=0
  gen-best  9/19 (47%) tmpl=collapse:ALLEBOOTESVERSEN@3 IC=0.0348 pos=WMGG | UKWB gamma VI-I-VIII rings=AACU stecker=AR BQ DV EI FX GN KL
  all-time  9/19 tmpl=collapse:ALLEBOOTESVERSEN@3 pos=WMGG | UKWB gamma VI-I-VIII rings=AACU stecker=AR BQ DV EI FX GN KL
Hybrid gen 9/12 pop=12 blockB_greeks=0
  gen-best  9/19 (47%) tmpl=collapse:ALLEBOOTESVERSEN@3 IC=0.0348 pos=WMGG | UKWB gamma VI-I-VIII rings=AACU stecker=AR BQ DV EI FX GN KL
  all-time  9/19 tmpl=collapse:ALLEBOOTESVERSEN@3 pos=WMGG | UKWB gamma VI-I-VIII rings=AACU stecker=AR BQ DV EI FX GN KL
Hybrid gen 10/12 pop=12 blockB_greeks=0
  gen-best  10/19 (53%) tmpl=collapse:ALLEBOOTESVERSEN@3 IC=0.0356 pos=WMGG | UKWB gamma VI-I-VIII rings=AACU stecker=AR DV EI FX GN HQ KL
  all-time  10/19 tmpl=collapse:ALLEBOOTESVERSEN@3 pos=WMGG | UKWB gamma VI-I-VIII rings=AACU stecker=AR DV EI FX GN HQ KL
Hybrid gen 11/12 pop=12 blockB_greeks=0
  gen-best  10/19 (53%) tmpl=collapse:ALLEBOOTESVERSEN@3 IC=0.0356 pos=WMGG | UKWB gamma VI-I-VIII rings=AACU stecker=AR DV EI FX GN HQ KL
  all-time  10/19 tmpl=collapse:ALLEBOOTESVERSEN@3 pos=WMGG | UKWB gamma VI-I-VIII rings=AACU stecker=AR DV EI FX GN HQ KL
Hybrid gen 12/12 pop=12 blockB_greeks=0
  gen-best  10/19 (53%) tmpl=collapse:ALLEBOOTESVERSEN@3 IC=0.0356 pos=WMGG | UKWB gamma VI-I-VIII rings=AACU stecker=AR DV EI FX GN HQ KL
  all-time  10/19 tmpl=collapse:ALLEBOOTESVERSEN@3 pos=WMGG | UKWB gamma VI-I-VIII rings=AACU stecker=AR DV EI FX GN HQ KL
ASIC datapath backend: Metal-cleartext-KPA (B=17576 cleartext lanes/Greek)
Stochastic templates: 1 (constrained 19…19)
Shell evolution: ON freeRings=false WO=126 ringSeeds=2 subspace=naval-two-notch-right
Block B Greeks (fixed): (none) — fitness higher=better (KPA letter-match)
Hybrid gen 1/12 pop=12 blockB_greeks=0
  gen-best  7/19 (37%) tmpl=collapse:ALLEBOOTESVERSEN@5 IC=0.0333 pos=QGSR | UKWB gamma I-II-VI rings=AAAA stecker=(none)
  all-time  7/19 tmpl=collapse:ALLEBOOTESVERSEN@5 pos=QGSR | UKWB gamma I-II-VI rings=AAAA stecker=(none)
Hybrid gen 2/12 pop=12 blockB_greeks=0
  gen-best  8/19 (42%) tmpl=collapse:ALLEBOOTESVERSEN@5 IC=0.0485 pos=IXNA | UKWC beta VI-II-VIII rings=AACU stecker=AK BT CF IP MV RX UZ
  all-time  8/19 tmpl=collapse:ALLEBOOTESVERSEN@5 pos=IXNA | UKWC beta VI-II-VIII rings=AACU stecker=AK BT CF IP MV RX UZ
Hybrid gen 3/12 pop=12 blockB_greeks=0
  gen-best  10/19 (53%) tmpl=collapse:ALLEBOOTESVERSEN@5 IC=0.0458 pos=IXNA | UKWC beta VI-II-VIII rings=AACU stecker=AK BT HY IP QV RX UZ
  all-time  10/19 tmpl=collapse:ALLEBOOTESVERSEN@5 pos=IXNA | UKWC beta VI-II-VIII rings=AACU stecker=AK BT HY IP QV RX UZ
Hybrid gen 4/12 pop=12 blockB_greeks=0
  gen-best  11/19 (58%) tmpl=collapse:ALLEBOOTESVERSEN@5 IC=0.0469 pos=IXNA | UKWC beta VI-II-VIII rings=AACU stecker=AK BT CO HY QV RX UZ
  all-time  11/19 tmpl=collapse:ALLEBOOTESVERSEN@5 pos=IXNA | UKWC beta VI-II-VIII rings=AACU stecker=AK BT CO HY QV RX UZ
Hybrid gen 5/12 pop=12 blockB_greeks=0
  gen-best  11/19 (58%) tmpl=collapse:ALLEBOOTESVERSEN@5 IC=0.0469 pos=IXNA | UKWC beta VI-II-VIII rings=AACU stecker=AK BT CO HY QV RX UZ
  all-time  11/19 tmpl=collapse:ALLEBOOTESVERSEN@5 pos=IXNA | UKWC beta VI-II-VIII rings=AACU stecker=AK BT CO HY QV RX UZ
Hybrid gen 6/12 pop=12 blockB_greeks=0
  gen-best  11/19 (58%) tmpl=collapse:ALLEBOOTESVERSEN@5 IC=0.0469 pos=IXNA | UKWC beta VI-II-VIII rings=AACU stecker=AK BT CO HY QV RX UZ
  all-time  11/19 tmpl=collapse:ALLEBOOTESVERSEN@5 pos=IXNA | UKWC beta VI-II-VIII rings=AACU stecker=AK BT CO HY QV RX UZ
Hybrid gen 7/12 pop=12 blockB_greeks=0
  gen-best  11/19 (58%) tmpl=collapse:ALLEBOOTESVERSEN@5 IC=0.0469 pos=IXNA | UKWC beta VI-II-VIII rings=AACU stecker=AK BT CO HY QV RX UZ
  all-time  11/19 tmpl=collapse:ALLEBOOTESVERSEN@5 pos=IXNA | UKWC beta VI-II-VIII rings=AACU stecker=AK BT CO HY QV RX UZ
Hybrid gen 8/12 pop=12 blockB_greeks=0
  gen-best  11/19 (58%) tmpl=collapse:ALLEBOOTESVERSEN@5 IC=0.0469 pos=IXNA | UKWC beta VI-II-VIII rings=AACU stecker=AK BT CO HY QV RX UZ
  all-time  11/19 tmpl=collapse:ALLEBOOTESVERSEN@5 pos=IXNA | UKWC beta VI-II-VIII rings=AACU stecker=AK BT CO HY QV RX UZ
Hybrid gen 9/12 pop=12 blockB_greeks=0
  gen-best  11/19 (58%) tmpl=collapse:ALLEBOOTESVERSEN@5 IC=0.0469 pos=IXNA | UKWC beta VI-II-VIII rings=AACU stecker=AK BT CO HY QV RX UZ
  all-time  11/19 tmpl=collapse:ALLEBOOTESVERSEN@5 pos=IXNA | UKWC beta VI-II-VIII rings=AACU stecker=AK BT CO HY QV RX UZ
Hybrid gen 10/12 pop=12 blockB_greeks=0
  gen-best  11/19 (58%) tmpl=collapse:ALLEBOOTESVERSEN@5 IC=0.0469 pos=IXNA | UKWC beta VI-II-VIII rings=AACU stecker=AK BT CO HY QV RX UZ
  all-time  11/19 tmpl=collapse:ALLEBOOTESVERSEN@5 pos=IXNA | UKWC beta VI-II-VIII rings=AACU stecker=AK BT CO HY QV RX UZ
Hybrid gen 11/12 pop=12 blockB_greeks=0
  gen-best  11/19 (58%) tmpl=collapse:ALLEBOOTESVERSEN@5 IC=0.0469 pos=IXNA | UKWC beta VI-II-VIII rings=AACU stecker=AK BT CO HY QV RX UZ
  all-time  11/19 tmpl=collapse:ALLEBOOTESVERSEN@5 pos=IXNA | UKWC beta VI-II-VIII rings=AACU stecker=AK BT CO HY QV RX UZ
Hybrid gen 12/12 pop=12 blockB_greeks=0
  gen-best  11/19 (58%) tmpl=collapse:ALLEBOOTESVERSEN@5 IC=0.0469 pos=IXNA | UKWC beta VI-II-VIII rings=AACU stecker=AK BT CO HY QV RX UZ
  all-time  11/19 tmpl=collapse:ALLEBOOTESVERSEN@5 pos=IXNA | UKWC beta VI-II-VIII rings=AACU stecker=AK BT CO HY QV RX UZ
ASIC datapath backend: Metal-cleartext-KPA (B=17576 cleartext lanes/Greek)
Stochastic templates: 1 (constrained 18…18)
Shell evolution: ON freeRings=false WO=126 ringSeeds=2 subspace=naval-two-notch-right
Block B Greeks (fixed): (none) — fitness higher=better (KPA letter-match)
Hybrid gen 1/12 pop=12 blockB_greeks=0
  gen-best  8/18 (44%) tmpl=collapse:stack:DOENITZDOENI@0 IC=0.0391 pos=HYFC | UKWC gamma IV-VIII-VII rings=AACU stecker=AK BF DZ EP GI HJ LR NV
  all-time  8/18 tmpl=collapse:stack:DOENITZDOENI@0 pos=HYFC | UKWC gamma IV-VIII-VII rings=AACU stecker=AK BF DZ EP GI HJ LR NV
Hybrid gen 2/12 pop=12 blockB_greeks=0
  gen-best  9/18 (50%) tmpl=collapse:stack:DOENITZDOENI@0 IC=0.0364 pos=QGOF | UKWC gamma IV-VIII-VII rings=AACU stecker=AK BF DZ GI HJ LR NV SY
  all-time  9/18 tmpl=collapse:stack:DOENITZDOENI@0 pos=QGOF | UKWC gamma IV-VIII-VII rings=AACU stecker=AK BF DZ GI HJ LR NV SY
Hybrid gen 3/12 pop=12 blockB_greeks=0
  gen-best  9/18 (50%) tmpl=collapse:stack:DOENITZDOENI@0 IC=0.0364 pos=QGOF | UKWC gamma IV-VIII-VII rings=AACU stecker=AK BF DZ GI HJ LR NV SY
  all-time  9/18 tmpl=collapse:stack:DOENITZDOENI@0 pos=QGOF | UKWC gamma IV-VIII-VII rings=AACU stecker=AK BF DZ GI HJ LR NV SY
Hybrid gen 4/12 pop=12 blockB_greeks=0
  gen-best  9/18 (50%) tmpl=collapse:stack:DOENITZDOENI@0 IC=0.0364 pos=QGOF | UKWC gamma IV-VIII-VII rings=AACU stecker=AK BF DZ GI HJ LR NV SY
  all-time  9/18 tmpl=collapse:stack:DOENITZDOENI@0 pos=QGOF | UKWC gamma IV-VIII-VII rings=AACU stecker=AK BF DZ GI HJ LR NV SY
Hybrid gen 5/12 pop=12 blockB_greeks=0
  gen-best  9/18 (50%) tmpl=collapse:stack:DOENITZDOENI@0 IC=0.0364 pos=QGOF | UKWC gamma IV-VIII-VII rings=AACU stecker=AK BF DZ GI HJ LR NV SY
  all-time  9/18 tmpl=collapse:stack:DOENITZDOENI@0 pos=QGOF | UKWC gamma IV-VIII-VII rings=AACU stecker=AK BF DZ GI HJ LR NV SY
Hybrid gen 6/12 pop=12 blockB_greeks=0
  gen-best  9/18 (50%) tmpl=collapse:stack:DOENITZDOENI@0 IC=0.0364 pos=QGOF | UKWC gamma IV-VIII-VII rings=AACU stecker=AK BF DZ GI HJ LR NV SY
  all-time  9/18 tmpl=collapse:stack:DOENITZDOENI@0 pos=QGOF | UKWC gamma IV-VIII-VII rings=AACU stecker=AK BF DZ GI HJ LR NV SY
Hybrid gen 7/12 pop=12 blockB_greeks=0
  gen-best  9/18 (50%) tmpl=collapse:stack:DOENITZDOENI@0 IC=0.0364 pos=QGOF | UKWC gamma IV-VIII-VII rings=AACU stecker=AK BF DZ GI HJ LR NV SY
  all-time  9/18 tmpl=collapse:stack:DOENITZDOENI@0 pos=QGOF | UKWC gamma IV-VIII-VII rings=AACU stecker=AK BF DZ GI HJ LR NV SY
Hybrid gen 8/12 pop=12 blockB_greeks=0
  gen-best  9/18 (50%) tmpl=collapse:stack:DOENITZDOENI@0 IC=0.0364 pos=QGOF | UKWC gamma IV-VIII-VII rings=AACU stecker=AK BF DZ GI HJ LR NV SY
  all-time  9/18 tmpl=collapse:stack:DOENITZDOENI@0 pos=QGOF | UKWC gamma IV-VIII-VII rings=AACU stecker=AK BF DZ GI HJ LR NV SY
Hybrid gen 9/12 pop=12 blockB_greeks=0
  gen-best  9/18 (50%) tmpl=collapse:stack:DOENITZDOENI@0 IC=0.0364 pos=QGOF | UKWC gamma IV-VIII-VII rings=AACU stecker=AK BF DZ GI HJ LR NV SY
  all-time  9/18 tmpl=collapse:stack:DOENITZDOENI@0 pos=QGOF | UKWC gamma IV-VIII-VII rings=AACU stecker=AK BF DZ GI HJ LR NV SY
Hybrid gen 10/12 pop=12 blockB_greeks=0
  gen-best  9/18 (50%) tmpl=collapse:stack:DOENITZDOENI@0 IC=0.0364 pos=QGOF | UKWC gamma IV-VIII-VII rings=AACU stecker=AK BF DZ GI HJ LR NV SY
  all-time  9/18 tmpl=collapse:stack:DOENITZDOENI@0 pos=QGOF | UKWC gamma IV-VIII-VII rings=AACU stecker=AK BF DZ GI HJ LR NV SY
Hybrid gen 11/12 pop=12 blockB_greeks=0
  gen-best  9/18 (50%) tmpl=collapse:stack:DOENITZDOENI@0 IC=0.0364 pos=QGOF | UKWC gamma IV-VIII-VII rings=AACU stecker=AK BF DZ GI HJ LR NV SY
  all-time  9/18 tmpl=collapse:stack:DOENITZDOENI@0 pos=QGOF | UKWC gamma IV-VIII-VII rings=AACU stecker=AK BF DZ GI HJ LR NV SY
Hybrid gen 12/12 pop=12 blockB_greeks=0
  gen-best  9/18 (50%) tmpl=collapse:stack:DOENITZDOENI@0 IC=0.0364 pos=QGOF | UKWC gamma IV-VIII-VII rings=AACU stecker=AK BF DZ GI HJ LR NV SY
  all-time  9/18 tmpl=collapse:stack:DOENITZDOENI@0 pos=QGOF | UKWC gamma IV-VIII-VII rings=AACU stecker=AK BF DZ GI HJ LR NV SY
ASIC datapath backend: Metal-cleartext-KPA (B=17576 cleartext lanes/Greek)
Stochastic templates: 1 (constrained 18…18)
Shell evolution: ON freeRings=false WO=126 ringSeeds=2 subspace=naval-two-notch-right
Block B Greeks (fixed): (none) — fitness higher=better (KPA letter-match)
Hybrid gen 1/12 pop=12 blockB_greeks=0
  gen-best  7/18 (39%) tmpl=collapse:stack:DOENITZDOENI@2 IC=0.0379 pos=SRYD | UKWB gamma VI-II-VII rings=AACU stecker=AZ BR CS FI GX HV JN LO UW
  all-time  7/18 tmpl=collapse:stack:DOENITZDOENI@2 pos=SRYD | UKWB gamma VI-II-VII rings=AACU stecker=AZ BR CS FI GX HV JN LO UW
Hybrid gen 2/12 pop=12 blockB_greeks=0
  gen-best  8/18 (44%) tmpl=collapse:stack:DOENITZDOENI@2 IC=0.0399 pos=WVYC | UKWB gamma VI-II-VII rings=AACU stecker=AZ BR CS EK FI HV JN LO UW
  all-time  8/18 tmpl=collapse:stack:DOENITZDOENI@2 pos=WVYC | UKWB gamma VI-II-VII rings=AACU stecker=AZ BR CS EK FI HV JN LO UW
Hybrid gen 3/12 pop=12 blockB_greeks=0
  gen-best  8/18 (44%) tmpl=collapse:stack:DOENITZDOENI@2 IC=0.0399 pos=WVYC | UKWB gamma VI-II-VII rings=AACU stecker=AZ BR CS EK FI HV JN LO UW
  all-time  8/18 tmpl=collapse:stack:DOENITZDOENI@2 pos=WVYC | UKWB gamma VI-II-VII rings=AACU stecker=AZ BR CS EK FI HV JN LO UW
Hybrid gen 4/12 pop=12 blockB_greeks=0
  gen-best  8/18 (44%) tmpl=collapse:stack:DOENITZDOENI@2 IC=0.0399 pos=WVYC | UKWB gamma VI-II-VII rings=AACU stecker=AZ BR CS EK FI HV JN LO UW
  all-time  8/18 tmpl=collapse:stack:DOENITZDOENI@2 pos=WVYC | UKWB gamma VI-II-VII rings=AACU stecker=AZ BR CS EK FI HV JN LO UW
Hybrid gen 5/12 pop=12 blockB_greeks=0
  gen-best  8/18 (44%) tmpl=collapse:stack:DOENITZDOENI@2 IC=0.0399 pos=WVYC | UKWB gamma VI-II-VII rings=AACU stecker=AZ BR CS EK FI HV JN LO UW
  all-time  8/18 tmpl=collapse:stack:DOENITZDOENI@2 pos=WVYC | UKWB gamma VI-II-VII rings=AACU stecker=AZ BR CS EK FI HV JN LO UW
Hybrid gen 6/12 pop=12 blockB_greeks=0
  gen-best  8/18 (44%) tmpl=collapse:stack:DOENITZDOENI@2 IC=0.0399 pos=WVYC | UKWB gamma VI-II-VII rings=AACU stecker=AZ BR CS EK FI HV JN LO UW
  all-time  8/18 tmpl=collapse:stack:DOENITZDOENI@2 pos=WVYC | UKWB gamma VI-II-VII rings=AACU stecker=AZ BR CS EK FI HV JN LO UW
Hybrid gen 7/12 pop=12 blockB_greeks=0
  gen-best  8/18 (44%) tmpl=collapse:stack:DOENITZDOENI@2 IC=0.0399 pos=WVYC | UKWB gamma VI-II-VII rings=AACU stecker=AZ BR CS EK FI HV JN LO UW
  all-time  8/18 tmpl=collapse:stack:DOENITZDOENI@2 pos=WVYC | UKWB gamma VI-II-VII rings=AACU stecker=AZ BR CS EK FI HV JN LO UW
Hybrid gen 8/12 pop=12 blockB_greeks=0
  gen-best  8/18 (44%) tmpl=collapse:stack:DOENITZDOENI@2 IC=0.0399 pos=WVYC | UKWB gamma VI-II-VII rings=AACU stecker=AZ BR CS EK FI HV JN LO UW
  all-time  8/18 tmpl=collapse:stack:DOENITZDOENI@2 pos=WVYC | UKWB gamma VI-II-VII rings=AACU stecker=AZ BR CS EK FI HV JN LO UW
Hybrid gen 9/12 pop=12 blockB_greeks=0
  gen-best  9/18 (50%) tmpl=collapse:stack:DOENITZDOENI@2 IC=0.0426 pos=EJJZ | UKWC beta IV-VII-VI rings=AAAA stecker=CP IN OZ
  all-time  9/18 tmpl=collapse:stack:DOENITZDOENI@2 pos=EJJZ | UKWC beta IV-VII-VI rings=AAAA stecker=CP IN OZ
Hybrid gen 10/12 pop=12 blockB_greeks=0
  gen-best  9/18 (50%) tmpl=collapse:stack:DOENITZDOENI@2 IC=0.0426 pos=EJJZ | UKWC beta IV-VII-VI rings=AAAA stecker=CP IN OZ
  all-time  9/18 tmpl=collapse:stack:DOENITZDOENI@2 pos=EJJZ | UKWC beta IV-VII-VI rings=AAAA stecker=CP IN OZ
Hybrid gen 11/12 pop=12 blockB_greeks=0
  gen-best  9/18 (50%) tmpl=collapse:stack:DOENITZDOENI@2 IC=0.0426 pos=EJJZ | UKWC beta IV-VII-VI rings=AAAA stecker=CP IN OZ
  all-time  9/18 tmpl=collapse:stack:DOENITZDOENI@2 pos=EJJZ | UKWC beta IV-VII-VI rings=AAAA stecker=CP IN OZ
Hybrid gen 12/12 pop=12 blockB_greeks=0
  gen-best  9/18 (50%) tmpl=collapse:stack:DOENITZDOENI@2 IC=0.0426 pos=EJJZ | UKWC beta IV-VII-VI rings=AAAA stecker=CP IN OZ
  all-time  9/18 tmpl=collapse:stack:DOENITZDOENI@2 pos=EJJZ | UKWC beta IV-VII-VI rings=AAAA stecker=CP IN OZ
ASIC datapath backend: Metal-cleartext-KPA (B=17576 cleartext lanes/Greek)
Stochastic templates: 1 (constrained 18…18)
Shell evolution: ON freeRings=false WO=126 ringSeeds=2 subspace=naval-two-notch-right
Block B Greeks (fixed): (none) — fitness higher=better (KPA letter-match)
Hybrid gen 1/12 pop=12 blockB_greeks=0
  gen-best  8/18 (44%) tmpl=collapse:stack:FLENSBURGFLE@0 IC=0.0391 pos=SCJF | UKWC gamma III-IV-VI rings=AACU stecker=AT
  all-time  8/18 tmpl=collapse:stack:FLENSBURGFLE@0 pos=SCJF | UKWC gamma III-IV-VI rings=AACU stecker=AT
Hybrid gen 2/12 pop=12 blockB_greeks=0
  gen-best  8/18 (44%) tmpl=collapse:stack:FLENSBURGFLE@0 IC=0.0391 pos=SCJF | UKWC gamma III-IV-VI rings=AACU stecker=AT
  all-time  8/18 tmpl=collapse:stack:FLENSBURGFLE@0 pos=SCJF | UKWC gamma III-IV-VI rings=AACU stecker=AT
Hybrid gen 3/12 pop=12 blockB_greeks=0
  gen-best  9/18 (50%) tmpl=collapse:stack:FLENSBURGFLE@0 IC=0.0450 pos=UFUA | UKWC beta IV-III-VIII rings=AACU stecker=AN BT DK EJ GX HP IO QU WY
  all-time  9/18 tmpl=collapse:stack:FLENSBURGFLE@0 pos=UFUA | UKWC beta IV-III-VIII rings=AACU stecker=AN BT DK EJ GX HP IO QU WY
Hybrid gen 4/12 pop=12 blockB_greeks=0
  gen-best  9/18 (50%) tmpl=collapse:stack:FLENSBURGFLE@0 IC=0.0450 pos=UFUA | UKWC beta IV-III-VIII rings=AACU stecker=AN BT DK EJ GX HP IO QU WY
  all-time  9/18 tmpl=collapse:stack:FLENSBURGFLE@0 pos=UFUA | UKWC beta IV-III-VIII rings=AACU stecker=AN BT DK EJ GX HP IO QU WY
Hybrid gen 5/12 pop=12 blockB_greeks=0
  gen-best  10/18 (56%) tmpl=collapse:stack:FLENSBURGFLE@0 IC=0.0446 pos=UFUA | UKWC beta IV-III-VIII rings=AACU stecker=AN BT DK EJ FM GX HP IO QU WY
  all-time  10/18 tmpl=collapse:stack:FLENSBURGFLE@0 pos=UFUA | UKWC beta IV-III-VIII rings=AACU stecker=AN BT DK EJ FM GX HP IO QU WY
Hybrid gen 6/12 pop=12 blockB_greeks=0
  gen-best  10/18 (56%) tmpl=collapse:stack:FLENSBURGFLE@0 IC=0.0446 pos=UFUA | UKWC beta IV-III-VIII rings=AACU stecker=AN BT DK EJ FM GX HP IO QU WY
  all-time  10/18 tmpl=collapse:stack:FLENSBURGFLE@0 pos=UFUA | UKWC beta IV-III-VIII rings=AACU stecker=AN BT DK EJ FM GX HP IO QU WY
Hybrid gen 7/12 pop=12 blockB_greeks=0
  gen-best  10/18 (56%) tmpl=collapse:stack:FLENSBURGFLE@0 IC=0.0446 pos=UFUA | UKWC beta IV-III-VIII rings=AACU stecker=AN BT DK EJ FM GX HP IO QU WY
  all-time  10/18 tmpl=collapse:stack:FLENSBURGFLE@0 pos=UFUA | UKWC beta IV-III-VIII rings=AACU stecker=AN BT DK EJ FM GX HP IO QU WY
Hybrid gen 8/12 pop=12 blockB_greeks=0
  gen-best  10/18 (56%) tmpl=collapse:stack:FLENSBURGFLE@0 IC=0.0446 pos=UFUA | UKWC beta IV-III-VIII rings=AACU stecker=AN BT DK EJ FM GX HP IO QU WY
  all-time  10/18 tmpl=collapse:stack:FLENSBURGFLE@0 pos=UFUA | UKWC beta IV-III-VIII rings=AACU stecker=AN BT DK EJ FM GX HP IO QU WY
Hybrid gen 9/12 pop=12 blockB_greeks=0
  gen-best  10/18 (56%) tmpl=collapse:stack:FLENSBURGFLE@0 IC=0.0446 pos=UFUA | UKWC beta IV-III-VIII rings=AACU stecker=AN BT DK EJ FM GX HP IO QU WY
  all-time  10/18 tmpl=collapse:stack:FLENSBURGFLE@0 pos=UFUA | UKWC beta IV-III-VIII rings=AACU stecker=AN BT DK EJ FM GX HP IO QU WY
Hybrid gen 10/12 pop=12 blockB_greeks=0
  gen-best  10/18 (56%) tmpl=collapse:stack:FLENSBURGFLE@0 IC=0.0446 pos=UFUA | UKWC beta IV-III-VIII rings=AACU stecker=AN BT DK EJ FM GX HP IO QU WY
  all-time  10/18 tmpl=collapse:stack:FLENSBURGFLE@0 pos=UFUA | UKWC beta IV-III-VIII rings=AACU stecker=AN BT DK EJ FM GX HP IO QU WY
Hybrid gen 11/12 pop=12 blockB_greeks=0
  gen-best  10/18 (56%) tmpl=collapse:stack:FLENSBURGFLE@0 IC=0.0446 pos=UFUA | UKWC beta IV-III-VIII rings=AACU stecker=AN BT DK EJ FM GX HP IO QU WY
  all-time  10/18 tmpl=collapse:stack:FLENSBURGFLE@0 pos=UFUA | UKWC beta IV-III-VIII rings=AACU stecker=AN BT DK EJ FM GX HP IO QU WY
Hybrid gen 12/12 pop=12 blockB_greeks=0
  gen-best  10/18 (56%) tmpl=collapse:stack:FLENSBURGFLE@0 IC=0.0446 pos=UFUA | UKWC beta IV-III-VIII rings=AACU stecker=AN BT DK EJ FM GX HP IO QU WY
  all-time  10/18 tmpl=collapse:stack:FLENSBURGFLE@0 pos=UFUA | UKWC beta IV-III-VIII rings=AACU stecker=AN BT DK EJ FM GX HP IO QU WY
ASIC datapath backend: Metal-cleartext-KPA (B=17576 cleartext lanes/Greek)
Stochastic templates: 1 (constrained 18…18)
Shell evolution: ON freeRings=false WO=126 ringSeeds=2 subspace=naval-two-notch-right
Block B Greeks (fixed): (none) — fitness higher=better (KPA letter-match)
Hybrid gen 1/12 pop=12 blockB_greeks=0
  gen-best  8/18 (44%) tmpl=collapse:stack:FLENSBURGFLE@2 IC=0.0372 pos=INNM | UKWB gamma III-V-VI rings=AACU stecker=FY TV
  all-time  8/18 tmpl=collapse:stack:FLENSBURGFLE@2 pos=INNM | UKWB gamma III-V-VI rings=AACU stecker=FY TV
Hybrid gen 2/12 pop=12 blockB_greeks=0
  gen-best  8/18 (44%) tmpl=collapse:stack:FLENSBURGFLE@2 IC=0.0372 pos=INNM | UKWB gamma III-V-VI rings=AACU stecker=FY TV
  all-time  8/18 tmpl=collapse:stack:FLENSBURGFLE@2 pos=INNM | UKWB gamma III-V-VI rings=AACU stecker=FY TV
Hybrid gen 3/12 pop=12 blockB_greeks=0
  gen-best  8/18 (44%) tmpl=collapse:stack:FLENSBURGFLE@2 IC=0.0372 pos=INNM | UKWB gamma III-V-VI rings=AACU stecker=FY TV
  all-time  8/18 tmpl=collapse:stack:FLENSBURGFLE@2 pos=INNM | UKWB gamma III-V-VI rings=AACU stecker=FY TV
Hybrid gen 4/12 pop=12 blockB_greeks=0
  gen-best  8/18 (44%) tmpl=collapse:stack:FLENSBURGFLE@2 IC=0.0372 pos=INNM | UKWB gamma III-V-VI rings=AACU stecker=FY TV
  all-time  8/18 tmpl=collapse:stack:FLENSBURGFLE@2 pos=INNM | UKWB gamma III-V-VI rings=AACU stecker=FY TV
Hybrid gen 5/12 pop=12 blockB_greeks=0
  gen-best  10/18 (56%) tmpl=collapse:stack:FLENSBURGFLE@2 IC=0.0356 pos=IZMF | UKWB gamma III-V-VI rings=AACU stecker=DT JY
  all-time  10/18 tmpl=collapse:stack:FLENSBURGFLE@2 pos=IZMF | UKWB gamma III-V-VI rings=AACU stecker=DT JY
Hybrid gen 6/12 pop=12 blockB_greeks=0
  gen-best  10/18 (56%) tmpl=collapse:stack:FLENSBURGFLE@2 IC=0.0356 pos=IZMF | UKWB gamma III-V-VI rings=AACU stecker=DT JY
  all-time  10/18 tmpl=collapse:stack:FLENSBURGFLE@2 pos=IZMF | UKWB gamma III-V-VI rings=AACU stecker=DT JY
Hybrid gen 7/12 pop=12 blockB_greeks=0
  gen-best  10/18 (56%) tmpl=collapse:stack:FLENSBURGFLE@2 IC=0.0356 pos=IZMF | UKWB gamma III-V-VI rings=AACU stecker=DT JY
  all-time  10/18 tmpl=collapse:stack:FLENSBURGFLE@2 pos=IZMF | UKWB gamma III-V-VI rings=AACU stecker=DT JY
Hybrid gen 8/12 pop=12 blockB_greeks=0
  gen-best  10/18 (56%) tmpl=collapse:stack:FLENSBURGFLE@2 IC=0.0356 pos=IZMF | UKWB gamma III-V-VI rings=AACU stecker=DT JY
  all-time  10/18 tmpl=collapse:stack:FLENSBURGFLE@2 pos=IZMF | UKWB gamma III-V-VI rings=AACU stecker=DT JY
Hybrid gen 9/12 pop=12 blockB_greeks=0
  gen-best  10/18 (56%) tmpl=collapse:stack:FLENSBURGFLE@2 IC=0.0356 pos=IZMF | UKWB gamma III-V-VI rings=AACU stecker=DT JY
  all-time  10/18 tmpl=collapse:stack:FLENSBURGFLE@2 pos=IZMF | UKWB gamma III-V-VI rings=AACU stecker=DT JY
Hybrid gen 10/12 pop=12 blockB_greeks=0
  gen-best  10/18 (56%) tmpl=collapse:stack:FLENSBURGFLE@2 IC=0.0356 pos=IZMF | UKWB gamma III-V-VI rings=AACU stecker=DT JY
  all-time  10/18 tmpl=collapse:stack:FLENSBURGFLE@2 pos=IZMF | UKWB gamma III-V-VI rings=AACU stecker=DT JY
Hybrid gen 11/12 pop=12 blockB_greeks=0
  gen-best  10/18 (56%) tmpl=collapse:stack:FLENSBURGFLE@2 IC=0.0356 pos=IZMF | UKWB gamma III-V-VI rings=AACU stecker=DT JY
  all-time  10/18 tmpl=collapse:stack:FLENSBURGFLE@2 pos=IZMF | UKWB gamma III-V-VI rings=AACU stecker=DT JY
Hybrid gen 12/12 pop=12 blockB_greeks=0
  gen-best  10/18 (56%) tmpl=collapse:stack:FLENSBURGFLE@2 IC=0.0356 pos=IZMF | UKWB gamma III-V-VI rings=AACU stecker=DT JY
  all-time  10/18 tmpl=collapse:stack:FLENSBURGFLE@2 pos=IZMF | UKWB gamma III-V-VI rings=AACU stecker=DT JY
ASIC datapath backend: Metal-cleartext-KPA (B=17576 cleartext lanes/Greek)
Stochastic templates: 1 (constrained 18…18)
Shell evolution: ON freeRings=false WO=126 ringSeeds=2 subspace=naval-two-notch-right
Block B Greeks (fixed): (none) — fitness higher=better (KPA letter-match)
Hybrid gen 1/12 pop=12 blockB_greeks=0
  gen-best  8/18 (44%) tmpl=collapse:stack:GEHEIMGEHEIM@0 IC=0.0356 pos=IWPG | UKWB gamma VI-I-VIII rings=AACU stecker=AD BS CP FU JX KY OR
  all-time  8/18 tmpl=collapse:stack:GEHEIMGEHEIM@0 pos=IWPG | UKWB gamma VI-I-VIII rings=AACU stecker=AD BS CP FU JX KY OR
Hybrid gen 2/12 pop=12 blockB_greeks=0
  gen-best  9/18 (50%) tmpl=collapse:stack:GEHEIMGEHEIM@0 IC=0.0376 pos=KTYR | UKWB gamma VI-I-VIII rings=AACU stecker=AD BS EH FU JX KY OR
  all-time  9/18 tmpl=collapse:stack:GEHEIMGEHEIM@0 pos=KTYR | UKWB gamma VI-I-VIII rings=AACU stecker=AD BS EH FU JX KY OR
Hybrid gen 3/12 pop=12 blockB_greeks=0
  gen-best  9/18 (50%) tmpl=collapse:stack:GEHEIMGEHEIM@0 IC=0.0376 pos=KTYR | UKWB gamma VI-I-VIII rings=AACU stecker=AD BS EH FU JX KY OR
  all-time  9/18 tmpl=collapse:stack:GEHEIMGEHEIM@0 pos=KTYR | UKWB gamma VI-I-VIII rings=AACU stecker=AD BS EH FU JX KY OR
Hybrid gen 4/12 pop=12 blockB_greeks=0
  gen-best  9/18 (50%) tmpl=collapse:stack:GEHEIMGEHEIM@0 IC=0.0376 pos=KTYR | UKWB gamma VI-I-VIII rings=AACU stecker=AD BS EH FU JX KY OR
  all-time  9/18 tmpl=collapse:stack:GEHEIMGEHEIM@0 pos=KTYR | UKWB gamma VI-I-VIII rings=AACU stecker=AD BS EH FU JX KY OR
Hybrid gen 5/12 pop=12 blockB_greeks=0
  gen-best  9/18 (50%) tmpl=collapse:stack:GEHEIMGEHEIM@0 IC=0.0376 pos=KTYR | UKWB gamma VI-I-VIII rings=AACU stecker=AD BS EH FU JX KY OR
  all-time  9/18 tmpl=collapse:stack:GEHEIMGEHEIM@0 pos=KTYR | UKWB gamma VI-I-VIII rings=AACU stecker=AD BS EH FU JX KY OR
Hybrid gen 6/12 pop=12 blockB_greeks=0
  gen-best  10/18 (56%) tmpl=collapse:stack:GEHEIMGEHEIM@0 IC=0.0395 pos=KTYR | UKWB gamma VI-I-VIII rings=AACU stecker=AD BS EH FU JX KY VZ
  all-time  10/18 tmpl=collapse:stack:GEHEIMGEHEIM@0 pos=KTYR | UKWB gamma VI-I-VIII rings=AACU stecker=AD BS EH FU JX KY VZ
Hybrid gen 7/12 pop=12 blockB_greeks=0
  gen-best  10/18 (56%) tmpl=collapse:stack:GEHEIMGEHEIM@0 IC=0.0395 pos=KTYR | UKWB gamma VI-I-VIII rings=AACU stecker=AD BS EH FU JX KY VZ
  all-time  10/18 tmpl=collapse:stack:GEHEIMGEHEIM@0 pos=KTYR | UKWB gamma VI-I-VIII rings=AACU stecker=AD BS EH FU JX KY VZ
Hybrid gen 8/12 pop=12 blockB_greeks=0
  gen-best  10/18 (56%) tmpl=collapse:stack:GEHEIMGEHEIM@0 IC=0.0395 pos=KTYR | UKWB gamma VI-I-VIII rings=AACU stecker=AD BS EH FU JX KY VZ
  all-time  10/18 tmpl=collapse:stack:GEHEIMGEHEIM@0 pos=KTYR | UKWB gamma VI-I-VIII rings=AACU stecker=AD BS EH FU JX KY VZ
Hybrid gen 9/12 pop=12 blockB_greeks=0
  gen-best  10/18 (56%) tmpl=collapse:stack:GEHEIMGEHEIM@0 IC=0.0395 pos=KTYR | UKWB gamma VI-I-VIII rings=AACU stecker=AD BS EH FU JX KY VZ
  all-time  10/18 tmpl=collapse:stack:GEHEIMGEHEIM@0 pos=KTYR | UKWB gamma VI-I-VIII rings=AACU stecker=AD BS EH FU JX KY VZ
Hybrid gen 10/12 pop=12 blockB_greeks=0
  gen-best  10/18 (56%) tmpl=collapse:stack:GEHEIMGEHEIM@0 IC=0.0395 pos=KTYR | UKWB gamma VI-I-VIII rings=AACU stecker=AD BS EH FU JX KY VZ
  all-time  10/18 tmpl=collapse:stack:GEHEIMGEHEIM@0 pos=KTYR | UKWB gamma VI-I-VIII rings=AACU stecker=AD BS EH FU JX KY VZ
Hybrid gen 11/12 pop=12 blockB_greeks=0
  gen-best  10/18 (56%) tmpl=collapse:stack:GEHEIMGEHEIM@0 IC=0.0395 pos=KTYR | UKWB gamma VI-I-VIII rings=AACU stecker=AD BS EH FU JX KY VZ
  all-time  10/18 tmpl=collapse:stack:GEHEIMGEHEIM@0 pos=KTYR | UKWB gamma VI-I-VIII rings=AACU stecker=AD BS EH FU JX KY VZ
Hybrid gen 12/12 pop=12 blockB_greeks=0
  gen-best  10/18 (56%) tmpl=collapse:stack:GEHEIMGEHEIM@0 IC=0.0395 pos=KTYR | UKWB gamma VI-I-VIII rings=AACU stecker=AD BS EH FU JX KY VZ
  all-time  10/18 tmpl=collapse:stack:GEHEIMGEHEIM@0 pos=KTYR | UKWB gamma VI-I-VIII rings=AACU stecker=AD BS EH FU JX KY VZ
ASIC datapath backend: Metal-cleartext-KPA (B=17576 cleartext lanes/Greek)
Stochastic templates: 1 (constrained 18…18)
Shell evolution: ON freeRings=false WO=126 ringSeeds=2 subspace=naval-two-notch-right
Block B Greeks (fixed): (none) — fitness higher=better (KPA letter-match)
Hybrid gen 1/12 pop=12 blockB_greeks=0
  gen-best  8/18 (44%) tmpl=collapse:stack:GEHEIMGEHEIM@2 IC=0.0415 pos=HUJQ | UKWC gamma III-II-VI rings=AACU stecker=AB
  all-time  8/18 tmpl=collapse:stack:GEHEIMGEHEIM@2 pos=HUJQ | UKWC gamma III-II-VI rings=AACU stecker=AB
Hybrid gen 2/12 pop=12 blockB_greeks=0
  gen-best  8/18 (44%) tmpl=collapse:stack:GEHEIMGEHEIM@2 IC=0.0415 pos=HUJQ | UKWC gamma III-II-VI rings=AACU stecker=AB
  all-time  8/18 tmpl=collapse:stack:GEHEIMGEHEIM@2 pos=HUJQ | UKWC gamma III-II-VI rings=AACU stecker=AB
Hybrid gen 3/12 pop=12 blockB_greeks=0
  gen-best  8/18 (44%) tmpl=collapse:stack:GEHEIMGEHEIM@2 IC=0.0415 pos=HUJQ | UKWC gamma III-II-VI rings=AACU stecker=AB
  all-time  8/18 tmpl=collapse:stack:GEHEIMGEHEIM@2 pos=HUJQ | UKWC gamma III-II-VI rings=AACU stecker=AB
Hybrid gen 4/12 pop=12 blockB_greeks=0
  gen-best  9/18 (50%) tmpl=collapse:stack:GEHEIMGEHEIM@2 IC=0.0379 pos=SXCQ | UKWC gamma III-II-VI rings=AACU stecker=EJ
  all-time  9/18 tmpl=collapse:stack:GEHEIMGEHEIM@2 pos=SXCQ | UKWC gamma III-II-VI rings=AACU stecker=EJ
Hybrid gen 5/12 pop=12 blockB_greeks=0
  gen-best  9/18 (50%) tmpl=collapse:stack:GEHEIMGEHEIM@2 IC=0.0379 pos=SXCQ | UKWC gamma III-II-VI rings=AACU stecker=EJ
  all-time  9/18 tmpl=collapse:stack:GEHEIMGEHEIM@2 pos=SXCQ | UKWC gamma III-II-VI rings=AACU stecker=EJ
Hybrid gen 6/12 pop=12 blockB_greeks=0
  gen-best  9/18 (50%) tmpl=collapse:stack:GEHEIMGEHEIM@2 IC=0.0379 pos=SXCQ | UKWC gamma III-II-VI rings=AACU stecker=EJ
  all-time  9/18 tmpl=collapse:stack:GEHEIMGEHEIM@2 pos=SXCQ | UKWC gamma III-II-VI rings=AACU stecker=EJ
Hybrid gen 7/12 pop=12 blockB_greeks=0
  gen-best  10/18 (56%) tmpl=collapse:stack:GEHEIMGEHEIM@2 IC=0.0442 pos=HUHQ | UKWC gamma III-II-VI rings=AAAU stecker=DP FJ
  all-time  10/18 tmpl=collapse:stack:GEHEIMGEHEIM@2 pos=HUHQ | UKWC gamma III-II-VI rings=AAAU stecker=DP FJ
Hybrid gen 8/12 pop=12 blockB_greeks=0
  gen-best  10/18 (56%) tmpl=collapse:stack:GEHEIMGEHEIM@2 IC=0.0442 pos=HUHQ | UKWC gamma III-II-VI rings=AAAU stecker=DP FJ
  all-time  10/18 tmpl=collapse:stack:GEHEIMGEHEIM@2 pos=HUHQ | UKWC gamma III-II-VI rings=AAAU stecker=DP FJ
Hybrid gen 9/12 pop=12 blockB_greeks=0
  gen-best  10/18 (56%) tmpl=collapse:stack:GEHEIMGEHEIM@2 IC=0.0442 pos=HUHQ | UKWC gamma III-II-VI rings=AAAU stecker=DP FJ
  all-time  10/18 tmpl=collapse:stack:GEHEIMGEHEIM@2 pos=HUHQ | UKWC gamma III-II-VI rings=AAAU stecker=DP FJ
Hybrid gen 10/12 pop=12 blockB_greeks=0
  gen-best  10/18 (56%) tmpl=collapse:stack:GEHEIMGEHEIM@2 IC=0.0442 pos=HUHQ | UKWC gamma III-II-VI rings=AAAU stecker=DP FJ
  all-time  10/18 tmpl=collapse:stack:GEHEIMGEHEIM@2 pos=HUHQ | UKWC gamma III-II-VI rings=AAAU stecker=DP FJ
Hybrid gen 11/12 pop=12 blockB_greeks=0
  gen-best  10/18 (56%) tmpl=collapse:stack:GEHEIMGEHEIM@2 IC=0.0442 pos=HUHQ | UKWC gamma III-II-VI rings=AAAU stecker=DP FJ
  all-time  10/18 tmpl=collapse:stack:GEHEIMGEHEIM@2 pos=HUHQ | UKWC gamma III-II-VI rings=AAAU stecker=DP FJ
Hybrid gen 12/12 pop=12 blockB_greeks=0
  gen-best  10/18 (56%) tmpl=collapse:stack:GEHEIMGEHEIM@2 IC=0.0442 pos=HUHQ | UKWC gamma III-II-VI rings=AAAU stecker=DP FJ
  all-time  10/18 tmpl=collapse:stack:GEHEIMGEHEIM@2 pos=HUHQ | UKWC gamma III-II-VI rings=AAAU stecker=DP FJ
ASIC datapath backend: Metal-cleartext-KPA (B=17576 cleartext lanes/Greek)
Stochastic templates: 1 (constrained 18…18)
Shell evolution: ON freeRings=false WO=126 ringSeeds=2 subspace=naval-two-notch-right
Block B Greeks (fixed): (none) — fitness higher=better (KPA letter-match)
Hybrid gen 1/12 pop=12 blockB_greeks=0
  gen-best  7/18 (39%) tmpl=collapse:stack:MELDENMELDEN@1 IC=0.0419 pos=BMBQ | UKWC beta VI-VII-VIII rings=AAAA stecker=CS EP IV
  all-time  7/18 tmpl=collapse:stack:MELDENMELDEN@1 pos=BMBQ | UKWC beta VI-VII-VIII rings=AAAA stecker=CS EP IV
Hybrid gen 2/12 pop=12 blockB_greeks=0
  gen-best  8/18 (44%) tmpl=collapse:stack:MELDENMELDEN@1 IC=0.0379 pos=VPNY | UKWB beta VII-V-VI rings=AACU stecker=AV CJ EI KL QS UW YZ
  all-time  8/18 tmpl=collapse:stack:MELDENMELDEN@1 pos=VPNY | UKWB beta VII-V-VI rings=AACU stecker=AV CJ EI KL QS UW YZ
Hybrid gen 3/12 pop=12 blockB_greeks=0
  gen-best  8/18 (44%) tmpl=collapse:stack:MELDENMELDEN@1 IC=0.0379 pos=VPNY | UKWB beta VII-V-VI rings=AACU stecker=AV CJ EI KL QS UW YZ
  all-time  8/18 tmpl=collapse:stack:MELDENMELDEN@1 pos=VPNY | UKWB beta VII-V-VI rings=AACU stecker=AV CJ EI KL QS UW YZ
Hybrid gen 4/12 pop=12 blockB_greeks=0
  gen-best  8/18 (44%) tmpl=collapse:stack:MELDENMELDEN@1 IC=0.0379 pos=VPNY | UKWB beta VII-V-VI rings=AACU stecker=AV CJ EI KL QS UW YZ
  all-time  8/18 tmpl=collapse:stack:MELDENMELDEN@1 pos=VPNY | UKWB beta VII-V-VI rings=AACU stecker=AV CJ EI KL QS UW YZ
Hybrid gen 5/12 pop=12 blockB_greeks=0
  gen-best  9/18 (50%) tmpl=collapse:stack:MELDENMELDEN@1 IC=0.0442 pos=VPNY | UKWB beta VII-V-VI rings=AACU stecker=AV EI FJ KL QS UW YZ
  all-time  9/18 tmpl=collapse:stack:MELDENMELDEN@1 pos=VPNY | UKWB beta VII-V-VI rings=AACU stecker=AV EI FJ KL QS UW YZ
Hybrid gen 6/12 pop=12 blockB_greeks=0
  gen-best  9/18 (50%) tmpl=collapse:stack:MELDENMELDEN@1 IC=0.0442 pos=VPNY | UKWB beta VII-V-VI rings=AACU stecker=AV EI FJ KL QS UW YZ
  all-time  9/18 tmpl=collapse:stack:MELDENMELDEN@1 pos=VPNY | UKWB beta VII-V-VI rings=AACU stecker=AV EI FJ KL QS UW YZ
Hybrid gen 7/12 pop=12 blockB_greeks=0
  gen-best  9/18 (50%) tmpl=collapse:stack:MELDENMELDEN@1 IC=0.0442 pos=VPNY | UKWB beta VII-V-VI rings=AACU stecker=AV EI FJ KL QS UW YZ
  all-time  9/18 tmpl=collapse:stack:MELDENMELDEN@1 pos=VPNY | UKWB beta VII-V-VI rings=AACU stecker=AV EI FJ KL QS UW YZ
Hybrid gen 8/12 pop=12 blockB_greeks=0
  gen-best  9/18 (50%) tmpl=collapse:stack:MELDENMELDEN@1 IC=0.0442 pos=VPNY | UKWB beta VII-V-VI rings=AACU stecker=AV EI FJ KL QS UW YZ
  all-time  9/18 tmpl=collapse:stack:MELDENMELDEN@1 pos=VPNY | UKWB beta VII-V-VI rings=AACU stecker=AV EI FJ KL QS UW YZ
Hybrid gen 9/12 pop=12 blockB_greeks=0
  gen-best  9/18 (50%) tmpl=collapse:stack:MELDENMELDEN@1 IC=0.0442 pos=VPNY | UKWB beta VII-V-VI rings=AACU stecker=AV EI FJ KL QS UW YZ
  all-time  9/18 tmpl=collapse:stack:MELDENMELDEN@1 pos=VPNY | UKWB beta VII-V-VI rings=AACU stecker=AV EI FJ KL QS UW YZ
Hybrid gen 10/12 pop=12 blockB_greeks=0
  gen-best  10/18 (56%) tmpl=collapse:stack:MELDENMELDEN@1 IC=0.0430 pos=BAKJ | UKWC beta VI-V-VII rings=AAAA stecker=AD BP EM GW HR IX OS QT YZ
  all-time  10/18 tmpl=collapse:stack:MELDENMELDEN@1 pos=BAKJ | UKWC beta VI-V-VII rings=AAAA stecker=AD BP EM GW HR IX OS QT YZ
Hybrid gen 11/12 pop=12 blockB_greeks=0
  gen-best  10/18 (56%) tmpl=collapse:stack:MELDENMELDEN@1 IC=0.0430 pos=BAKJ | UKWC beta VI-V-VII rings=AAAA stecker=AD BP EM GW HR IX OS QT YZ
  all-time  10/18 tmpl=collapse:stack:MELDENMELDEN@1 pos=BAKJ | UKWC beta VI-V-VII rings=AAAA stecker=AD BP EM GW HR IX OS QT YZ
Hybrid gen 12/12 pop=12 blockB_greeks=0
  gen-best  10/18 (56%) tmpl=collapse:stack:MELDENMELDEN@1 IC=0.0430 pos=BAKJ | UKWC beta VI-V-VII rings=AAAA stecker=AD BP EM GW HR IX OS QT YZ
  all-time  10/18 tmpl=collapse:stack:MELDENMELDEN@1 pos=BAKJ | UKWC beta VI-V-VII rings=AAAA stecker=AD BP EM GW HR IX OS QT YZ
ASIC datapath backend: Metal-cleartext-KPA (B=17576 cleartext lanes/Greek)
Stochastic templates: 1 (constrained 18…18)
Shell evolution: ON freeRings=false WO=126 ringSeeds=2 subspace=naval-two-notch-right
Block B Greeks (fixed): (none) — fitness higher=better (KPA letter-match)
Hybrid gen 1/12 pop=12 blockB_greeks=0
  gen-best  7/18 (39%) tmpl=collapse:stack:REGENBOGENRE@3 IC=0.0372 pos=LYTZ | UKWB gamma I-II-VI rings=AAAA stecker=(none)
  all-time  7/18 tmpl=collapse:stack:REGENBOGENRE@3 pos=LYTZ | UKWB gamma I-II-VI rings=AAAA stecker=(none)
Hybrid gen 2/12 pop=12 blockB_greeks=0
  gen-best  8/18 (44%) tmpl=collapse:stack:REGENBOGENRE@3 IC=0.0462 pos=NOXE | UKWB gamma I-II-VI rings=AAAA stecker=HO
  all-time  8/18 tmpl=collapse:stack:REGENBOGENRE@3 pos=NOXE | UKWB gamma I-II-VI rings=AAAA stecker=HO
Hybrid gen 3/12 pop=12 blockB_greeks=0
  gen-best  8/18 (44%) tmpl=collapse:stack:REGENBOGENRE@3 IC=0.0462 pos=NOXE | UKWB gamma I-II-VI rings=AAAA stecker=HO
  all-time  8/18 tmpl=collapse:stack:REGENBOGENRE@3 pos=NOXE | UKWB gamma I-II-VI rings=AAAA stecker=HO
Hybrid gen 4/12 pop=12 blockB_greeks=0
  gen-best  8/18 (44%) tmpl=collapse:stack:REGENBOGENRE@3 IC=0.0462 pos=NOXE | UKWB gamma I-II-VI rings=AAAA stecker=HO
  all-time  8/18 tmpl=collapse:stack:REGENBOGENRE@3 pos=NOXE | UKWB gamma I-II-VI rings=AAAA stecker=HO
Hybrid gen 5/12 pop=12 blockB_greeks=0
  gen-best  8/18 (44%) tmpl=collapse:stack:REGENBOGENRE@3 IC=0.0462 pos=NOXE | UKWB gamma I-II-VI rings=AAAA stecker=HO
  all-time  8/18 tmpl=collapse:stack:REGENBOGENRE@3 pos=NOXE | UKWB gamma I-II-VI rings=AAAA stecker=HO
Hybrid gen 6/12 pop=12 blockB_greeks=0
  gen-best  8/18 (44%) tmpl=collapse:stack:REGENBOGENRE@3 IC=0.0462 pos=NOXE | UKWB gamma I-II-VI rings=AAAA stecker=HO
  all-time  8/18 tmpl=collapse:stack:REGENBOGENRE@3 pos=NOXE | UKWB gamma I-II-VI rings=AAAA stecker=HO
Hybrid gen 7/12 pop=12 blockB_greeks=0
  gen-best  9/18 (50%) tmpl=collapse:stack:REGENBOGENRE@3 IC=0.0430 pos=LVCZ | UKWC beta I-VII-VI rings=AAAA stecker=AB FZ GX HT OP RY
  all-time  9/18 tmpl=collapse:stack:REGENBOGENRE@3 pos=LVCZ | UKWC beta I-VII-VI rings=AAAA stecker=AB FZ GX HT OP RY
Hybrid gen 8/12 pop=12 blockB_greeks=0
  gen-best  10/18 (56%) tmpl=collapse:stack:REGENBOGENRE@3 IC=0.0423 pos=LVCZ | UKWC beta I-VII-VI rings=AAAA stecker=AB FZ GX HT KL OP RY
  all-time  10/18 tmpl=collapse:stack:REGENBOGENRE@3 pos=LVCZ | UKWC beta I-VII-VI rings=AAAA stecker=AB FZ GX HT KL OP RY
Hybrid gen 9/12 pop=12 blockB_greeks=0
  gen-best  10/18 (56%) tmpl=collapse:stack:REGENBOGENRE@3 IC=0.0423 pos=LVCZ | UKWC beta I-VII-VI rings=AAAA stecker=AB FZ GX HT KL OP RY
  all-time  10/18 tmpl=collapse:stack:REGENBOGENRE@3 pos=LVCZ | UKWC beta I-VII-VI rings=AAAA stecker=AB FZ GX HT KL OP RY
Hybrid gen 10/12 pop=12 blockB_greeks=0
  gen-best  10/18 (56%) tmpl=collapse:stack:REGENBOGENRE@3 IC=0.0423 pos=LVCZ | UKWC beta I-VII-VI rings=AAAA stecker=AB FZ GX HT KL OP RY
  all-time  10/18 tmpl=collapse:stack:REGENBOGENRE@3 pos=LVCZ | UKWC beta I-VII-VI rings=AAAA stecker=AB FZ GX HT KL OP RY
Hybrid gen 11/12 pop=12 blockB_greeks=0
  gen-best  10/18 (56%) tmpl=collapse:stack:REGENBOGENRE@3 IC=0.0423 pos=LVCZ | UKWC beta I-VII-VI rings=AAAA stecker=AB FZ GX HT KL OP RY
  all-time  10/18 tmpl=collapse:stack:REGENBOGENRE@3 pos=LVCZ | UKWC beta I-VII-VI rings=AAAA stecker=AB FZ GX HT KL OP RY
Hybrid gen 12/12 pop=12 blockB_greeks=0
  gen-best  10/18 (56%) tmpl=collapse:stack:REGENBOGENRE@3 IC=0.0423 pos=LVCZ | UKWC beta I-VII-VI rings=AAAA stecker=AB FZ GX HT KL OP RY
  all-time  10/18 tmpl=collapse:stack:REGENBOGENRE@3 pos=LVCZ | UKWC beta I-VII-VI rings=AAAA stecker=AB FZ GX HT KL OP RY
ASIC datapath backend: Metal-cleartext-KPA (B=17576 cleartext lanes/Greek)
Stochastic templates: 1 (constrained 18…18)
Shell evolution: ON freeRings=false WO=126 ringSeeds=2 subspace=naval-two-notch-right
Block B Greeks (fixed): (none) — fitness higher=better (KPA letter-match)
Hybrid gen 1/12 pop=12 blockB_greeks=0
  gen-best  8/18 (44%) tmpl=collapse:stack:SOFORTSOFORT@0 IC=0.0442 pos=AGGM | UKWC beta VIII-VI-VII rings=AAAA stecker=JM
  all-time  8/18 tmpl=collapse:stack:SOFORTSOFORT@0 pos=AGGM | UKWC beta VIII-VI-VII rings=AAAA stecker=JM
Hybrid gen 2/12 pop=12 blockB_greeks=0
  gen-best  8/18 (44%) tmpl=collapse:stack:SOFORTSOFORT@0 IC=0.0442 pos=AGGM | UKWC beta VIII-VI-VII rings=AAAA stecker=JM
  all-time  8/18 tmpl=collapse:stack:SOFORTSOFORT@0 pos=AGGM | UKWC beta VIII-VI-VII rings=AAAA stecker=JM
Hybrid gen 3/12 pop=12 blockB_greeks=0
  gen-best  8/18 (44%) tmpl=collapse:stack:SOFORTSOFORT@0 IC=0.0442 pos=AGGM | UKWC beta VIII-VI-VII rings=AAAA stecker=JM
  all-time  8/18 tmpl=collapse:stack:SOFORTSOFORT@0 pos=AGGM | UKWC beta VIII-VI-VII rings=AAAA stecker=JM
Hybrid gen 4/12 pop=12 blockB_greeks=0
  gen-best  8/18 (44%) tmpl=collapse:stack:SOFORTSOFORT@0 IC=0.0442 pos=AGGM | UKWC beta VIII-VI-VII rings=AAAA stecker=JM
  all-time  8/18 tmpl=collapse:stack:SOFORTSOFORT@0 pos=AGGM | UKWC beta VIII-VI-VII rings=AAAA stecker=JM
Hybrid gen 5/12 pop=12 blockB_greeks=0
  gen-best  8/18 (44%) tmpl=collapse:stack:SOFORTSOFORT@0 IC=0.0442 pos=AGGM | UKWC beta VIII-VI-VII rings=AAAA stecker=JM
  all-time  8/18 tmpl=collapse:stack:SOFORTSOFORT@0 pos=AGGM | UKWC beta VIII-VI-VII rings=AAAA stecker=JM
Hybrid gen 6/12 pop=12 blockB_greeks=0
  gen-best  8/18 (44%) tmpl=collapse:stack:SOFORTSOFORT@0 IC=0.0442 pos=AGGM | UKWC beta VIII-VI-VII rings=AAAA stecker=JM
  all-time  8/18 tmpl=collapse:stack:SOFORTSOFORT@0 pos=AGGM | UKWC beta VIII-VI-VII rings=AAAA stecker=JM
Hybrid gen 7/12 pop=12 blockB_greeks=0
  gen-best  9/18 (50%) tmpl=collapse:stack:SOFORTSOFORT@0 IC=0.0430 pos=RMIA | UKWB gamma I-II-VI rings=AAAA stecker=AZ EQ FU
  all-time  9/18 tmpl=collapse:stack:SOFORTSOFORT@0 pos=RMIA | UKWB gamma I-II-VI rings=AAAA stecker=AZ EQ FU
Hybrid gen 8/12 pop=12 blockB_greeks=0
  gen-best  9/18 (50%) tmpl=collapse:stack:SOFORTSOFORT@0 IC=0.0430 pos=RMIA | UKWB gamma I-II-VI rings=AAAA stecker=AZ EQ FU
  all-time  9/18 tmpl=collapse:stack:SOFORTSOFORT@0 pos=RMIA | UKWB gamma I-II-VI rings=AAAA stecker=AZ EQ FU
Hybrid gen 9/12 pop=12 blockB_greeks=0
  gen-best  10/18 (56%) tmpl=collapse:stack:SOFORTSOFORT@0 IC=0.0368 pos=HFLJ | UKWB beta III-VI-VIII rings=AACU stecker=BS ER GK JW MY NZ
  all-time  10/18 tmpl=collapse:stack:SOFORTSOFORT@0 pos=HFLJ | UKWB beta III-VI-VIII rings=AACU stecker=BS ER GK JW MY NZ
Hybrid gen 10/12 pop=12 blockB_greeks=0
  gen-best  10/18 (56%) tmpl=collapse:stack:SOFORTSOFORT@0 IC=0.0368 pos=HFLJ | UKWB beta III-VI-VIII rings=AACU stecker=BS ER GK JW MY NZ
  all-time  10/18 tmpl=collapse:stack:SOFORTSOFORT@0 pos=HFLJ | UKWB beta III-VI-VIII rings=AACU stecker=BS ER GK JW MY NZ
Hybrid gen 11/12 pop=12 blockB_greeks=0
  gen-best  10/18 (56%) tmpl=collapse:stack:SOFORTSOFORT@0 IC=0.0368 pos=HFLJ | UKWB beta III-VI-VIII rings=AACU stecker=BS ER GK JW MY NZ
  all-time  10/18 tmpl=collapse:stack:SOFORTSOFORT@0 pos=HFLJ | UKWB beta III-VI-VIII rings=AACU stecker=BS ER GK JW MY NZ
Hybrid gen 12/12 pop=12 blockB_greeks=0
  gen-best  10/18 (56%) tmpl=collapse:stack:SOFORTSOFORT@0 IC=0.0368 pos=HFLJ | UKWB beta III-VI-VIII rings=AACU stecker=BS ER GK JW MY NZ
  all-time  10/18 tmpl=collapse:stack:SOFORTSOFORT@0 pos=HFLJ | UKWB beta III-VI-VIII rings=AACU stecker=BS ER GK JW MY NZ
ASIC datapath backend: Metal-cleartext-KPA (B=17576 cleartext lanes/Greek)
Stochastic templates: 1 (constrained 17…17)
Shell evolution: ON freeRings=false WO=126 ringSeeds=2 subspace=naval-two-notch-right
Block B Greeks (fixed): (none) — fitness higher=better (KPA letter-match)
Hybrid gen 1/12 pop=12 blockB_greeks=0
  gen-best  7/17 (41%) tmpl=collapse:ALLESTELLENMELDE@2 IC=0.0360 pos=LXKV | UKWB gamma I-II-VI rings=AAAA stecker=(none)
  all-time  7/17 tmpl=collapse:ALLESTELLENMELDE@2 pos=LXKV | UKWB gamma I-II-VI rings=AAAA stecker=(none)
Hybrid gen 2/12 pop=12 blockB_greeks=0
  gen-best  8/17 (47%) tmpl=collapse:ALLESTELLENMELDE@2 IC=0.0391 pos=SEJF | UKWC gamma IV-V-VIII rings=AACU stecker=AX BN DS HQ
  all-time  8/17 tmpl=collapse:ALLESTELLENMELDE@2 pos=SEJF | UKWC gamma IV-V-VIII rings=AACU stecker=AX BN DS HQ
Hybrid gen 3/12 pop=12 blockB_greeks=0
  gen-best  8/17 (47%) tmpl=collapse:ALLESTELLENMELDE@2 IC=0.0391 pos=SEJF | UKWC gamma IV-V-VIII rings=AACU stecker=AX BN DS HQ
  all-time  8/17 tmpl=collapse:ALLESTELLENMELDE@2 pos=SEJF | UKWC gamma IV-V-VIII rings=AACU stecker=AX BN DS HQ
Hybrid gen 4/12 pop=12 blockB_greeks=0
  gen-best  8/17 (47%) tmpl=collapse:ALLESTELLENMELDE@2 IC=0.0391 pos=SEJF | UKWC gamma IV-V-VIII rings=AACU stecker=AX BN DS HQ
  all-time  8/17 tmpl=collapse:ALLESTELLENMELDE@2 pos=SEJF | UKWC gamma IV-V-VIII rings=AACU stecker=AX BN DS HQ
Hybrid gen 5/12 pop=12 blockB_greeks=0
  gen-best  8/17 (47%) tmpl=collapse:ALLESTELLENMELDE@2 IC=0.0391 pos=SEJF | UKWC gamma IV-V-VIII rings=AACU stecker=AX BN DS HQ
  all-time  8/17 tmpl=collapse:ALLESTELLENMELDE@2 pos=SEJF | UKWC gamma IV-V-VIII rings=AACU stecker=AX BN DS HQ
Hybrid gen 6/12 pop=12 blockB_greeks=0
  gen-best  8/17 (47%) tmpl=collapse:ALLESTELLENMELDE@2 IC=0.0391 pos=SEJF | UKWC gamma IV-V-VIII rings=AACU stecker=AX BN DS HQ
  all-time  8/17 tmpl=collapse:ALLESTELLENMELDE@2 pos=SEJF | UKWC gamma IV-V-VIII rings=AACU stecker=AX BN DS HQ
Hybrid gen 7/12 pop=12 blockB_greeks=0
  gen-best  9/17 (53%) tmpl=collapse:ALLESTELLENMELDE@2 IC=0.0415 pos=KVYQ | UKWC gamma I-II-VI rings=AAAA stecker=CD
  all-time  9/17 tmpl=collapse:ALLESTELLENMELDE@2 pos=KVYQ | UKWC gamma I-II-VI rings=AAAA stecker=CD
Hybrid gen 8/12 pop=12 blockB_greeks=0
  gen-best  9/17 (53%) tmpl=collapse:ALLESTELLENMELDE@2 IC=0.0415 pos=KVYQ | UKWC gamma I-II-VI rings=AAAA stecker=CD
  all-time  9/17 tmpl=collapse:ALLESTELLENMELDE@2 pos=KVYQ | UKWC gamma I-II-VI rings=AAAA stecker=CD
Hybrid gen 9/12 pop=12 blockB_greeks=0
  gen-best  9/17 (53%) tmpl=collapse:ALLESTELLENMELDE@2 IC=0.0415 pos=KVYQ | UKWC gamma I-II-VI rings=AAAA stecker=CD
  all-time  9/17 tmpl=collapse:ALLESTELLENMELDE@2 pos=KVYQ | UKWC gamma I-II-VI rings=AAAA stecker=CD
Hybrid gen 10/12 pop=12 blockB_greeks=0
  gen-best  9/17 (53%) tmpl=collapse:ALLESTELLENMELDE@2 IC=0.0415 pos=KVYQ | UKWC gamma I-II-VI rings=AAAA stecker=CD
  all-time  9/17 tmpl=collapse:ALLESTELLENMELDE@2 pos=KVYQ | UKWC gamma I-II-VI rings=AAAA stecker=CD
Hybrid gen 11/12 pop=12 blockB_greeks=0
  gen-best  9/17 (53%) tmpl=collapse:ALLESTELLENMELDE@2 IC=0.0415 pos=KVYQ | UKWC gamma I-II-VI rings=AAAA stecker=CD
  all-time  9/17 tmpl=collapse:ALLESTELLENMELDE@2 pos=KVYQ | UKWC gamma I-II-VI rings=AAAA stecker=CD
Hybrid gen 12/12 pop=12 blockB_greeks=0
  gen-best  10/17 (59%) tmpl=collapse:ALLESTELLENMELDE@2 IC=0.0411 pos=SEJF | UKWC gamma IV-V-VIII rings=AACU stecker=AX BN DS HQ MT RW
  all-time  10/17 tmpl=collapse:ALLESTELLENMELDE@2 pos=SEJF | UKWC gamma IV-V-VIII rings=AACU stecker=AX BN DS HQ MT RW
ASIC datapath backend: Metal-cleartext-KPA (B=17576 cleartext lanes/Greek)
Stochastic templates: 1 (constrained 17…17)
Shell evolution: ON freeRings=false WO=126 ringSeeds=2 subspace=naval-two-notch-right
Block B Greeks (fixed): (none) — fitness higher=better (KPA letter-match)
Hybrid gen 1/12 pop=12 blockB_greeks=0
  gen-best  7/17 (41%) tmpl=collapse:ALLESTELLENMELDE@5 IC=0.0399 pos=XRCV | UKWB gamma I-II-VI rings=AAAA stecker=(none)
  all-time  7/17 tmpl=collapse:ALLESTELLENMELDE@5 pos=XRCV | UKWB gamma I-II-VI rings=AAAA stecker=(none)
Hybrid gen 2/12 pop=12 blockB_greeks=0
  gen-best  8/17 (47%) tmpl=collapse:ALLESTELLENMELDE@5 IC=0.0372 pos=DNHB | UKWC gamma III-V-VII rings=AACU stecker=AD MT NY
  all-time  8/17 tmpl=collapse:ALLESTELLENMELDE@5 pos=DNHB | UKWC gamma III-V-VII rings=AACU stecker=AD MT NY
Hybrid gen 3/12 pop=12 blockB_greeks=0
  gen-best  8/17 (47%) tmpl=collapse:ALLESTELLENMELDE@5 IC=0.0372 pos=DNHB | UKWC gamma III-V-VII rings=AACU stecker=AD MT NY
  all-time  8/17 tmpl=collapse:ALLESTELLENMELDE@5 pos=DNHB | UKWC gamma III-V-VII rings=AACU stecker=AD MT NY
Hybrid gen 4/12 pop=12 blockB_greeks=0
  gen-best  8/17 (47%) tmpl=collapse:ALLESTELLENMELDE@5 IC=0.0372 pos=DNHB | UKWC gamma III-V-VII rings=AACU stecker=AD MT NY
  all-time  8/17 tmpl=collapse:ALLESTELLENMELDE@5 pos=DNHB | UKWC gamma III-V-VII rings=AACU stecker=AD MT NY
Hybrid gen 5/12 pop=12 blockB_greeks=0
  gen-best  9/17 (53%) tmpl=collapse:ALLESTELLENMELDE@5 IC=0.0423 pos=TVIW | UKWB gamma III-IV-VII rings=AAAA stecker=AS DI
  all-time  9/17 tmpl=collapse:ALLESTELLENMELDE@5 pos=TVIW | UKWB gamma III-IV-VII rings=AAAA stecker=AS DI
Hybrid gen 6/12 pop=12 blockB_greeks=0
  gen-best  9/17 (53%) tmpl=collapse:ALLESTELLENMELDE@5 IC=0.0423 pos=TVIW | UKWB gamma III-IV-VII rings=AAAA stecker=AS DI
  all-time  9/17 tmpl=collapse:ALLESTELLENMELDE@5 pos=TVIW | UKWB gamma III-IV-VII rings=AAAA stecker=AS DI
Hybrid gen 7/12 pop=12 blockB_greeks=0
  gen-best  9/17 (53%) tmpl=collapse:ALLESTELLENMELDE@5 IC=0.0423 pos=TVIW | UKWB gamma III-IV-VII rings=AAAA stecker=AS DI
  all-time  9/17 tmpl=collapse:ALLESTELLENMELDE@5 pos=TVIW | UKWB gamma III-IV-VII rings=AAAA stecker=AS DI
Hybrid gen 8/12 pop=12 blockB_greeks=0
  gen-best  9/17 (53%) tmpl=collapse:ALLESTELLENMELDE@5 IC=0.0423 pos=TVIW | UKWB gamma III-IV-VII rings=AAAA stecker=AS DI
  all-time  9/17 tmpl=collapse:ALLESTELLENMELDE@5 pos=TVIW | UKWB gamma III-IV-VII rings=AAAA stecker=AS DI
Hybrid gen 9/12 pop=12 blockB_greeks=0
  gen-best  9/17 (53%) tmpl=collapse:ALLESTELLENMELDE@5 IC=0.0423 pos=TVIW | UKWB gamma III-IV-VII rings=AAAA stecker=AS DI
  all-time  9/17 tmpl=collapse:ALLESTELLENMELDE@5 pos=TVIW | UKWB gamma III-IV-VII rings=AAAA stecker=AS DI
Hybrid gen 10/12 pop=12 blockB_greeks=0
  gen-best  9/17 (53%) tmpl=collapse:ALLESTELLENMELDE@5 IC=0.0423 pos=TVIW | UKWB gamma III-IV-VII rings=AAAA stecker=AS DI
  all-time  9/17 tmpl=collapse:ALLESTELLENMELDE@5 pos=TVIW | UKWB gamma III-IV-VII rings=AAAA stecker=AS DI
Hybrid gen 11/12 pop=12 blockB_greeks=0
  gen-best  9/17 (53%) tmpl=collapse:ALLESTELLENMELDE@5 IC=0.0423 pos=TVIW | UKWB gamma III-IV-VII rings=AAAA stecker=AS DI
  all-time  9/17 tmpl=collapse:ALLESTELLENMELDE@5 pos=TVIW | UKWB gamma III-IV-VII rings=AAAA stecker=AS DI
Hybrid gen 12/12 pop=12 blockB_greeks=0
  gen-best  9/17 (53%) tmpl=collapse:ALLESTELLENMELDE@5 IC=0.0423 pos=TVIW | UKWB gamma III-IV-VII rings=AAAA stecker=AS DI
  all-time  9/17 tmpl=collapse:ALLESTELLENMELDE@5 pos=TVIW | UKWB gamma III-IV-VII rings=AAAA stecker=AS DI
ASIC datapath backend: Metal-cleartext-KPA (B=17576 cleartext lanes/Greek)
Stochastic templates: 1 (constrained 17…17)
Shell evolution: ON freeRings=false WO=126 ringSeeds=2 subspace=naval-two-notch-right
Block B Greeks (fixed): (none) — fitness higher=better (KPA letter-match)
Hybrid gen 1/12 pop=12 blockB_greeks=0
  gen-best  7/17 (41%) tmpl=collapse:NICHTKAPITULIERE@0 IC=0.0430 pos=LYZQ | UKWC gamma IV-I-VII rings=AAAA stecker=AW BJ CT FH IQ MR OX PU
  all-time  7/17 tmpl=collapse:NICHTKAPITULIERE@0 pos=LYZQ | UKWC gamma IV-I-VII rings=AAAA stecker=AW BJ CT FH IQ MR OX PU
Hybrid gen 2/12 pop=12 blockB_greeks=0
  gen-best  8/17 (47%) tmpl=collapse:NICHTKAPITULIERE@0 IC=0.0364 pos=ITNW | UKWC gamma IV-V-VII rings=AAAA stecker=DK GS LU NT VZ
  all-time  8/17 tmpl=collapse:NICHTKAPITULIERE@0 pos=ITNW | UKWC gamma IV-V-VII rings=AAAA stecker=DK GS LU NT VZ
Hybrid gen 3/12 pop=12 blockB_greeks=0
  gen-best  9/17 (53%) tmpl=collapse:NICHTKAPITULIERE@0 IC=0.0426 pos=ITNW | UKWC gamma IV-V-VII rings=AAAA stecker=DK GS HR LU NT VZ
  all-time  9/17 tmpl=collapse:NICHTKAPITULIERE@0 pos=ITNW | UKWC gamma IV-V-VII rings=AAAA stecker=DK GS HR LU NT VZ
Hybrid gen 4/12 pop=12 blockB_greeks=0
  gen-best  9/17 (53%) tmpl=collapse:NICHTKAPITULIERE@0 IC=0.0426 pos=ITNW | UKWC gamma IV-V-VII rings=AAAA stecker=DK GS HR LU NT VZ
  all-time  9/17 tmpl=collapse:NICHTKAPITULIERE@0 pos=ITNW | UKWC gamma IV-V-VII rings=AAAA stecker=DK GS HR LU NT VZ
Hybrid gen 5/12 pop=12 blockB_greeks=0
  gen-best  10/17 (59%) tmpl=collapse:NICHTKAPITULIERE@0 IC=0.0434 pos=ITNW | UKWC gamma IV-V-VII rings=AAAA stecker=DK GS HR LU NT PX VZ
  all-time  10/17 tmpl=collapse:NICHTKAPITULIERE@0 pos=ITNW | UKWC gamma IV-V-VII rings=AAAA stecker=DK GS HR LU NT PX VZ
Hybrid gen 6/12 pop=12 blockB_greeks=0
  gen-best  11/17 (65%) tmpl=collapse:NICHTKAPITULIERE@0 IC=0.0391 pos=ITNW | UKWC gamma IV-V-VII rings=AAAA stecker=CF DK GS HR LU NT PX
  all-time  11/17 tmpl=collapse:NICHTKAPITULIERE@0 pos=ITNW | UKWC gamma IV-V-VII rings=AAAA stecker=CF DK GS HR LU NT PX
Hybrid gen 7/12 pop=12 blockB_greeks=0
  gen-best  11/17 (65%) tmpl=collapse:NICHTKAPITULIERE@0 IC=0.0391 pos=ITNW | UKWC gamma IV-V-VII rings=AAAA stecker=CF DK GS HR LU NT PX
  all-time  11/17 tmpl=collapse:NICHTKAPITULIERE@0 pos=ITNW | UKWC gamma IV-V-VII rings=AAAA stecker=CF DK GS HR LU NT PX
Hybrid gen 8/12 pop=12 blockB_greeks=0
  gen-best  11/17 (65%) tmpl=collapse:NICHTKAPITULIERE@0 IC=0.0391 pos=ITNW | UKWC gamma IV-V-VII rings=AAAA stecker=CF DK GS HR LU NT PX
  all-time  11/17 tmpl=collapse:NICHTKAPITULIERE@0 pos=ITNW | UKWC gamma IV-V-VII rings=AAAA stecker=CF DK GS HR LU NT PX
Hybrid gen 9/12 pop=12 blockB_greeks=0
  gen-best  11/17 (65%) tmpl=collapse:NICHTKAPITULIERE@0 IC=0.0391 pos=ITNW | UKWC gamma IV-V-VII rings=AAAA stecker=CF DK GS HR LU NT PX
  all-time  11/17 tmpl=collapse:NICHTKAPITULIERE@0 pos=ITNW | UKWC gamma IV-V-VII rings=AAAA stecker=CF DK GS HR LU NT PX
Hybrid gen 10/12 pop=12 blockB_greeks=0
  gen-best  11/17 (65%) tmpl=collapse:NICHTKAPITULIERE@0 IC=0.0391 pos=ITNW | UKWC gamma IV-V-VII rings=AAAA stecker=CF DK GS HR LU NT PX
  all-time  11/17 tmpl=collapse:NICHTKAPITULIERE@0 pos=ITNW | UKWC gamma IV-V-VII rings=AAAA stecker=CF DK GS HR LU NT PX
Hybrid gen 11/12 pop=12 blockB_greeks=0
  gen-best  11/17 (65%) tmpl=collapse:NICHTKAPITULIERE@0 IC=0.0391 pos=ITNW | UKWC gamma IV-V-VII rings=AAAA stecker=CF DK GS HR LU NT PX
  all-time  11/17 tmpl=collapse:NICHTKAPITULIERE@0 pos=ITNW | UKWC gamma IV-V-VII rings=AAAA stecker=CF DK GS HR LU NT PX
Hybrid gen 12/12 pop=12 blockB_greeks=0
  gen-best  11/17 (65%) tmpl=collapse:NICHTKAPITULIERE@0 IC=0.0391 pos=ITNW | UKWC gamma IV-V-VII rings=AAAA stecker=CF DK GS HR LU NT PX
  all-time  11/17 tmpl=collapse:NICHTKAPITULIERE@0 pos=ITNW | UKWC gamma IV-V-VII rings=AAAA stecker=CF DK GS HR LU NT PX
ASIC datapath backend: Metal-cleartext-KPA (B=17576 cleartext lanes/Greek)
Stochastic templates: 1 (constrained 17…17)
Shell evolution: ON freeRings=false WO=126 ringSeeds=2 subspace=naval-two-notch-right
Block B Greeks (fixed): (none) — fitness higher=better (KPA letter-match)
Hybrid gen 1/12 pop=12 blockB_greeks=0
  gen-best  7/17 (41%) tmpl=collapse:NICHTKAPITULIERE@1 IC=0.0430 pos=ALIN | UKWB gamma I-II-VI rings=AAAA stecker=(none)
  all-time  7/17 tmpl=collapse:NICHTKAPITULIERE@1 pos=ALIN | UKWB gamma I-II-VI rings=AAAA stecker=(none)
Hybrid gen 2/12 pop=12 blockB_greeks=0
  gen-best  8/17 (47%) tmpl=collapse:NICHTKAPITULIERE@1 IC=0.0333 pos=MIDA | UKWC beta I-VI-VII rings=AAAA stecker=AE KP OT
  all-time  8/17 tmpl=collapse:NICHTKAPITULIERE@1 pos=MIDA | UKWC beta I-VI-VII rings=AAAA stecker=AE KP OT
Hybrid gen 3/12 pop=12 blockB_greeks=0
  gen-best  8/17 (47%) tmpl=collapse:NICHTKAPITULIERE@1 IC=0.0333 pos=MIDA | UKWC beta I-VI-VII rings=AAAA stecker=AE KP OT
  all-time  8/17 tmpl=collapse:NICHTKAPITULIERE@1 pos=MIDA | UKWC beta I-VI-VII rings=AAAA stecker=AE KP OT
Hybrid gen 4/12 pop=12 blockB_greeks=0
  gen-best  8/17 (47%) tmpl=collapse:NICHTKAPITULIERE@1 IC=0.0333 pos=MIDA | UKWC beta I-VI-VII rings=AAAA stecker=AE KP OT
  all-time  8/17 tmpl=collapse:NICHTKAPITULIERE@1 pos=MIDA | UKWC beta I-VI-VII rings=AAAA stecker=AE KP OT
Hybrid gen 5/12 pop=12 blockB_greeks=0
  gen-best  8/17 (47%) tmpl=collapse:NICHTKAPITULIERE@1 IC=0.0333 pos=MIDA | UKWC beta I-VI-VII rings=AAAA stecker=AE KP OT
  all-time  8/17 tmpl=collapse:NICHTKAPITULIERE@1 pos=MIDA | UKWC beta I-VI-VII rings=AAAA stecker=AE KP OT
Hybrid gen 6/12 pop=12 blockB_greeks=0
  gen-best  8/17 (47%) tmpl=collapse:NICHTKAPITULIERE@1 IC=0.0333 pos=MIDA | UKWC beta I-VI-VII rings=AAAA stecker=AE KP OT
  all-time  8/17 tmpl=collapse:NICHTKAPITULIERE@1 pos=MIDA | UKWC beta I-VI-VII rings=AAAA stecker=AE KP OT
Hybrid gen 7/12 pop=12 blockB_greeks=0
  gen-best  8/17 (47%) tmpl=collapse:NICHTKAPITULIERE@1 IC=0.0333 pos=MIDA | UKWC beta I-VI-VII rings=AAAA stecker=AE KP OT
  all-time  8/17 tmpl=collapse:NICHTKAPITULIERE@1 pos=MIDA | UKWC beta I-VI-VII rings=AAAA stecker=AE KP OT
Hybrid gen 8/12 pop=12 blockB_greeks=0
  gen-best  9/17 (53%) tmpl=collapse:NICHTKAPITULIERE@1 IC=0.0333 pos=MIDA | UKWC beta I-VI-VII rings=AAAA stecker=AE KP LM OT
  all-time  9/17 tmpl=collapse:NICHTKAPITULIERE@1 pos=MIDA | UKWC beta I-VI-VII rings=AAAA stecker=AE KP LM OT
Hybrid gen 9/12 pop=12 blockB_greeks=0
  gen-best  9/17 (53%) tmpl=collapse:NICHTKAPITULIERE@1 IC=0.0333 pos=MIDA | UKWC beta I-VI-VII rings=AAAA stecker=AE KP LM OT
  all-time  9/17 tmpl=collapse:NICHTKAPITULIERE@1 pos=MIDA | UKWC beta I-VI-VII rings=AAAA stecker=AE KP LM OT
Hybrid gen 10/12 pop=12 blockB_greeks=0
  gen-best  10/17 (59%) tmpl=collapse:NICHTKAPITULIERE@1 IC=0.0348 pos=MIDA | UKWC beta I-VI-VII rings=AAAA stecker=AE KU LM OT
  all-time  10/17 tmpl=collapse:NICHTKAPITULIERE@1 pos=MIDA | UKWC beta I-VI-VII rings=AAAA stecker=AE KU LM OT
Hybrid gen 11/12 pop=12 blockB_greeks=0
  gen-best  10/17 (59%) tmpl=collapse:NICHTKAPITULIERE@1 IC=0.0348 pos=MIDA | UKWC beta I-VI-VII rings=AAAA stecker=AE KU LM OT
  all-time  10/17 tmpl=collapse:NICHTKAPITULIERE@1 pos=MIDA | UKWC beta I-VI-VII rings=AAAA stecker=AE KU LM OT
Hybrid gen 12/12 pop=12 blockB_greeks=0
  gen-best  10/17 (59%) tmpl=collapse:NICHTKAPITULIERE@1 IC=0.0348 pos=MIDA | UKWC beta I-VI-VII rings=AAAA stecker=AE KU LM OT
  all-time  10/17 tmpl=collapse:NICHTKAPITULIERE@1 pos=MIDA | UKWC beta I-VI-VII rings=AAAA stecker=AE KU LM OT
ASIC datapath backend: Metal-cleartext-KPA (B=17576 cleartext lanes/Greek)
Stochastic templates: 1 (constrained 16…16)
Shell evolution: ON freeRings=false WO=126 ringSeeds=2 subspace=naval-two-notch-right
Block B Greeks (fixed): (none) — fitness higher=better (KPA letter-match)
Hybrid gen 1/12 pop=12 blockB_greeks=0
  gen-best  7/16 (44%) tmpl=collapse:DOENITZFLENSBURG@0 IC=0.0376 pos=LTJM | UKWC beta VII-VIII-VI rings=AACU stecker=AH CD FO IV JX KW MN PS RY
  all-time  7/16 tmpl=collapse:DOENITZFLENSBURG@0 pos=LTJM | UKWC beta VII-VIII-VI rings=AACU stecker=AH CD FO IV JX KW MN PS RY
Hybrid gen 2/12 pop=12 blockB_greeks=0
  gen-best  8/16 (50%) tmpl=collapse:DOENITZFLENSBURG@0 IC=0.0379 pos=PHFM | UKWC beta III-I-VI rings=AACU stecker=AH BZ DX FO GI KW LR MN PS QT
  all-time  8/16 tmpl=collapse:DOENITZFLENSBURG@0 pos=PHFM | UKWC beta III-I-VI rings=AACU stecker=AH BZ DX FO GI KW LR MN PS QT
Hybrid gen 3/12 pop=12 blockB_greeks=0
  gen-best  8/16 (50%) tmpl=collapse:DOENITZFLENSBURG@0 IC=0.0379 pos=PHFM | UKWC beta III-I-VI rings=AACU stecker=AH BZ DX FO GI KW LR MN PS QT
  all-time  8/16 tmpl=collapse:DOENITZFLENSBURG@0 pos=PHFM | UKWC beta III-I-VI rings=AACU stecker=AH BZ DX FO GI KW LR MN PS QT
Hybrid gen 4/12 pop=12 blockB_greeks=0
  gen-best  8/16 (50%) tmpl=collapse:DOENITZFLENSBURG@0 IC=0.0379 pos=PHFM | UKWC beta III-I-VI rings=AACU stecker=AH BZ DX FO GI KW LR MN PS QT
  all-time  8/16 tmpl=collapse:DOENITZFLENSBURG@0 pos=PHFM | UKWC beta III-I-VI rings=AACU stecker=AH BZ DX FO GI KW LR MN PS QT
Hybrid gen 5/12 pop=12 blockB_greeks=0
  gen-best  8/16 (50%) tmpl=collapse:DOENITZFLENSBURG@0 IC=0.0379 pos=PHFM | UKWC beta III-I-VI rings=AACU stecker=AH BZ DX FO GI KW LR MN PS QT
  all-time  8/16 tmpl=collapse:DOENITZFLENSBURG@0 pos=PHFM | UKWC beta III-I-VI rings=AACU stecker=AH BZ DX FO GI KW LR MN PS QT
Hybrid gen 6/12 pop=12 blockB_greeks=0
  gen-best  9/16 (56%) tmpl=collapse:DOENITZFLENSBURG@0 IC=0.0364 pos=WGTT | UKWC beta I-VI-VIII rings=AAAU stecker=AH DX EP FO GI KV LR MN QT
  all-time  9/16 tmpl=collapse:DOENITZFLENSBURG@0 pos=WGTT | UKWC beta I-VI-VIII rings=AAAU stecker=AH DX EP FO GI KV LR MN QT
Hybrid gen 7/12 pop=12 blockB_greeks=0
  gen-best  9/16 (56%) tmpl=collapse:DOENITZFLENSBURG@0 IC=0.0364 pos=WGTT | UKWC beta I-VI-VIII rings=AAAU stecker=AH DX EP FO GI KV LR MN QT
  all-time  9/16 tmpl=collapse:DOENITZFLENSBURG@0 pos=WGTT | UKWC beta I-VI-VIII rings=AAAU stecker=AH DX EP FO GI KV LR MN QT
Hybrid gen 8/12 pop=12 blockB_greeks=0
  gen-best  10/16 (62%) tmpl=collapse:DOENITZFLENSBURG@0 IC=0.0379 pos=WGTT | UKWC beta I-VI-VIII rings=AAAU stecker=AH DW EP FO GI KV LR MN QT
  all-time  10/16 tmpl=collapse:DOENITZFLENSBURG@0 pos=WGTT | UKWC beta I-VI-VIII rings=AAAU stecker=AH DW EP FO GI KV LR MN QT
Hybrid gen 9/12 pop=12 blockB_greeks=0
  gen-best  10/16 (62%) tmpl=collapse:DOENITZFLENSBURG@0 IC=0.0379 pos=WGTT | UKWC beta I-VI-VIII rings=AAAU stecker=AH DW EP FO GI KV LR MN QT
  all-time  10/16 tmpl=collapse:DOENITZFLENSBURG@0 pos=WGTT | UKWC beta I-VI-VIII rings=AAAU stecker=AH DW EP FO GI KV LR MN QT
Hybrid gen 10/12 pop=12 blockB_greeks=0
  gen-best  10/16 (62%) tmpl=collapse:DOENITZFLENSBURG@0 IC=0.0379 pos=WGTT | UKWC beta I-VI-VIII rings=AAAU stecker=AH DW EP FO GI KV LR MN QT
  all-time  10/16 tmpl=collapse:DOENITZFLENSBURG@0 pos=WGTT | UKWC beta I-VI-VIII rings=AAAU stecker=AH DW EP FO GI KV LR MN QT
Hybrid gen 11/12 pop=12 blockB_greeks=0
  gen-best  10/16 (62%) tmpl=collapse:DOENITZFLENSBURG@0 IC=0.0379 pos=WGTT | UKWC beta I-VI-VIII rings=AAAU stecker=AH DW EP FO GI KV LR MN QT
  all-time  10/16 tmpl=collapse:DOENITZFLENSBURG@0 pos=WGTT | UKWC beta I-VI-VIII rings=AAAU stecker=AH DW EP FO GI KV LR MN QT
Hybrid gen 12/12 pop=12 blockB_greeks=0
  gen-best  10/16 (62%) tmpl=collapse:DOENITZFLENSBURG@0 IC=0.0379 pos=WGTT | UKWC beta I-VI-VIII rings=AAAU stecker=AH DW EP FO GI KV LR MN QT
  all-time  10/16 tmpl=collapse:DOENITZFLENSBURG@0 pos=WGTT | UKWC beta I-VI-VIII rings=AAAU stecker=AH DW EP FO GI KV LR MN QT
ASIC datapath backend: Metal-cleartext-KPA (B=17576 cleartext lanes/Greek)
Stochastic templates: 1 (constrained 16…16)
Shell evolution: ON freeRings=false WO=126 ringSeeds=2 subspace=naval-two-notch-right
Block B Greeks (fixed): (none) — fitness higher=better (KPA letter-match)
Hybrid gen 1/12 pop=12 blockB_greeks=0
  gen-best  8/16 (50%) tmpl=collapse:DOENITZFLENSBURG@2 IC=0.0344 pos=PJUA | UKWB gamma VII-V-VIII rings=AACU stecker=AD EL FU GO IZ JM NP QS RW VX
  all-time  8/16 tmpl=collapse:DOENITZFLENSBURG@2 pos=PJUA | UKWB gamma VII-V-VIII rings=AACU stecker=AD EL FU GO IZ JM NP QS RW VX
Hybrid gen 2/12 pop=12 blockB_greeks=0
  gen-best  8/16 (50%) tmpl=collapse:DOENITZFLENSBURG@2 IC=0.0344 pos=PJUA | UKWB gamma VII-V-VIII rings=AACU stecker=AD EL FU GO IZ JM NP QS RW VX
  all-time  8/16 tmpl=collapse:DOENITZFLENSBURG@2 pos=PJUA | UKWB gamma VII-V-VIII rings=AACU stecker=AD EL FU GO IZ JM NP QS RW VX
Hybrid gen 3/12 pop=12 blockB_greeks=0
  gen-best  8/16 (50%) tmpl=collapse:DOENITZFLENSBURG@2 IC=0.0344 pos=PJUA | UKWB gamma VII-V-VIII rings=AACU stecker=AD EL FU GO IZ JM NP QS RW VX
  all-time  8/16 tmpl=collapse:DOENITZFLENSBURG@2 pos=PJUA | UKWB gamma VII-V-VIII rings=AACU stecker=AD EL FU GO IZ JM NP QS RW VX
Hybrid gen 4/12 pop=12 blockB_greeks=0
  gen-best  8/16 (50%) tmpl=collapse:DOENITZFLENSBURG@2 IC=0.0344 pos=PJUA | UKWB gamma VII-V-VIII rings=AACU stecker=AD EL FU GO IZ JM NP QS RW VX
  all-time  8/16 tmpl=collapse:DOENITZFLENSBURG@2 pos=PJUA | UKWB gamma VII-V-VIII rings=AACU stecker=AD EL FU GO IZ JM NP QS RW VX
Hybrid gen 5/12 pop=12 blockB_greeks=0
  gen-best  8/16 (50%) tmpl=collapse:DOENITZFLENSBURG@2 IC=0.0344 pos=PJUA | UKWB gamma VII-V-VIII rings=AACU stecker=AD EL FU GO IZ JM NP QS RW VX
  all-time  8/16 tmpl=collapse:DOENITZFLENSBURG@2 pos=PJUA | UKWB gamma VII-V-VIII rings=AACU stecker=AD EL FU GO IZ JM NP QS RW VX
Hybrid gen 6/12 pop=12 blockB_greeks=0
  gen-best  9/16 (56%) tmpl=collapse:DOENITZFLENSBURG@2 IC=0.0360 pos=HDFU | UKWB gamma VII-V-VIII rings=AACU stecker=AD EL FK GO IZ JM QS RW VX
  all-time  9/16 tmpl=collapse:DOENITZFLENSBURG@2 pos=HDFU | UKWB gamma VII-V-VIII rings=AACU stecker=AD EL FK GO IZ JM QS RW VX
Hybrid gen 7/12 pop=12 blockB_greeks=0
  gen-best  9/16 (56%) tmpl=collapse:DOENITZFLENSBURG@2 IC=0.0360 pos=HDFU | UKWB gamma VII-V-VIII rings=AACU stecker=AD EL FK GO IZ JM QS RW VX
  all-time  9/16 tmpl=collapse:DOENITZFLENSBURG@2 pos=HDFU | UKWB gamma VII-V-VIII rings=AACU stecker=AD EL FK GO IZ JM QS RW VX
Hybrid gen 8/12 pop=12 blockB_greeks=0
  gen-best  9/16 (56%) tmpl=collapse:DOENITZFLENSBURG@2 IC=0.0360 pos=HDFU | UKWB gamma VII-V-VIII rings=AACU stecker=AD EL FK GO IZ JM QS RW VX
  all-time  9/16 tmpl=collapse:DOENITZFLENSBURG@2 pos=HDFU | UKWB gamma VII-V-VIII rings=AACU stecker=AD EL FK GO IZ JM QS RW VX
Hybrid gen 9/12 pop=12 blockB_greeks=0
  gen-best  10/16 (62%) tmpl=collapse:DOENITZFLENSBURG@2 IC=0.0329 pos=HDFU | UKWB gamma VII-V-VIII rings=AACU stecker=AD CY EL FK GO IZ JM QS RW VX
  all-time  10/16 tmpl=collapse:DOENITZFLENSBURG@2 pos=HDFU | UKWB gamma VII-V-VIII rings=AACU stecker=AD CY EL FK GO IZ JM QS RW VX
Hybrid gen 10/12 pop=12 blockB_greeks=0
  gen-best  10/16 (62%) tmpl=collapse:DOENITZFLENSBURG@2 IC=0.0329 pos=HDFU | UKWB gamma VII-V-VIII rings=AACU stecker=AD CY EL FK GO IZ JM QS RW VX
  all-time  10/16 tmpl=collapse:DOENITZFLENSBURG@2 pos=HDFU | UKWB gamma VII-V-VIII rings=AACU stecker=AD CY EL FK GO IZ JM QS RW VX
Hybrid gen 11/12 pop=12 blockB_greeks=0
  gen-best  10/16 (62%) tmpl=collapse:DOENITZFLENSBURG@2 IC=0.0329 pos=HDFU | UKWB gamma VII-V-VIII rings=AACU stecker=AD CY EL FK GO IZ JM QS RW VX
  all-time  10/16 tmpl=collapse:DOENITZFLENSBURG@2 pos=HDFU | UKWB gamma VII-V-VIII rings=AACU stecker=AD CY EL FK GO IZ JM QS RW VX
Hybrid gen 12/12 pop=12 blockB_greeks=0
  gen-best  10/16 (62%) tmpl=collapse:DOENITZFLENSBURG@2 IC=0.0329 pos=HDFU | UKWB gamma VII-V-VIII rings=AACU stecker=AD CY EL FK GO IZ JM QS RW VX
  all-time  10/16 tmpl=collapse:DOENITZFLENSBURG@2 pos=HDFU | UKWB gamma VII-V-VIII rings=AACU stecker=AD CY EL FK GO IZ JM QS RW VX
ASIC datapath backend: Metal-cleartext-KPA (B=17576 cleartext lanes/Greek)
Stochastic templates: 1 (constrained 16…16)
Shell evolution: ON freeRings=false WO=126 ringSeeds=2 subspace=naval-two-notch-right
Block B Greeks (fixed): (none) — fitness higher=better (KPA letter-match)
Hybrid gen 1/12 pop=12 blockB_greeks=0
  gen-best  7/16 (44%) tmpl=collapse:FLENSBURGDOENITZ@0 IC=0.0430 pos=ONKE | UKWC beta V-II-VIII rings=AACU stecker=AR CU DP FI HL JO KS MY NX WZ
  all-time  7/16 tmpl=collapse:FLENSBURGDOENITZ@0 pos=ONKE | UKWC beta V-II-VIII rings=AACU stecker=AR CU DP FI HL JO KS MY NX WZ
Hybrid gen 2/12 pop=12 blockB_greeks=0
  gen-best  7/16 (44%) tmpl=collapse:FLENSBURGDOENITZ@0 IC=0.0430 pos=ONKE | UKWC beta V-II-VIII rings=AACU stecker=AR CU DP FI HL JO KS MY NX WZ
  all-time  7/16 tmpl=collapse:FLENSBURGDOENITZ@0 pos=ONKE | UKWC beta V-II-VIII rings=AACU stecker=AR CU DP FI HL JO KS MY NX WZ
Hybrid gen 3/12 pop=12 blockB_greeks=0
  gen-best  8/16 (50%) tmpl=collapse:FLENSBURGDOENITZ@0 IC=0.0454 pos=KGQU | UKWC beta V-II-VIII rings=AACU stecker=AR BE CU DP FI JO KS MY NX WZ
  all-time  8/16 tmpl=collapse:FLENSBURGDOENITZ@0 pos=KGQU | UKWC beta V-II-VIII rings=AACU stecker=AR BE CU DP FI JO KS MY NX WZ
Hybrid gen 4/12 pop=12 blockB_greeks=0
  gen-best  8/16 (50%) tmpl=collapse:FLENSBURGDOENITZ@0 IC=0.0454 pos=KGQU | UKWC beta V-II-VIII rings=AACU stecker=AR BE CU DP FI JO KS MY NX WZ
  all-time  8/16 tmpl=collapse:FLENSBURGDOENITZ@0 pos=KGQU | UKWC beta V-II-VIII rings=AACU stecker=AR BE CU DP FI JO KS MY NX WZ
Hybrid gen 5/12 pop=12 blockB_greeks=0
  gen-best  8/16 (50%) tmpl=collapse:FLENSBURGDOENITZ@0 IC=0.0454 pos=KGQU | UKWC beta V-II-VIII rings=AACU stecker=AR BE CU DP FI JO KS MY NX WZ
  all-time  8/16 tmpl=collapse:FLENSBURGDOENITZ@0 pos=KGQU | UKWC beta V-II-VIII rings=AACU stecker=AR BE CU DP FI JO KS MY NX WZ
Hybrid gen 6/12 pop=12 blockB_greeks=0
  gen-best  8/16 (50%) tmpl=collapse:FLENSBURGDOENITZ@0 IC=0.0454 pos=KGQU | UKWC beta V-II-VIII rings=AACU stecker=AR BE CU DP FI JO KS MY NX WZ
  all-time  8/16 tmpl=collapse:FLENSBURGDOENITZ@0 pos=KGQU | UKWC beta V-II-VIII rings=AACU stecker=AR BE CU DP FI JO KS MY NX WZ
Hybrid gen 7/12 pop=12 blockB_greeks=0
  gen-best  8/16 (50%) tmpl=collapse:FLENSBURGDOENITZ@0 IC=0.0454 pos=KGQU | UKWC beta V-II-VIII rings=AACU stecker=AR BE CU DP FI JO KS MY NX WZ
  all-time  8/16 tmpl=collapse:FLENSBURGDOENITZ@0 pos=KGQU | UKWC beta V-II-VIII rings=AACU stecker=AR BE CU DP FI JO KS MY NX WZ
Hybrid gen 8/12 pop=12 blockB_greeks=0
  gen-best  9/16 (56%) tmpl=collapse:FLENSBURGDOENITZ@0 IC=0.0419 pos=UFOV | UKWC beta VIII-III-VII rings=AACU stecker=BM CP EF GX TW
  all-time  9/16 tmpl=collapse:FLENSBURGDOENITZ@0 pos=UFOV | UKWC beta VIII-III-VII rings=AACU stecker=BM CP EF GX TW
Hybrid gen 9/12 pop=12 blockB_greeks=0
  gen-best  9/16 (56%) tmpl=collapse:FLENSBURGDOENITZ@0 IC=0.0419 pos=UFOV | UKWC beta VIII-III-VII rings=AACU stecker=BM CP EF GX TW
  all-time  9/16 tmpl=collapse:FLENSBURGDOENITZ@0 pos=UFOV | UKWC beta VIII-III-VII rings=AACU stecker=BM CP EF GX TW
Hybrid gen 10/12 pop=12 blockB_greeks=0
  gen-best  9/16 (56%) tmpl=collapse:FLENSBURGDOENITZ@0 IC=0.0419 pos=UFOV | UKWC beta VIII-III-VII rings=AACU stecker=BM CP EF GX TW
  all-time  9/16 tmpl=collapse:FLENSBURGDOENITZ@0 pos=UFOV | UKWC beta VIII-III-VII rings=AACU stecker=BM CP EF GX TW
Hybrid gen 11/12 pop=12 blockB_greeks=0
  gen-best  9/16 (56%) tmpl=collapse:FLENSBURGDOENITZ@0 IC=0.0419 pos=UFOV | UKWC beta VIII-III-VII rings=AACU stecker=BM CP EF GX TW
  all-time  9/16 tmpl=collapse:FLENSBURGDOENITZ@0 pos=UFOV | UKWC beta VIII-III-VII rings=AACU stecker=BM CP EF GX TW
Hybrid gen 12/12 pop=12 blockB_greeks=0
  gen-best  9/16 (56%) tmpl=collapse:FLENSBURGDOENITZ@0 IC=0.0419 pos=UFOV | UKWC beta VIII-III-VII rings=AACU stecker=BM CP EF GX TW
  all-time  9/16 tmpl=collapse:FLENSBURGDOENITZ@0 pos=UFOV | UKWC beta VIII-III-VII rings=AACU stecker=BM CP EF GX TW
ASIC datapath backend: Metal-cleartext-KPA (B=17576 cleartext lanes/Greek)
Stochastic templates: 1 (constrained 16…16)
Shell evolution: ON freeRings=false WO=126 ringSeeds=2 subspace=naval-two-notch-right
Block B Greeks (fixed): (none) — fitness higher=better (KPA letter-match)
Hybrid gen 1/12 pop=12 blockB_greeks=0
  gen-best  7/16 (44%) tmpl=collapse:FLENSBURGDOENITZ@5 IC=0.0364 pos=JBOC | UKWB gamma I-II-VI rings=AAAA stecker=(none)
  all-time  7/16 tmpl=collapse:FLENSBURGDOENITZ@5 pos=JBOC | UKWB gamma I-II-VI rings=AAAA stecker=(none)
Hybrid gen 2/12 pop=12 blockB_greeks=0
  gen-best  8/16 (50%) tmpl=collapse:FLENSBURGDOENITZ@5 IC=0.0379 pos=HNTD | UKWB beta IV-III-VI rings=AAAA stecker=MR ST UW
  all-time  8/16 tmpl=collapse:FLENSBURGDOENITZ@5 pos=HNTD | UKWB beta IV-III-VI rings=AAAA stecker=MR ST UW
Hybrid gen 3/12 pop=12 blockB_greeks=0
  gen-best  8/16 (50%) tmpl=collapse:FLENSBURGDOENITZ@5 IC=0.0379 pos=HNTD | UKWB beta IV-III-VI rings=AAAA stecker=MR ST UW
  all-time  8/16 tmpl=collapse:FLENSBURGDOENITZ@5 pos=HNTD | UKWB beta IV-III-VI rings=AAAA stecker=MR ST UW
Hybrid gen 4/12 pop=12 blockB_greeks=0
  gen-best  8/16 (50%) tmpl=collapse:FLENSBURGDOENITZ@5 IC=0.0379 pos=HNTD | UKWB beta IV-III-VI rings=AAAA stecker=MR ST UW
  all-time  8/16 tmpl=collapse:FLENSBURGDOENITZ@5 pos=HNTD | UKWB beta IV-III-VI rings=AAAA stecker=MR ST UW
Hybrid gen 5/12 pop=12 blockB_greeks=0
  gen-best  8/16 (50%) tmpl=collapse:FLENSBURGDOENITZ@5 IC=0.0379 pos=HNTD | UKWB beta IV-III-VI rings=AAAA stecker=MR ST UW
  all-time  8/16 tmpl=collapse:FLENSBURGDOENITZ@5 pos=HNTD | UKWB beta IV-III-VI rings=AAAA stecker=MR ST UW
Hybrid gen 6/12 pop=12 blockB_greeks=0
  gen-best  8/16 (50%) tmpl=collapse:FLENSBURGDOENITZ@5 IC=0.0379 pos=HNTD | UKWB beta IV-III-VI rings=AAAA stecker=MR ST UW
  all-time  8/16 tmpl=collapse:FLENSBURGDOENITZ@5 pos=HNTD | UKWB beta IV-III-VI rings=AAAA stecker=MR ST UW
Hybrid gen 7/12 pop=12 blockB_greeks=0
  gen-best  8/16 (50%) tmpl=collapse:FLENSBURGDOENITZ@5 IC=0.0379 pos=HNTD | UKWB beta IV-III-VI rings=AAAA stecker=MR ST UW
  all-time  8/16 tmpl=collapse:FLENSBURGDOENITZ@5 pos=HNTD | UKWB beta IV-III-VI rings=AAAA stecker=MR ST UW
Hybrid gen 8/12 pop=12 blockB_greeks=0
  gen-best  9/16 (56%) tmpl=collapse:FLENSBURGDOENITZ@5 IC=0.0376 pos=HNTD | UKWB beta IV-III-VI rings=AAAA stecker=AD MR ST UW
  all-time  9/16 tmpl=collapse:FLENSBURGDOENITZ@5 pos=HNTD | UKWB beta IV-III-VI rings=AAAA stecker=AD MR ST UW
Hybrid gen 9/12 pop=12 blockB_greeks=0
  gen-best  9/16 (56%) tmpl=collapse:FLENSBURGDOENITZ@5 IC=0.0376 pos=HNTD | UKWB beta IV-III-VI rings=AAAA stecker=AD MR ST UW
  all-time  9/16 tmpl=collapse:FLENSBURGDOENITZ@5 pos=HNTD | UKWB beta IV-III-VI rings=AAAA stecker=AD MR ST UW
Hybrid gen 10/12 pop=12 blockB_greeks=0
  gen-best  9/16 (56%) tmpl=collapse:FLENSBURGDOENITZ@5 IC=0.0376 pos=HNTD | UKWB beta IV-III-VI rings=AAAA stecker=AD MR ST UW
  all-time  9/16 tmpl=collapse:FLENSBURGDOENITZ@5 pos=HNTD | UKWB beta IV-III-VI rings=AAAA stecker=AD MR ST UW
Hybrid gen 11/12 pop=12 blockB_greeks=0
  gen-best  9/16 (56%) tmpl=collapse:FLENSBURGDOENITZ@5 IC=0.0376 pos=HNTD | UKWB beta IV-III-VI rings=AAAA stecker=AD MR ST UW
  all-time  9/16 tmpl=collapse:FLENSBURGDOENITZ@5 pos=HNTD | UKWB beta IV-III-VI rings=AAAA stecker=AD MR ST UW
Hybrid gen 12/12 pop=12 blockB_greeks=0
  gen-best  9/16 (56%) tmpl=collapse:FLENSBURGDOENITZ@5 IC=0.0376 pos=HNTD | UKWB beta IV-III-VI rings=AAAA stecker=AD MR ST UW
  all-time  9/16 tmpl=collapse:FLENSBURGDOENITZ@5 pos=HNTD | UKWB beta IV-III-VI rings=AAAA stecker=AD MR ST UW
ASIC datapath backend: Metal-cleartext-KPA (B=17576 cleartext lanes/Greek)
Stochastic templates: 1 (constrained 16…16)
Shell evolution: ON freeRings=false WO=126 ringSeeds=2 subspace=naval-two-notch-right
Block B Greeks (fixed): (none) — fitness higher=better (KPA letter-match)
Hybrid gen 1/12 pop=12 blockB_greeks=0
  gen-best  7/16 (44%) tmpl=collapse:FUNKSTELLEMELDEN@0 IC=0.0344 pos=BXIX | UKWC beta I-V-VIII rings=AACU stecker=AQ BJ DP EI FH GL KT NV SX UZ
  all-time  7/16 tmpl=collapse:FUNKSTELLEMELDEN@0 pos=BXIX | UKWC beta I-V-VIII rings=AACU stecker=AQ BJ DP EI FH GL KT NV SX UZ
Hybrid gen 2/12 pop=12 blockB_greeks=0
  gen-best  9/16 (56%) tmpl=collapse:FUNKSTELLEMELDEN@0 IC=0.0364 pos=QUTP | UKWC gamma VIII-VI-VII rings=AAAA stecker=AV IL MT
  all-time  9/16 tmpl=collapse:FUNKSTELLEMELDEN@0 pos=QUTP | UKWC gamma VIII-VI-VII rings=AAAA stecker=AV IL MT
Hybrid gen 3/12 pop=12 blockB_greeks=0
  gen-best  9/16 (56%) tmpl=collapse:FUNKSTELLEMELDEN@0 IC=0.0364 pos=QUTP | UKWC gamma VIII-VI-VII rings=AAAA stecker=AV IL MT
  all-time  9/16 tmpl=collapse:FUNKSTELLEMELDEN@0 pos=QUTP | UKWC gamma VIII-VI-VII rings=AAAA stecker=AV IL MT
Hybrid gen 4/12 pop=12 blockB_greeks=0
  gen-best  9/16 (56%) tmpl=collapse:FUNKSTELLEMELDEN@0 IC=0.0364 pos=QUTP | UKWC gamma VIII-VI-VII rings=AAAA stecker=AV IL MT
  all-time  9/16 tmpl=collapse:FUNKSTELLEMELDEN@0 pos=QUTP | UKWC gamma VIII-VI-VII rings=AAAA stecker=AV IL MT
Hybrid gen 5/12 pop=12 blockB_greeks=0
  gen-best  10/16 (62%) tmpl=collapse:FUNKSTELLEMELDEN@0 IC=0.0407 pos=QUTP | UKWC gamma VIII-VI-VII rings=AAAA stecker=AV CO IL MT PW
  all-time  10/16 tmpl=collapse:FUNKSTELLEMELDEN@0 pos=QUTP | UKWC gamma VIII-VI-VII rings=AAAA stecker=AV CO IL MT PW
Hybrid gen 6/12 pop=12 blockB_greeks=0
  gen-best  10/16 (62%) tmpl=collapse:FUNKSTELLEMELDEN@0 IC=0.0407 pos=QUTP | UKWC gamma VIII-VI-VII rings=AAAA stecker=AV CO IL MT PW
  all-time  10/16 tmpl=collapse:FUNKSTELLEMELDEN@0 pos=QUTP | UKWC gamma VIII-VI-VII rings=AAAA stecker=AV CO IL MT PW
Hybrid gen 7/12 pop=12 blockB_greeks=0
  gen-best  10/16 (62%) tmpl=collapse:FUNKSTELLEMELDEN@0 IC=0.0407 pos=QUTP | UKWC gamma VIII-VI-VII rings=AAAA stecker=AV CO IL MT PW
  all-time  10/16 tmpl=collapse:FUNKSTELLEMELDEN@0 pos=QUTP | UKWC gamma VIII-VI-VII rings=AAAA stecker=AV CO IL MT PW
Hybrid gen 8/12 pop=12 blockB_greeks=0
  gen-best  10/16 (62%) tmpl=collapse:FUNKSTELLEMELDEN@0 IC=0.0407 pos=QUTP | UKWC gamma VIII-VI-VII rings=AAAA stecker=AV CO IL MT PW
  all-time  10/16 tmpl=collapse:FUNKSTELLEMELDEN@0 pos=QUTP | UKWC gamma VIII-VI-VII rings=AAAA stecker=AV CO IL MT PW
Hybrid gen 9/12 pop=12 blockB_greeks=0
  gen-best  10/16 (62%) tmpl=collapse:FUNKSTELLEMELDEN@0 IC=0.0407 pos=QUTP | UKWC gamma VIII-VI-VII rings=AAAA stecker=AV CO IL MT PW
  all-time  10/16 tmpl=collapse:FUNKSTELLEMELDEN@0 pos=QUTP | UKWC gamma VIII-VI-VII rings=AAAA stecker=AV CO IL MT PW
Hybrid gen 10/12 pop=12 blockB_greeks=0
  gen-best  10/16 (62%) tmpl=collapse:FUNKSTELLEMELDEN@0 IC=0.0407 pos=QUTP | UKWC gamma VIII-VI-VII rings=AAAA stecker=AV CO IL MT PW
  all-time  10/16 tmpl=collapse:FUNKSTELLEMELDEN@0 pos=QUTP | UKWC gamma VIII-VI-VII rings=AAAA stecker=AV CO IL MT PW
Hybrid gen 11/12 pop=12 blockB_greeks=0
  gen-best  10/16 (62%) tmpl=collapse:FUNKSTELLEMELDEN@0 IC=0.0407 pos=QUTP | UKWC gamma VIII-VI-VII rings=AAAA stecker=AV CO IL MT PW
  all-time  10/16 tmpl=collapse:FUNKSTELLEMELDEN@0 pos=QUTP | UKWC gamma VIII-VI-VII rings=AAAA stecker=AV CO IL MT PW
Hybrid gen 12/12 pop=12 blockB_greeks=0
  gen-best  10/16 (62%) tmpl=collapse:FUNKSTELLEMELDEN@0 IC=0.0407 pos=QUTP | UKWC gamma VIII-VI-VII rings=AAAA stecker=AV CO IL MT PW
  all-time  10/16 tmpl=collapse:FUNKSTELLEMELDEN@0 pos=QUTP | UKWC gamma VIII-VI-VII rings=AAAA stecker=AV CO IL MT PW
ASIC datapath backend: Metal-cleartext-KPA (B=17576 cleartext lanes/Greek)
Stochastic templates: 1 (constrained 16…16)
Shell evolution: ON freeRings=false WO=126 ringSeeds=2 subspace=naval-two-notch-right
Block B Greeks (fixed): (none) — fitness higher=better (KPA letter-match)
Hybrid gen 1/12 pop=12 blockB_greeks=0
  gen-best  7/16 (44%) tmpl=collapse:FUNKSTELLEMELDEN@2 IC=0.0329 pos=VEYP | UKWC beta V-II-VI rings=AAAA stecker=AD BR CP EY GO IM JZ LT NV WX
  all-time  7/16 tmpl=collapse:FUNKSTELLEMELDEN@2 pos=VEYP | UKWC beta V-II-VI rings=AAAA stecker=AD BR CP EY GO IM JZ LT NV WX
Hybrid gen 2/12 pop=12 blockB_greeks=0
  gen-best  7/16 (44%) tmpl=collapse:FUNKSTELLEMELDEN@2 IC=0.0329 pos=VEYP | UKWC beta V-II-VI rings=AAAA stecker=AD BR CP EY GO IM JZ LT NV WX
  all-time  7/16 tmpl=collapse:FUNKSTELLEMELDEN@2 pos=VEYP | UKWC beta V-II-VI rings=AAAA stecker=AD BR CP EY GO IM JZ LT NV WX
Hybrid gen 3/12 pop=12 blockB_greeks=0
  gen-best  8/16 (50%) tmpl=collapse:FUNKSTELLEMELDEN@2 IC=0.0399 pos=LPFG | UKWC gamma I-V-VIII rings=AAAA stecker=BW CR FG HX IL OT PS
  all-time  8/16 tmpl=collapse:FUNKSTELLEMELDEN@2 pos=LPFG | UKWC gamma I-V-VIII rings=AAAA stecker=BW CR FG HX IL OT PS
Hybrid gen 4/12 pop=12 blockB_greeks=0
  gen-best  9/16 (56%) tmpl=collapse:FUNKSTELLEMELDEN@2 IC=0.0399 pos=LPFG | UKWC gamma I-V-VIII rings=AAAA stecker=BW FG HX IL OT PS
  all-time  9/16 tmpl=collapse:FUNKSTELLEMELDEN@2 pos=LPFG | UKWC gamma I-V-VIII rings=AAAA stecker=BW FG HX IL OT PS
Hybrid gen 5/12 pop=12 blockB_greeks=0
  gen-best  9/16 (56%) tmpl=collapse:FUNKSTELLEMELDEN@2 IC=0.0399 pos=LPFG | UKWC gamma I-V-VIII rings=AAAA stecker=BW FG HX IL OT PS
  all-time  9/16 tmpl=collapse:FUNKSTELLEMELDEN@2 pos=LPFG | UKWC gamma I-V-VIII rings=AAAA stecker=BW FG HX IL OT PS
Hybrid gen 6/12 pop=12 blockB_greeks=0
  gen-best  9/16 (56%) tmpl=collapse:FUNKSTELLEMELDEN@2 IC=0.0399 pos=LPFG | UKWC gamma I-V-VIII rings=AAAA stecker=BW FG HX IL OT PS
  all-time  9/16 tmpl=collapse:FUNKSTELLEMELDEN@2 pos=LPFG | UKWC gamma I-V-VIII rings=AAAA stecker=BW FG HX IL OT PS
Hybrid gen 7/12 pop=12 blockB_greeks=0
  gen-best  9/16 (56%) tmpl=collapse:FUNKSTELLEMELDEN@2 IC=0.0399 pos=LPFG | UKWC gamma I-V-VIII rings=AAAA stecker=BW FG HX IL OT PS
  all-time  9/16 tmpl=collapse:FUNKSTELLEMELDEN@2 pos=LPFG | UKWC gamma I-V-VIII rings=AAAA stecker=BW FG HX IL OT PS
Hybrid gen 8/12 pop=12 blockB_greeks=0
  gen-best  9/16 (56%) tmpl=collapse:FUNKSTELLEMELDEN@2 IC=0.0399 pos=LPFG | UKWC gamma I-V-VIII rings=AAAA stecker=BW FG HX IL OT PS
  all-time  9/16 tmpl=collapse:FUNKSTELLEMELDEN@2 pos=LPFG | UKWC gamma I-V-VIII rings=AAAA stecker=BW FG HX IL OT PS
Hybrid gen 9/12 pop=12 blockB_greeks=0
  gen-best  9/16 (56%) tmpl=collapse:FUNKSTELLEMELDEN@2 IC=0.0399 pos=LPFG | UKWC gamma I-V-VIII rings=AAAA stecker=BW FG HX IL OT PS
  all-time  9/16 tmpl=collapse:FUNKSTELLEMELDEN@2 pos=LPFG | UKWC gamma I-V-VIII rings=AAAA stecker=BW FG HX IL OT PS
Hybrid gen 10/12 pop=12 blockB_greeks=0
  gen-best  9/16 (56%) tmpl=collapse:FUNKSTELLEMELDEN@2 IC=0.0399 pos=LPFG | UKWC gamma I-V-VIII rings=AAAA stecker=BW FG HX IL OT PS
  all-time  9/16 tmpl=collapse:FUNKSTELLEMELDEN@2 pos=LPFG | UKWC gamma I-V-VIII rings=AAAA stecker=BW FG HX IL OT PS
Hybrid gen 11/12 pop=12 blockB_greeks=0
  gen-best  9/16 (56%) tmpl=collapse:FUNKSTELLEMELDEN@2 IC=0.0399 pos=LPFG | UKWC gamma I-V-VIII rings=AAAA stecker=BW FG HX IL OT PS
  all-time  9/16 tmpl=collapse:FUNKSTELLEMELDEN@2 pos=LPFG | UKWC gamma I-V-VIII rings=AAAA stecker=BW FG HX IL OT PS
Hybrid gen 12/12 pop=12 blockB_greeks=0
  gen-best  9/16 (56%) tmpl=collapse:FUNKSTELLEMELDEN@2 IC=0.0399 pos=LPFG | UKWC gamma I-V-VIII rings=AAAA stecker=BW FG HX IL OT PS
  all-time  9/16 tmpl=collapse:FUNKSTELLEMELDEN@2 pos=LPFG | UKWC gamma I-V-VIII rings=AAAA stecker=BW FG HX IL OT PS
ASIC datapath backend: Metal-cleartext-KPA (B=17576 cleartext lanes/Greek)
Stochastic templates: 1 (constrained 16…16)
Shell evolution: ON freeRings=false WO=126 ringSeeds=2 subspace=naval-two-notch-right
Block B Greeks (fixed): (none) — fitness higher=better (KPA letter-match)
Hybrid gen 1/12 pop=12 blockB_greeks=0
  gen-best  7/16 (44%) tmpl=collapse:REGENBOGENSOFORT@1 IC=0.0348 pos=SVPR | UKWC gamma VII-IV-VI rings=AAAA stecker=BM EF QY RS UW VZ
  all-time  7/16 tmpl=collapse:REGENBOGENSOFORT@1 pos=SVPR | UKWC gamma VII-IV-VI rings=AAAA stecker=BM EF QY RS UW VZ
Hybrid gen 2/12 pop=12 blockB_greeks=0
  gen-best  7/16 (44%) tmpl=collapse:REGENBOGENSOFORT@1 IC=0.0348 pos=SVPR | UKWC gamma VII-IV-VI rings=AAAA stecker=BM EF QY RS UW VZ
  all-time  7/16 tmpl=collapse:REGENBOGENSOFORT@1 pos=SVPR | UKWC gamma VII-IV-VI rings=AAAA stecker=BM EF QY RS UW VZ
Hybrid gen 3/12 pop=12 blockB_greeks=0
  gen-best  8/16 (50%) tmpl=collapse:REGENBOGENSOFORT@1 IC=0.0336 pos=TXVX | UKWC gamma II-IV-VI rings=AACU stecker=AK CW DM EL FJ IS NO TV
  all-time  8/16 tmpl=collapse:REGENBOGENSOFORT@1 pos=TXVX | UKWC gamma II-IV-VI rings=AACU stecker=AK CW DM EL FJ IS NO TV
Hybrid gen 4/12 pop=12 blockB_greeks=0
  gen-best  8/16 (50%) tmpl=collapse:REGENBOGENSOFORT@1 IC=0.0336 pos=TXVX | UKWC gamma II-IV-VI rings=AACU stecker=AK CW DM EL FJ IS NO TV
  all-time  8/16 tmpl=collapse:REGENBOGENSOFORT@1 pos=TXVX | UKWC gamma II-IV-VI rings=AACU stecker=AK CW DM EL FJ IS NO TV
Hybrid gen 5/12 pop=12 blockB_greeks=0
  gen-best  8/16 (50%) tmpl=collapse:REGENBOGENSOFORT@1 IC=0.0336 pos=TXVX | UKWC gamma II-IV-VI rings=AACU stecker=AK CW DM EL FJ IS NO TV
  all-time  8/16 tmpl=collapse:REGENBOGENSOFORT@1 pos=TXVX | UKWC gamma II-IV-VI rings=AACU stecker=AK CW DM EL FJ IS NO TV
Hybrid gen 6/12 pop=12 blockB_greeks=0
  gen-best  8/16 (50%) tmpl=collapse:REGENBOGENSOFORT@1 IC=0.0336 pos=TXVX | UKWC gamma II-IV-VI rings=AACU stecker=AK CW DM EL FJ IS NO TV
  all-time  8/16 tmpl=collapse:REGENBOGENSOFORT@1 pos=TXVX | UKWC gamma II-IV-VI rings=AACU stecker=AK CW DM EL FJ IS NO TV
Hybrid gen 7/12 pop=12 blockB_greeks=0
  gen-best  9/16 (56%) tmpl=collapse:REGENBOGENSOFORT@1 IC=0.0356 pos=TXVX | UKWC gamma II-IV-VI rings=AACU stecker=AK BC DM EL FJ IS NO TV
  all-time  9/16 tmpl=collapse:REGENBOGENSOFORT@1 pos=TXVX | UKWC gamma II-IV-VI rings=AACU stecker=AK BC DM EL FJ IS NO TV
Hybrid gen 8/12 pop=12 blockB_greeks=0
  gen-best  9/16 (56%) tmpl=collapse:REGENBOGENSOFORT@1 IC=0.0356 pos=TXVX | UKWC gamma II-IV-VI rings=AACU stecker=AK BC DM EL FJ IS NO TV
  all-time  9/16 tmpl=collapse:REGENBOGENSOFORT@1 pos=TXVX | UKWC gamma II-IV-VI rings=AACU stecker=AK BC DM EL FJ IS NO TV
Hybrid gen 9/12 pop=12 blockB_greeks=0
  gen-best  9/16 (56%) tmpl=collapse:REGENBOGENSOFORT@1 IC=0.0356 pos=TXVX | UKWC gamma II-IV-VI rings=AACU stecker=AK BC DM EL FJ IS NO TV
  all-time  9/16 tmpl=collapse:REGENBOGENSOFORT@1 pos=TXVX | UKWC gamma II-IV-VI rings=AACU stecker=AK BC DM EL FJ IS NO TV
Hybrid gen 10/12 pop=12 blockB_greeks=0
  gen-best  9/16 (56%) tmpl=collapse:REGENBOGENSOFORT@1 IC=0.0356 pos=TXVX | UKWC gamma II-IV-VI rings=AACU stecker=AK BC DM EL FJ IS NO TV
  all-time  9/16 tmpl=collapse:REGENBOGENSOFORT@1 pos=TXVX | UKWC gamma II-IV-VI rings=AACU stecker=AK BC DM EL FJ IS NO TV
Hybrid gen 11/12 pop=12 blockB_greeks=0
  gen-best  9/16 (56%) tmpl=collapse:REGENBOGENSOFORT@1 IC=0.0356 pos=TXVX | UKWC gamma II-IV-VI rings=AACU stecker=AK BC DM EL FJ IS NO TV
  all-time  9/16 tmpl=collapse:REGENBOGENSOFORT@1 pos=TXVX | UKWC gamma II-IV-VI rings=AACU stecker=AK BC DM EL FJ IS NO TV
Hybrid gen 12/12 pop=12 blockB_greeks=0
  gen-best  9/16 (56%) tmpl=collapse:REGENBOGENSOFORT@1 IC=0.0356 pos=TXVX | UKWC gamma II-IV-VI rings=AACU stecker=AK BC DM EL FJ IS NO TV
  all-time  9/16 tmpl=collapse:REGENBOGENSOFORT@1 pos=TXVX | UKWC gamma II-IV-VI rings=AACU stecker=AK BC DM EL FJ IS NO TV
ASIC datapath backend: Metal-cleartext-KPA (B=17576 cleartext lanes/Greek)
Stochastic templates: 1 (constrained 16…16)
Shell evolution: ON freeRings=false WO=126 ringSeeds=2 subspace=naval-two-notch-right
Block B Greeks (fixed): (none) — fitness higher=better (KPA letter-match)
Hybrid gen 1/12 pop=12 blockB_greeks=0
  gen-best  7/16 (44%) tmpl=collapse:REGENBOGENSOFORT@3 IC=0.0344 pos=WWIP | UKWB gamma V-IV-VIII rings=AAAA stecker=AO BJ CQ EN FI TY VW
  all-time  7/16 tmpl=collapse:REGENBOGENSOFORT@3 pos=WWIP | UKWB gamma V-IV-VIII rings=AAAA stecker=AO BJ CQ EN FI TY VW
Hybrid gen 2/12 pop=12 blockB_greeks=0
  gen-best  8/16 (50%) tmpl=collapse:REGENBOGENSOFORT@3 IC=0.0395 pos=KFQA | UKWB beta II-IV-VI rings=AACU stecker=BN CG FV JU MR PW SZ
  all-time  8/16 tmpl=collapse:REGENBOGENSOFORT@3 pos=KFQA | UKWB beta II-IV-VI rings=AACU stecker=BN CG FV JU MR PW SZ
Hybrid gen 3/12 pop=12 blockB_greeks=0
  gen-best  8/16 (50%) tmpl=collapse:REGENBOGENSOFORT@3 IC=0.0395 pos=KFQA | UKWB beta II-IV-VI rings=AACU stecker=BN CG FV JU MR PW SZ
  all-time  8/16 tmpl=collapse:REGENBOGENSOFORT@3 pos=KFQA | UKWB beta II-IV-VI rings=AACU stecker=BN CG FV JU MR PW SZ
Hybrid gen 4/12 pop=12 blockB_greeks=0
  gen-best  8/16 (50%) tmpl=collapse:REGENBOGENSOFORT@3 IC=0.0395 pos=KFQA | UKWB beta II-IV-VI rings=AACU stecker=BN CG FV JU MR PW SZ
  all-time  8/16 tmpl=collapse:REGENBOGENSOFORT@3 pos=KFQA | UKWB beta II-IV-VI rings=AACU stecker=BN CG FV JU MR PW SZ
Hybrid gen 5/12 pop=12 blockB_greeks=0
  gen-best  8/16 (50%) tmpl=collapse:REGENBOGENSOFORT@3 IC=0.0395 pos=KFQA | UKWB beta II-IV-VI rings=AACU stecker=BN CG FV JU MR PW SZ
  all-time  8/16 tmpl=collapse:REGENBOGENSOFORT@3 pos=KFQA | UKWB beta II-IV-VI rings=AACU stecker=BN CG FV JU MR PW SZ
Hybrid gen 6/12 pop=12 blockB_greeks=0
  gen-best  8/16 (50%) tmpl=collapse:REGENBOGENSOFORT@3 IC=0.0395 pos=KFQA | UKWB beta II-IV-VI rings=AACU stecker=BN CG FV JU MR PW SZ
  all-time  8/16 tmpl=collapse:REGENBOGENSOFORT@3 pos=KFQA | UKWB beta II-IV-VI rings=AACU stecker=BN CG FV JU MR PW SZ
Hybrid gen 7/12 pop=12 blockB_greeks=0
  gen-best  9/16 (56%) tmpl=collapse:REGENBOGENSOFORT@3 IC=0.0399 pos=GFYX | UKWB gamma II-IV-VI rings=AAAU stecker=AO BN CQ FH JU MR PW SZ TY
  all-time  9/16 tmpl=collapse:REGENBOGENSOFORT@3 pos=GFYX | UKWB gamma II-IV-VI rings=AAAU stecker=AO BN CQ FH JU MR PW SZ TY
Hybrid gen 8/12 pop=12 blockB_greeks=0
  gen-best  9/16 (56%) tmpl=collapse:REGENBOGENSOFORT@3 IC=0.0399 pos=GFYX | UKWB gamma II-IV-VI rings=AAAU stecker=AO BN CQ FH JU MR PW SZ TY
  all-time  9/16 tmpl=collapse:REGENBOGENSOFORT@3 pos=GFYX | UKWB gamma II-IV-VI rings=AAAU stecker=AO BN CQ FH JU MR PW SZ TY
Hybrid gen 9/12 pop=12 blockB_greeks=0
  gen-best  9/16 (56%) tmpl=collapse:REGENBOGENSOFORT@3 IC=0.0399 pos=GFYX | UKWB gamma II-IV-VI rings=AAAU stecker=AO BN CQ FH JU MR PW SZ TY
  all-time  9/16 tmpl=collapse:REGENBOGENSOFORT@3 pos=GFYX | UKWB gamma II-IV-VI rings=AAAU stecker=AO BN CQ FH JU MR PW SZ TY
Hybrid gen 10/12 pop=12 blockB_greeks=0
  gen-best  9/16 (56%) tmpl=collapse:REGENBOGENSOFORT@3 IC=0.0399 pos=GFYX | UKWB gamma II-IV-VI rings=AAAU stecker=AO BN CQ FH JU MR PW SZ TY
  all-time  9/16 tmpl=collapse:REGENBOGENSOFORT@3 pos=GFYX | UKWB gamma II-IV-VI rings=AAAU stecker=AO BN CQ FH JU MR PW SZ TY
Hybrid gen 11/12 pop=12 blockB_greeks=0
  gen-best  9/16 (56%) tmpl=collapse:REGENBOGENSOFORT@3 IC=0.0399 pos=GFYX | UKWB gamma II-IV-VI rings=AAAU stecker=AO BN CQ FH JU MR PW SZ TY
  all-time  9/16 tmpl=collapse:REGENBOGENSOFORT@3 pos=GFYX | UKWB gamma II-IV-VI rings=AAAU stecker=AO BN CQ FH JU MR PW SZ TY
Hybrid gen 12/12 pop=12 blockB_greeks=0
  gen-best  9/16 (56%) tmpl=collapse:REGENBOGENSOFORT@3 IC=0.0399 pos=GFYX | UKWB gamma II-IV-VI rings=AAAU stecker=AO BN CQ FH JU MR PW SZ TY
  all-time  9/16 tmpl=collapse:REGENBOGENSOFORT@3 pos=GFYX | UKWB gamma II-IV-VI rings=AAAU stecker=AO BN CQ FH JU MR PW SZ TY
ASIC datapath backend: Metal-cleartext-KPA (B=17576 cleartext lanes/Greek)
Stochastic templates: 1 (constrained 16…16)
Shell evolution: ON freeRings=false WO=126 ringSeeds=2 subspace=naval-two-notch-right
Block B Greeks (fixed): (none) — fitness higher=better (KPA letter-match)
Hybrid gen 1/12 pop=12 blockB_greeks=0
  gen-best  7/16 (44%) tmpl=collapse:STRGEHEIMMELDUNG@1 IC=0.0379 pos=LNGO | UKWB gamma I-II-VI rings=AAAA stecker=(none)
  all-time  7/16 tmpl=collapse:STRGEHEIMMELDUNG@1 pos=LNGO | UKWB gamma I-II-VI rings=AAAA stecker=(none)
Hybrid gen 2/12 pop=12 blockB_greeks=0
  gen-best  8/16 (50%) tmpl=collapse:STRGEHEIMMELDUNG@1 IC=0.0329 pos=UTPU | UKWB gamma II-VIII-VII rings=AACU stecker=AC DS EW FI HR JP KN LY UV
  all-time  8/16 tmpl=collapse:STRGEHEIMMELDUNG@1 pos=UTPU | UKWB gamma II-VIII-VII rings=AACU stecker=AC DS EW FI HR JP KN LY UV
Hybrid gen 3/12 pop=12 blockB_greeks=0
  gen-best  8/16 (50%) tmpl=collapse:STRGEHEIMMELDUNG@1 IC=0.0329 pos=UTPU | UKWB gamma II-VIII-VII rings=AACU stecker=AC DS EW FI HR JP KN LY UV
  all-time  8/16 tmpl=collapse:STRGEHEIMMELDUNG@1 pos=UTPU | UKWB gamma II-VIII-VII rings=AACU stecker=AC DS EW FI HR JP KN LY UV
Hybrid gen 4/12 pop=12 blockB_greeks=0
  gen-best  8/16 (50%) tmpl=collapse:STRGEHEIMMELDUNG@1 IC=0.0329 pos=UTPU | UKWB gamma II-VIII-VII rings=AACU stecker=AC DS EW FI HR JP KN LY UV
  all-time  8/16 tmpl=collapse:STRGEHEIMMELDUNG@1 pos=UTPU | UKWB gamma II-VIII-VII rings=AACU stecker=AC DS EW FI HR JP KN LY UV
Hybrid gen 5/12 pop=12 blockB_greeks=0
  gen-best  9/16 (56%) tmpl=collapse:STRGEHEIMMELDUNG@1 IC=0.0368 pos=QWEV | UKWB gamma VIII-II-VII rings=AAAA stecker=EK FJ
  all-time  9/16 tmpl=collapse:STRGEHEIMMELDUNG@1 pos=QWEV | UKWB gamma VIII-II-VII rings=AAAA stecker=EK FJ
Hybrid gen 6/12 pop=12 blockB_greeks=0
  gen-best  9/16 (56%) tmpl=collapse:STRGEHEIMMELDUNG@1 IC=0.0368 pos=QWEV | UKWB gamma VIII-II-VII rings=AAAA stecker=EK FJ
  all-time  9/16 tmpl=collapse:STRGEHEIMMELDUNG@1 pos=QWEV | UKWB gamma VIII-II-VII rings=AAAA stecker=EK FJ
Hybrid gen 7/12 pop=12 blockB_greeks=0
  gen-best  9/16 (56%) tmpl=collapse:STRGEHEIMMELDUNG@1 IC=0.0368 pos=QWEV | UKWB gamma VIII-II-VII rings=AAAA stecker=EK FJ
  all-time  9/16 tmpl=collapse:STRGEHEIMMELDUNG@1 pos=QWEV | UKWB gamma VIII-II-VII rings=AAAA stecker=EK FJ
Hybrid gen 8/12 pop=12 blockB_greeks=0
  gen-best  9/16 (56%) tmpl=collapse:STRGEHEIMMELDUNG@1 IC=0.0368 pos=QWEV | UKWB gamma VIII-II-VII rings=AAAA stecker=EK FJ
  all-time  9/16 tmpl=collapse:STRGEHEIMMELDUNG@1 pos=QWEV | UKWB gamma VIII-II-VII rings=AAAA stecker=EK FJ
Hybrid gen 9/12 pop=12 blockB_greeks=0
  gen-best  9/16 (56%) tmpl=collapse:STRGEHEIMMELDUNG@1 IC=0.0368 pos=QWEV | UKWB gamma VIII-II-VII rings=AAAA stecker=EK FJ
  all-time  9/16 tmpl=collapse:STRGEHEIMMELDUNG@1 pos=QWEV | UKWB gamma VIII-II-VII rings=AAAA stecker=EK FJ
Hybrid gen 10/12 pop=12 blockB_greeks=0
  gen-best  9/16 (56%) tmpl=collapse:STRGEHEIMMELDUNG@1 IC=0.0368 pos=QWEV | UKWB gamma VIII-II-VII rings=AAAA stecker=EK FJ
  all-time  9/16 tmpl=collapse:STRGEHEIMMELDUNG@1 pos=QWEV | UKWB gamma VIII-II-VII rings=AAAA stecker=EK FJ
Hybrid gen 11/12 pop=12 blockB_greeks=0
  gen-best  9/16 (56%) tmpl=collapse:STRGEHEIMMELDUNG@1 IC=0.0368 pos=QWEV | UKWB gamma VIII-II-VII rings=AAAA stecker=EK FJ
  all-time  9/16 tmpl=collapse:STRGEHEIMMELDUNG@1 pos=QWEV | UKWB gamma VIII-II-VII rings=AAAA stecker=EK FJ
Hybrid gen 12/12 pop=12 blockB_greeks=0
  gen-best  9/16 (56%) tmpl=collapse:STRGEHEIMMELDUNG@1 IC=0.0368 pos=QWEV | UKWB gamma VIII-II-VII rings=AAAA stecker=EK FJ
  all-time  9/16 tmpl=collapse:STRGEHEIMMELDUNG@1 pos=QWEV | UKWB gamma VIII-II-VII rings=AAAA stecker=EK FJ
HELUT — Stochastic Bombe vs P1030680 [RIGOR]
Ciphertext: JCRSAJTGSJEYEXYKKZZSHVUOCTRFRCRPFVYPLKPPLGRHVVBBTBRSXSWXGGTYTVKQNGSCHVGF
Fitness: match RATIO (×1000 + absolute); halt on exact constrained match
Survivor bar: ratio ≥ 80% AND ≥ noiseFloor + 10%
Templates: Fixtures/p1030680_stochastic_collapse_rigor24.json → 24 masks (constrained 16…20)
  [19] collapse:ALLEBOOTESVERSEN@3
  [19] collapse:ALLEBOOTESVERSEN@5
  [18] collapse:stack:DOENITZDOENI@0
  [18] collapse:stack:DOENITZDOENI@2
  [18] collapse:stack:FLENSBURGFLE@0
  [18] collapse:stack:FLENSBURGFLE@2
  [18] collapse:stack:GEHEIMGEHEIM@0
  [18] collapse:stack:GEHEIMGEHEIM@2
  [18] collapse:stack:MELDENMELDEN@1
  [18] collapse:stack:REGENBOGENRE@3
  [18] collapse:stack:SOFORTSOFORT@0
  [17] collapse:ALLESTELLENMELDE@2
  [17] collapse:ALLESTELLENMELDE@5
  [17] collapse:NICHTKAPITULIERE@0
  [17] collapse:NICHTKAPITULIERE@1
  [16] collapse:DOENITZFLENSBURG@0
  [16] collapse:DOENITZFLENSBURG@2
  [16] collapse:FLENSBURGDOENITZ@0
  [16] collapse:FLENSBURGDOENITZ@5
  [16] collapse:FUNKSTELLEMELDEN@0
  [16] collapse:FUNKSTELLEMELDEN@2
  [16] collapse:REGENBOGENSOFORT@1
  [16] collapse:REGENBOGENSOFORT@3
  [16] collapse:STRGEHEIMMELDUNG@1
Subspaces: potsdam, two-notch
GA: pop=12 gens=12 hill=16 noiseSamples=8 evolveShell=true freeRings=false

════════ subspace potsdam-neighbourhood (WO=6) ════════
——— [potsdam-neighbourhood] 1/24 collapse:ALLEBOOTESVERSEN@3 (19) ———
  noiseFloor: 7/19 (37%) over 8 random shells
  → 9/19 (47%) noise=37% Δ=+11% reject pos=KIJS IC=0.0430
    UKWB beta III-IV-VIII rings=AAAA stecker=AG CJ DU EV FH LZ MR OP ST XY
——— [potsdam-neighbourhood] 2/24 collapse:ALLEBOOTESVERSEN@5 (19) ———
  noiseFloor: 8/19 (42%) over 8 random shells
  → 9/19 (47%) noise=42% Δ=+5% reject pos=IQNA IC=0.0360
    UKWB beta VIII-IV-III rings=AAAA stecker=FO JR NZ SY
——— [potsdam-neighbourhood] 3/24 collapse:stack:DOENITZDOENI@0 (18) ———
  noiseFloor: 7/18 (39%) over 8 random shells
  → 11/18 (61%) noise=39% Δ=+22% reject pos=YVQV IC=0.0415
    UKWC beta III-VIII-IV rings=AACU stecker=CS FI GM HY KR NZ
——— [potsdam-neighbourhood] 4/24 collapse:stack:DOENITZDOENI@2 (18) ———
  noiseFloor: 8/18 (44%) over 8 random shells
  → 11/18 (61%) noise=44% Δ=+17% reject pos=GNZU IC=0.0391
    UKWC gamma VIII-IV-III rings=AAAA stecker=BF DN EY GK LP RU VX
——— [potsdam-neighbourhood] 5/24 collapse:stack:FLENSBURGFLE@0 (18) ———
  noiseFloor: 7/18 (39%) over 8 random shells
  → 9/18 (50%) noise=39% Δ=+11% reject pos=BFKB IC=0.0403
    UKWC gamma VIII-III-IV rings=AAAA stecker=CN EH FU IV OY QX WZ
——— [potsdam-neighbourhood] 6/24 collapse:stack:FLENSBURGFLE@2 (18) ———
  noiseFloor: 8/18 (44%) over 8 random shells
  → 11/18 (61%) noise=44% Δ=+17% reject pos=GAKE IC=0.0372
    UKWC gamma VIII-IV-III rings=AAAA stecker=CT DJ FO SZ
——— [potsdam-neighbourhood] 7/24 collapse:stack:GEHEIMGEHEIM@0 (18) ———
  noiseFloor: 7/18 (39%) over 8 random shells
  → 10/18 (56%) noise=39% Δ=+17% reject pos=HLHO IC=0.0466
    UKWC gamma IV-VIII-III rings=AAAA stecker=AL BS CZ DU ET GI HP JO QR WX
——— [potsdam-neighbourhood] 8/24 collapse:stack:GEHEIMGEHEIM@2 (18) ———
  noiseFloor: 7/18 (39%) over 8 random shells
  → 9/18 (50%) noise=39% Δ=+11% reject pos=IRBK IC=0.0423
    UKWB beta VIII-IV-III rings=AACA stecker=PY WX
——— [potsdam-neighbourhood] 9/24 collapse:stack:MELDENMELDEN@1 (18) ———
  noiseFloor: 8/18 (44%) over 8 random shells
  → 11/18 (61%) noise=44% Δ=+17% reject pos=POFH IC=0.0419
    UKWB gamma IV-III-VIII rings=AAAA stecker=BD CZ EF GR IS JU KL NW OT XY
——— [potsdam-neighbourhood] 10/24 collapse:stack:REGENBOGENRE@3 (18) ———
  noiseFloor: 9/18 (50%) over 8 random shells
  → 10/18 (56%) noise=50% Δ=+6% reject pos=WGBC IC=0.0360
    UKWB beta VIII-III-IV rings=AACU stecker=AI BU CY DV EM GZ HK JL RS WX
——— [potsdam-neighbourhood] 11/24 collapse:stack:SOFORTSOFORT@0 (18) ———
  noiseFloor: 7/18 (39%) over 8 random shells
  → 10/18 (56%) noise=39% Δ=+17% reject pos=WNMF IC=0.0356
    UKWC gamma IV-III-VIII rings=AACU stecker=AS DX IW OR TV YZ
——— [potsdam-neighbourhood] 12/24 collapse:ALLESTELLENMELDE@2 (17) ———
  noiseFloor: 7/17 (41%) over 8 random shells
  → 10/17 (59%) noise=41% Δ=+18% reject pos=BNDZ IC=0.0356
    UKWC beta VIII-IV-III rings=AACA stecker=AS BG HM NV UX
——— [potsdam-neighbourhood] 13/24 collapse:ALLESTELLENMELDE@5 (17) ———
  noiseFloor: 7/17 (41%) over 8 random shells
  → 11/17 (65%) noise=41% Δ=+24% reject pos=COTI IC=0.0411
    UKWB beta III-VIII-IV rings=AAAA stecker=BK DN EU FJ HV IS LY MZ OX
——— [potsdam-neighbourhood] 14/24 collapse:NICHTKAPITULIERE@0 (17) ———
  noiseFloor: 7/17 (41%) over 8 random shells
  → 10/17 (59%) noise=41% Δ=+18% reject pos=WUSH IC=0.0376
    UKWB beta III-VIII-IV rings=AAAA stecker=AV BE DP HL IO JU KQ MZ RS XY
——— [potsdam-neighbourhood] 15/24 collapse:NICHTKAPITULIERE@1 (17) ———
  noiseFloor: 7/17 (41%) over 8 random shells
  → 9/17 (53%) noise=41% Δ=+12% reject pos=URRK IC=0.0395
    UKWB beta IV-III-VIII rings=AAAA stecker=AT BS FG HN IO KR QU VY XZ
——— [potsdam-neighbourhood] 16/24 collapse:DOENITZFLENSBURG@0 (16) ———
  noiseFloor: 7/16 (44%) over 8 random shells
  → 11/16 (69%) noise=44% Δ=+25% reject pos=DLPQ IC=0.0450
    UKWC gamma VIII-III-IV rings=AACU stecker=DU FH KY LS MR OQ TW
——— [potsdam-neighbourhood] 17/24 collapse:DOENITZFLENSBURG@2 (16) ———
  noiseFloor: 7/16 (44%) over 8 random shells
  → 10/16 (62%) noise=44% Δ=+19% reject pos=DGJQ IC=0.0450
    UKWB gamma IV-VIII-III rings=AACU stecker=AM BU DR FJ HI NQ
——— [potsdam-neighbourhood] 18/24 collapse:FLENSBURGDOENITZ@0 (16) ———
  noiseFloor: 7/16 (44%) over 8 random shells
  → 9/16 (56%) noise=44% Δ=+12% reject pos=PNQT IC=0.0391
    UKWB beta IV-VIII-III rings=AACU stecker=AB DN FW GQ IP JL
——— [potsdam-neighbourhood] 19/24 collapse:FLENSBURGDOENITZ@5 (16) ———
  noiseFloor: 7/16 (44%) over 8 random shells
  → 9/16 (56%) noise=44% Δ=+12% reject pos=QNCR IC=0.0446
    UKWC beta III-IV-VIII rings=AACU stecker=DE IN SW
——— [potsdam-neighbourhood] 20/24 collapse:FUNKSTELLEMELDEN@0 (16) ———
  noiseFloor: 7/16 (44%) over 8 random shells
  → 10/16 (62%) noise=44% Δ=+19% reject pos=IDDF IC=0.0403
    UKWC gamma IV-VIII-III rings=AAAA stecker=GZ KQ MV RW
——— [potsdam-neighbourhood] 21/24 collapse:FUNKSTELLEMELDEN@2 (16) ———
  noiseFloor: 7/16 (44%) over 8 random shells
  → 10/16 (62%) noise=44% Δ=+19% reject pos=ALMK IC=0.0329
    UKWC beta VIII-III-IV rings=AAAA stecker=BL DX MQ OP
——— [potsdam-neighbourhood] 22/24 collapse:REGENBOGENSOFORT@1 (16) ———
  noiseFloor: 7/16 (44%) over 8 random shells
  → 9/16 (56%) noise=44% Δ=+12% reject pos=WPYD IC=0.0364
    UKWC beta III-VIII-IV rings=AACU stecker=AR BT CM DQ EO FW GN HK LX SY
——— [potsdam-neighbourhood] 23/24 collapse:REGENBOGENSOFORT@3 (16) ———
  noiseFloor: 7/16 (44%) over 8 random shells
  → 10/16 (62%) noise=44% Δ=+19% reject pos=BRSR IC=0.0368
    UKWB gamma III-IV-VIII rings=AACU stecker=AT BV CS FO IJ KY XZ
——— [potsdam-neighbourhood] 24/24 collapse:STRGEHEIMMELDUNG@1 (16) ———
  noiseFloor: 8/16 (50%) over 8 random shells
  → 9/16 (56%) noise=50% Δ=+6% reject pos=ELCW IC=0.0477
    UKWB gamma IV-III-VIII rings=AACU stecker=AO BV CK DF GM NT PQ RY SX UW
════════ subspace naval-two-notch-right (WO=126) ════════
——— [naval-two-notch-right] 1/24 collapse:ALLEBOOTESVERSEN@3 (19) ———
  noiseFloor: 8/19 (42%) over 8 random shells
  → 10/19 (53%) noise=42% Δ=+11% reject pos=WMGG IC=0.0356
    UKWB gamma VI-I-VIII rings=AACU stecker=AR DV EI FX GN HQ KL
——— [naval-two-notch-right] 2/24 collapse:ALLEBOOTESVERSEN@5 (19) ———
  noiseFloor: 9/19 (47%) over 8 random shells
  → 11/19 (58%) noise=47% Δ=+11% reject pos=IXNA IC=0.0469
    UKWC beta VI-II-VIII rings=AACU stecker=AK BT CO HY QV RX UZ
——— [naval-two-notch-right] 3/24 collapse:stack:DOENITZDOENI@0 (18) ———
  noiseFloor: 8/18 (44%) over 8 random shells
  → 9/18 (50%) noise=44% Δ=+6% reject pos=QGOF IC=0.0364
    UKWC gamma IV-VIII-VII rings=AACU stecker=AK BF DZ GI HJ LR NV SY
——— [naval-two-notch-right] 4/24 collapse:stack:DOENITZDOENI@2 (18) ———
  noiseFloor: 7/18 (39%) over 8 random shells
  → 9/18 (50%) noise=39% Δ=+11% reject pos=EJJZ IC=0.0426
    UKWC beta IV-VII-VI rings=AAAA stecker=CP IN OZ
——— [naval-two-notch-right] 5/24 collapse:stack:FLENSBURGFLE@0 (18) ———
  noiseFloor: 7/18 (39%) over 8 random shells
  → 10/18 (56%) noise=39% Δ=+17% reject pos=UFUA IC=0.0446
    UKWC beta IV-III-VIII rings=AACU stecker=AN BT DK EJ FM GX HP IO QU WY
——— [naval-two-notch-right] 6/24 collapse:stack:FLENSBURGFLE@2 (18) ———
  noiseFloor: 8/18 (44%) over 8 random shells
  → 10/18 (56%) noise=44% Δ=+11% reject pos=IZMF IC=0.0356
    UKWB gamma III-V-VI rings=AACU stecker=DT JY
——— [naval-two-notch-right] 7/24 collapse:stack:GEHEIMGEHEIM@0 (18) ———
  noiseFloor: 8/18 (44%) over 8 random shells
  → 10/18 (56%) noise=44% Δ=+11% reject pos=KTYR IC=0.0395
    UKWB gamma VI-I-VIII rings=AACU stecker=AD BS EH FU JX KY VZ
——— [naval-two-notch-right] 8/24 collapse:stack:GEHEIMGEHEIM@2 (18) ———
  noiseFloor: 7/18 (39%) over 8 random shells
  → 11/18 (61%) noise=39% Δ=+22% reject pos=HUHQ IC=0.0462
    UKWC gamma III-II-VI rings=AAAU stecker=DY FJ
——— [naval-two-notch-right] 9/24 collapse:stack:MELDENMELDEN@1 (18) ———
  noiseFloor: 8/18 (44%) over 8 random shells
  → 10/18 (56%) noise=44% Δ=+11% reject pos=BAKJ IC=0.0430
    UKWC beta VI-V-VII rings=AAAA stecker=AD BP EM GW HR IX OS QT YZ
——— [naval-two-notch-right] 10/24 collapse:stack:REGENBOGENRE@3 (18) ———
  noiseFloor: 7/18 (39%) over 8 random shells
  → 10/18 (56%) noise=39% Δ=+17% reject pos=LVCZ IC=0.0423
    UKWC beta I-VII-VI rings=AAAA stecker=AB FZ GX HT KL OP RY
——— [naval-two-notch-right] 11/24 collapse:stack:SOFORTSOFORT@0 (18) ———
  noiseFloor: 7/18 (39%) over 8 random shells
  → 10/18 (56%) noise=39% Δ=+17% reject pos=HFLJ IC=0.0368
    UKWB beta III-VI-VIII rings=AACU stecker=BS ER GK JW MY NZ
——— [naval-two-notch-right] 12/24 collapse:ALLESTELLENMELDE@2 (17) ———
  noiseFloor: 7/17 (41%) over 8 random shells
  → 10/17 (59%) noise=41% Δ=+18% reject pos=SEJF IC=0.0411
    UKWC gamma IV-V-VIII rings=AACU stecker=AX BN DS HQ MT RW
——— [naval-two-notch-right] 13/24 collapse:ALLESTELLENMELDE@5 (17) ———
  noiseFloor: 7/17 (41%) over 8 random shells
  → 9/17 (53%) noise=41% Δ=+12% reject pos=TVIW IC=0.0423
    UKWB gamma III-IV-VII rings=AAAA stecker=AS DI
——— [naval-two-notch-right] 14/24 collapse:NICHTKAPITULIERE@0 (17) ———
  noiseFloor: 7/17 (41%) over 8 random shells
  → 11/17 (65%) noise=41% Δ=+24% reject pos=ITNW IC=0.0391
    UKWC gamma IV-V-VII rings=AAAA stecker=CF DK GS HR LU NT PX
——— [naval-two-notch-right] 15/24 collapse:NICHTKAPITULIERE@1 (17) ———
  noiseFloor: 7/17 (41%) over 8 random shells
  → 10/17 (59%) noise=41% Δ=+18% reject pos=MIDA IC=0.0348
    UKWC beta I-VI-VII rings=AAAA stecker=AE KU LM OT
——— [naval-two-notch-right] 16/24 collapse:DOENITZFLENSBURG@0 (16) ———
  noiseFloor: 7/16 (44%) over 8 random shells
  → 10/16 (62%) noise=44% Δ=+19% reject pos=WGTT IC=0.0379
    UKWC beta I-VI-VIII rings=AAAU stecker=AH DW EP FO GI KV LR MN QT
——— [naval-two-notch-right] 17/24 collapse:DOENITZFLENSBURG@2 (16) ———
  noiseFloor: 7/16 (44%) over 8 random shells
  → 10/16 (62%) noise=44% Δ=+19% reject pos=HDFU IC=0.0329
    UKWB gamma VII-V-VIII rings=AACU stecker=AD CY EL FK GO IZ JM QS RW VX
——— [naval-two-notch-right] 18/24 collapse:FLENSBURGDOENITZ@0 (16) ———
  noiseFloor: 7/16 (44%) over 8 random shells
  → 9/16 (56%) noise=44% Δ=+12% reject pos=UFOV IC=0.0419
    UKWC beta VIII-III-VII rings=AACU stecker=BM CP EF GX TW
——— [naval-two-notch-right] 19/24 collapse:FLENSBURGDOENITZ@5 (16) ———
  noiseFloor: 7/16 (44%) over 8 random shells
  → 9/16 (56%) noise=44% Δ=+12% reject pos=HNTD IC=0.0376
    UKWB beta IV-III-VI rings=AAAA stecker=AD MR ST UW
——— [naval-two-notch-right] 20/24 collapse:FUNKSTELLEMELDEN@0 (16) ———
  noiseFloor: 8/16 (50%) over 8 random shells
  → 10/16 (62%) noise=50% Δ=+12% reject pos=QUTP IC=0.0407
    UKWC gamma VIII-VI-VII rings=AAAA stecker=AV CO IL MT PW
——— [naval-two-notch-right] 21/24 collapse:FUNKSTELLEMELDEN@2 (16) ———
  noiseFloor: 7/16 (44%) over 8 random shells
  → 9/16 (56%) noise=44% Δ=+12% reject pos=LPFG IC=0.0399
    UKWC gamma I-V-VIII rings=AAAA stecker=BW FG HX IL OT PS
——— [naval-two-notch-right] 22/24 collapse:REGENBOGENSOFORT@1 (16) ———
  noiseFloor: 7/16 (44%) over 8 random shells
  → 9/16 (56%) noise=44% Δ=+12% reject pos=TXVX IC=0.0356
    UKWC gamma II-IV-VI rings=AACU stecker=AK BC DM EL FJ IS NO TV
——— [naval-two-notch-right] 23/24 collapse:REGENBOGENSOFORT@3 (16) ———
  noiseFloor: 7/16 (44%) over 8 random shells
  → 9/16 (56%) noise=44% Δ=+12% reject pos=GFYX IC=0.0399
    UKWB gamma II-IV-VI rings=AAAU stecker=AO BN CQ FH JU MR PW SZ TY
——— [naval-two-notch-right] 24/24 collapse:STRGEHEIMMELDUNG@1 (16) ———
  noiseFloor: 8/16 (50%) over 8 random shells
  → 9/16 (56%) noise=50% Δ=+6% reject pos=QWEV IC=0.0368
    UKWB gamma VIII-II-VII rings=AAAA stecker=EK FJ

——— RIGOR SUMMARY (by ratio) ———
   68.8%  11/16  noise=  44% Δ=+25.0%  potsdam-neighbourhood  collapse:DOENITZFLENSBURG@0  | UKWC gamma VIII-III-IV rings=AACU stecker=DU FH KY LS MR OQ TW
   64.7%  11/17  noise=  41% Δ=+23.5%  potsdam-neighbourhood  collapse:ALLESTELLENMELDE@5  | UKWB beta III-VIII-IV rings=AAAA stecker=BK DN EU FJ HV IS LY MZ OX
   64.7%  11/17  noise=  41% Δ=+23.5%  naval-two-notch-right  collapse:NICHTKAPITULIERE@0  | UKWC gamma IV-V-VII rings=AAAA stecker=CF DK GS HR LU NT PX
   62.5%  10/16  noise=  44% Δ=+18.8%  potsdam-neighbourhood  collapse:DOENITZFLENSBURG@2  | UKWB gamma IV-VIII-III rings=AACU stecker=AM BU DR FJ HI NQ
   62.5%  10/16  noise=  44% Δ=+18.8%  potsdam-neighbourhood  collapse:FUNKSTELLEMELDEN@0  | UKWC gamma IV-VIII-III rings=AAAA stecker=GZ KQ MV RW
   62.5%  10/16  noise=  44% Δ=+18.8%  potsdam-neighbourhood  collapse:FUNKSTELLEMELDEN@2  | UKWC beta VIII-III-IV rings=AAAA stecker=BL DX MQ OP
   62.5%  10/16  noise=  44% Δ=+18.8%  potsdam-neighbourhood  collapse:REGENBOGENSOFORT@3  | UKWB gamma III-IV-VIII rings=AACU stecker=AT BV CS FO IJ KY XZ
   62.5%  10/16  noise=  44% Δ=+18.8%  naval-two-notch-right  collapse:DOENITZFLENSBURG@0  | UKWC beta I-VI-VIII rings=AAAU stecker=AH DW EP FO GI KV LR MN QT
   62.5%  10/16  noise=  44% Δ=+18.8%  naval-two-notch-right  collapse:DOENITZFLENSBURG@2  | UKWB gamma VII-V-VIII rings=AACU stecker=AD CY EL FK GO IZ JM QS RW VX
   62.5%  10/16  noise=  50% Δ=+12.5%  naval-two-notch-right  collapse:FUNKSTELLEMELDEN@0  | UKWC gamma VIII-VI-VII rings=AAAA stecker=AV CO IL MT PW
   61.1%  11/18  noise=  39% Δ=+22.2%  potsdam-neighbourhood  collapse:stack:DOENITZDOENI@0  | UKWC beta III-VIII-IV rings=AACU stecker=CS FI GM HY KR NZ
   61.1%  11/18  noise=  44% Δ=+16.7%  potsdam-neighbourhood  collapse:stack:DOENITZDOENI@2  | UKWC gamma VIII-IV-III rings=AAAA stecker=BF DN EY GK LP RU VX
   61.1%  11/18  noise=  44% Δ=+16.7%  potsdam-neighbourhood  collapse:stack:FLENSBURGFLE@2  | UKWC gamma VIII-IV-III rings=AAAA stecker=CT DJ FO SZ
   61.1%  11/18  noise=  44% Δ=+16.7%  potsdam-neighbourhood  collapse:stack:MELDENMELDEN@1  | UKWB gamma IV-III-VIII rings=AAAA stecker=BD CZ EF GR IS JU KL NW OT XY
   61.1%  11/18  noise=  39% Δ=+22.2%  naval-two-notch-right  collapse:stack:GEHEIMGEHEIM@2  | UKWC gamma III-II-VI rings=AAAU stecker=DY FJ
   58.8%  10/17  noise=  41% Δ=+17.6%  potsdam-neighbourhood  collapse:ALLESTELLENMELDE@2  | UKWC beta VIII-IV-III rings=AACA stecker=AS BG HM NV UX
   58.8%  10/17  noise=  41% Δ=+17.6%  potsdam-neighbourhood  collapse:NICHTKAPITULIERE@0  | UKWB beta III-VIII-IV rings=AAAA stecker=AV BE DP HL IO JU KQ MZ RS XY
   58.8%  10/17  noise=  41% Δ=+17.6%  naval-two-notch-right  collapse:ALLESTELLENMELDE@2  | UKWC gamma IV-V-VIII rings=AACU stecker=AX BN DS HQ MT RW
   58.8%  10/17  noise=  41% Δ=+17.6%  naval-two-notch-right  collapse:NICHTKAPITULIERE@1  | UKWC beta I-VI-VII rings=AAAA stecker=AE KU LM OT
   57.9%  11/19  noise=  47% Δ=+10.5%  naval-two-notch-right  collapse:ALLEBOOTESVERSEN@5  | UKWC beta VI-II-VIII rings=AACU stecker=AK BT CO HY QV RX UZ
   56.2%   9/16  noise=  44% Δ=+12.5%  potsdam-neighbourhood  collapse:FLENSBURGDOENITZ@0  | UKWB beta IV-VIII-III rings=AACU stecker=AB DN FW GQ IP JL
   56.2%   9/16  noise=  44% Δ=+12.5%  potsdam-neighbourhood  collapse:FLENSBURGDOENITZ@5  | UKWC beta III-IV-VIII rings=AACU stecker=DE IN SW
   56.2%   9/16  noise=  44% Δ=+12.5%  potsdam-neighbourhood  collapse:REGENBOGENSOFORT@1  | UKWC beta III-VIII-IV rings=AACU stecker=AR BT CM DQ EO FW GN HK LX SY
   56.2%   9/16  noise=  50% Δ= +6.2%  potsdam-neighbourhood  collapse:STRGEHEIMMELDUNG@1  | UKWB gamma IV-III-VIII rings=AACU stecker=AO BV CK DF GM NT PQ RY SX UW
   56.2%   9/16  noise=  44% Δ=+12.5%  naval-two-notch-right  collapse:FLENSBURGDOENITZ@0  | UKWC beta VIII-III-VII rings=AACU stecker=BM CP EF GX TW
   56.2%   9/16  noise=  44% Δ=+12.5%  naval-two-notch-right  collapse:FLENSBURGDOENITZ@5  | UKWB beta IV-III-VI rings=AAAA stecker=AD MR ST UW
   56.2%   9/16  noise=  44% Δ=+12.5%  naval-two-notch-right  collapse:FUNKSTELLEMELDEN@2  | UKWC gamma I-V-VIII rings=AAAA stecker=BW FG HX IL OT PS
   56.2%   9/16  noise=  44% Δ=+12.5%  naval-two-notch-right  collapse:REGENBOGENSOFORT@1  | UKWC gamma II-IV-VI rings=AACU stecker=AK BC DM EL FJ IS NO TV
   56.2%   9/16  noise=  44% Δ=+12.5%  naval-two-notch-right  collapse:REGENBOGENSOFORT@3  | UKWB gamma II-IV-VI rings=AAAU stecker=AO BN CQ FH JU MR PW SZ TY
   56.2%   9/16  noise=  50% Δ= +6.2%  naval-two-notch-right  collapse:STRGEHEIMMELDUNG@1  | UKWB gamma VIII-II-VII rings=AAAA stecker=EK FJ
   55.6%  10/18  noise=  39% Δ=+16.7%  potsdam-neighbourhood  collapse:stack:GEHEIMGEHEIM@0  | UKWC gamma IV-VIII-III rings=AAAA stecker=AL BS CZ DU ET GI HP JO QR WX
   55.6%  10/18  noise=  50% Δ= +5.6%  potsdam-neighbourhood  collapse:stack:REGENBOGENRE@3  | UKWB beta VIII-III-IV rings=AACU stecker=AI BU CY DV EM GZ HK JL RS WX
   55.6%  10/18  noise=  39% Δ=+16.7%  potsdam-neighbourhood  collapse:stack:SOFORTSOFORT@0  | UKWC gamma IV-III-VIII rings=AACU stecker=AS DX IW OR TV YZ
   55.6%  10/18  noise=  39% Δ=+16.7%  naval-two-notch-right  collapse:stack:FLENSBURGFLE@0  | UKWC beta IV-III-VIII rings=AACU stecker=AN BT DK EJ FM GX HP IO QU WY
   55.6%  10/18  noise=  44% Δ=+11.1%  naval-two-notch-right  collapse:stack:FLENSBURGFLE@2  | UKWB gamma III-V-VI rings=AACU stecker=DT JY
   55.6%  10/18  noise=  44% Δ=+11.1%  naval-two-notch-right  collapse:stack:GEHEIMGEHEIM@0  | UKWB gamma VI-I-VIII rings=AACU stecker=AD BS EH FU JX KY VZ
   55.6%  10/18  noise=  44% Δ=+11.1%  naval-two-notch-right  collapse:stack:MELDENMELDEN@1  | UKWC beta VI-V-VII rings=AAAA stecker=AD BP EM GW HR IX OS QT YZ
   55.6%  10/18  noise=  39% Δ=+16.7%  naval-two-notch-right  collapse:stack:REGENBOGENRE@3  | UKWC beta I-VII-VI rings=AAAA stecker=AB FZ GX HT KL OP RY
   55.6%  10/18  noise=  39% Δ=+16.7%  naval-two-notch-right  collapse:stack:SOFORTSOFORT@0  | UKWB beta III-VI-VIII rings=AACU stecker=BS ER GK JW MY NZ
   52.9%   9/17  noise=  41% Δ=+11.8%  potsdam-neighbourhood  collapse:NICHTKAPITULIERE@1  | UKWB beta IV-III-VIII rings=AAAA stecker=AT BS FG HN IO KR QU VY XZ
   52.9%   9/17  noise=  41% Δ=+11.8%  naval-two-notch-right  collapse:ALLESTELLENMELDE@5  | UKWB gamma III-IV-VII rings=AAAA stecker=AS DI
   52.6%  10/19  noise=  42% Δ=+10.5%  naval-two-notch-right  collapse:ALLEBOOTESVERSEN@3  | UKWB gamma VI-I-VIII rings=AACU stecker=AR DV EI FX GN HQ KL
   50.0%   9/18  noise=  39% Δ=+11.1%  potsdam-neighbourhood  collapse:stack:FLENSBURGFLE@0  | UKWC gamma VIII-III-IV rings=AAAA stecker=CN EH FU IV OY QX WZ
   50.0%   9/18  noise=  39% Δ=+11.1%  potsdam-neighbourhood  collapse:stack:GEHEIMGEHEIM@2  | UKWB beta VIII-IV-III rings=AACA stecker=PY WX
   50.0%   9/18  noise=  44% Δ= +5.6%  naval-two-notch-right  collapse:stack:DOENITZDOENI@0  | UKWC gamma IV-VIII-VII rings=AACU stecker=AK BF DZ GI HJ LR NV SY
   50.0%   9/18  noise=  39% Δ=+11.1%  naval-two-notch-right  collapse:stack:DOENITZDOENI@2  | UKWC beta IV-VII-VI rings=AAAA stecker=CP IN OZ
   47.4%   9/19  noise=  37% Δ=+10.5%  potsdam-neighbourhood  collapse:ALLEBOOTESVERSEN@3  | UKWB beta III-IV-VIII rings=AAAA stecker=AG CJ DU EV FH LZ MR OP ST XY
   47.4%   9/19  noise=  42% Δ= +5.3%  potsdam-neighbourhood  collapse:ALLEBOOTESVERSEN@5  | UKWB beta VIII-IV-III rings=AAAA stecker=FO JR NZ SY

Elapsed: 210.4 s
Survivors (≥80% and ≥noise+10%): 0
*** CLEAN NEGATIVE under rigor bar — templates/prior not near-true ***
Next: invent new structural hypotheses; do not burn catalog rings yet.
Wrote logs/stochastic-bombe-p1030680-rigor.json
See stochastic-bombe.md / BREAK_P1030680.md Phase 18
